function_name,replica_id,request_id,probe_simtime,probe_t_exec,inv_t_start,inv_t_exec,inv_node,t_exec_match,simtime_match
autoscale-python-pi,1683514322544,63,4.647349687888395,0.2,4.647349687888395,0.20000000000000018,server_0,True,True
autoscale-python-pi,1683514322544,71,4.918218078754839,0.2,4.918218078754839,0.20000000000000018,server_0,True,True
autoscale-python-pi,1683514322544,79,5.112626630506689,0.2,5.112626630506689,0.20000000000000018,server_0,True,True
autoscale-python-pi,1683514322544,87,5.3351086909002134,0.2,5.3351086909002134,0.20000000000000018,server_0,True,True
autoscale-python-pi,1683514322544,95,5.709238512345049,0.2,5.709238512345049,0.20000000000000018,server_0,True,True
autoscale-python-pi,1683514322544,103,6.042107039621667,0.2,6.042107039621667,0.20000000000000018,server_0,True,True
autoscale-python-pi,1683514322544,111,6.193728265519762,0.2,6.193728265519762,0.20000000000000018,server_0,True,True
autoscale-python-pi,1683514322544,119,6.361250256120224,0.2,6.361250256120224,0.20000000000000018,server_0,True,True
autoscale-python-pi,1683514322544,127,6.719725728024182,0.2,6.719725728024182,0.20000000000000018,server_0,True,True
autoscale-python-pi,1683514322544,135,6.943564057067045,0.2,6.943564057067045,0.20000000000000018,server_0,True,True
autoscale-python-pi,1683514322544,143,7.404874172876175,0.2,7.404874172876175,0.20000000000000018,server_0,True,True
autoscale-python-pi,1683514322544,151,7.514925858696165,0.2,7.514925858696165,0.20000000000000018,server_0,True,True
autoscale-python-pi,1683514322544,159,7.810386158271243,0.2,7.810386158271243,0.1999999999999993,server_0,True,True
autoscale-python-pi,1683514322544,167,7.925426078459486,0.2,7.925426078459486,0.1999999999999993,server_0,True,True
autoscale-python-pi,1683514322544,175,8.106413257782707,0.2,8.106413257782707,0.1999999999999993,server_0,True,True
autoscale-python-pi,1683514322544,183,8.290089654046247,0.2,8.290089654046247,0.1999999999999993,server_0,True,True
autoscale-python-pi,1683514322544,191,8.59749536586987,0.2,8.59749536586987,0.1999999999999993,server_0,True,True
autoscale-python-pi,1683514322544,199,8.752022928607413,0.2,8.752022928607413,0.1999999999999993,server_0,True,True
autoscale-python-pi,1683514322544,207,8.977514946238255,0.2,8.977514946238255,0.1999999999999993,server_0,True,True
autoscale-python-pi,1683514322544,215,9.245905774891911,0.2,9.245905774891911,0.1999999999999993,server_0,True,True
autoscale-python-pi,1683514322544,223,9.437448281378002,0.2,9.437448281378002,0.1999999999999993,server_0,True,True
autoscale-python-pi,1683514322544,231,9.557192904858827,0.2,9.557192904858827,0.1999999999999993,server_0,True,True
autoscale-python-pi,1683514322544,239,9.765211321461479,0.2,9.765211321461479,0.1999999999999993,server_0,True,True
autoscale-python-pi,1683514322544,247,9.937251217748075,0.2,9.937251217748075,0.1999999999999993,server_0,True,True
autoscale-python-pi,1683514322544,255,10.15799313635893,0.2,10.15799313635893,0.1999999999999993,server_0,True,True
autoscale-python-pi,1683514322544,263,10.303485789446905,0.2,10.303485789446905,0.1999999999999993,server_0,True,True
autoscale-python-pi,1683514322544,271,10.511055652031379,0.2,10.511055652031379,0.1999999999999993,server_0,True,True
autoscale-python-pi,1683514322544,279,10.636467647433925,0.2,10.636467647433925,0.1999999999999993,server_0,True,True
autoscale-python-pi,1683514322544,287,10.850204758445358,0.2,10.850204758445358,0.1999999999999993,server_0,True,True
autoscale-python-pi,1683514322544,295,11.05432080634144,0.2,11.05432080634144,0.1999999999999993,server_0,True,True
autoscale-python-pi,1683514322544,303,11.351025704079342,0.2,11.351025704079342,0.1999999999999993,server_0,True,True
autoscale-python-pi,1683514322544,311,11.722826174323771,0.2,11.722826174323771,0.1999999999999993,server_0,True,True
autoscale-python-pi,1683514322544,319,11.898376434790473,0.2,11.898376434790473,0.1999999999999993,server_0,True,True
autoscale-python-pi,1683514322544,327,11.984427104240998,0.2,11.984427104240998,0.1999999999999993,server_0,True,True
autoscale-python-pi,1683514322544,335,12.150353706105816,0.2,12.150353706105816,0.1999999999999993,server_0,True,True
autoscale-python-pi,1683514322544,343,12.465677688466036,0.2,12.465677688466036,0.1999999999999993,server_0,True,True
autoscale-python-pi,1683514322544,351,12.640104102369268,0.2,12.640104102369268,0.1999999999999993,server_0,True,True
autoscale-python-pi,1683514322544,359,13.063252009881683,0.2,13.063252009881683,0.1999999999999993,server_0,True,True
autoscale-python-pi,1683514322544,367,13.254130996158024,0.2,13.254130996158024,0.1999999999999993,server_0,True,True
autoscale-python-pi,1683514322544,375,13.397833552724357,0.2,13.397833552724357,0.1999999999999993,server_0,True,True
autoscale-python-pi,1683514322544,383,13.559002751632475,0.2,13.559002751632475,0.1999999999999993,server_0,True,True
autoscale-python-pi,1683514322544,391,13.79091660327449,0.2,13.79091660327449,0.1999999999999993,server_0,True,True
autoscale-python-pi,1683514322544,399,13.944689963740764,0.2,13.944689963740764,0.1999999999999993,server_0,True,True
autoscale-python-pi,1683514322544,407,14.117045779306144,0.2,14.117045779306144,0.1999999999999993,server_0,True,True
autoscale-python-pi,1683514322544,415,14.22006809347969,0.2,14.22006809347969,0.1999999999999993,server_0,True,True
autoscale-python-pi,1683514322544,423,14.425086629914714,0.2,14.425086629914714,0.1999999999999993,server_0,True,True
autoscale-python-pi,1683514322544,431,14.541752485600854,0.2,14.541752485600854,0.1999999999999993,server_0,True,True
autoscale-python-pi,1683514322544,439,14.695419200636215,0.2,14.695419200636215,0.1999999999999993,server_0,True,True
autoscale-python-pi,1683514322544,447,14.836615823897972,0.2,14.836615823897972,0.1999999999999993,server_0,True,True
autoscale-python-pi,1683514322544,455,15.036437938033131,0.2,15.036437938033131,0.1999999999999993,server_0,True,True
autoscale-python-pi,1683514322544,463,15.227537918493882,0.2,15.227537918493882,0.1999999999999993,server_0,True,True
autoscale-python-pi,1683514322544,471,15.386157785363286,0.2,15.386157785363286,0.1999999999999993,server_0,True,True
autoscale-python-pi,1683514322544,479,15.492771748717368,0.2,15.492771748717368,0.1999999999999993,server_0,True,True
autoscale-python-pi,1683514322544,487,15.688697922158818,0.2,15.688697922158818,0.1999999999999993,server_0,True,True
autoscale-python-pi,1683514322544,495,15.86186549736732,0.2,15.86186549736732,0.20000000000000107,server_0,True,True
autoscale-python-pi,1683514322544,503,16.08297311925868,0.2,16.08297311925868,0.1999999999999993,server_0,True,True
autoscale-python-pi,1683514322544,511,16.205529103143142,0.2,16.205529103143142,0.1999999999999993,server_0,True,True
autoscale-python-pi,1683514322544,519,16.328137975973558,0.2,16.328137975973558,0.1999999999999993,server_0,True,True
autoscale-python-pi,1683514322544,527,16.522043317673983,0.2,16.522043317673983,0.1999999999999993,server_0,True,True
autoscale-python-pi,1683514322544,535,16.755703417602202,0.2,16.755703417602202,0.1999999999999993,server_0,True,True
autoscale-python-pi,1683514322544,543,16.964785502001565,0.2,16.964785502001565,0.1999999999999993,server_0,True,True
autoscale-python-pi,1683514322544,551,17.172230495140457,0.2,17.172230495140457,0.1999999999999993,server_0,True,True
autoscale-python-pi,1683514322544,559,17.449916039921327,0.2,17.449916039921327,0.1999999999999993,server_0,True,True
autoscale-python-pi,1683514322544,567,17.62909536290628,0.2,17.62909536290628,0.1999999999999993,server_0,True,True
autoscale-python-pi,1683514322544,575,17.86253583285048,0.2,17.86253583285048,0.1999999999999993,server_0,True,True
autoscale-python-pi,1683514322544,583,18.06296659859393,0.2,18.06296659859393,0.1999999999999993,server_0,True,True
autoscale-python-pi,1683514322544,591,18.338583128022293,0.2,18.338583128022293,0.1999999999999993,server_0,True,True
autoscale-python-pi,1683514322544,599,18.49167295265534,0.2,18.49167295265534,0.1999999999999993,server_0,True,True
autoscale-python-pi,1683514322544,607,18.704483311003298,0.2,18.704483311003298,0.1999999999999993,server_0,True,True
autoscale-python-pi,1683514322544,615,18.832881431164573,0.2,18.832881431164573,0.1999999999999993,server_0,True,True
autoscale-python-pi,1683514322544,623,18.985657016533978,0.2,18.985657016533978,0.1999999999999993,server_0,True,True
autoscale-python-pi,1683514322544,631,19.13746135146968,0.2,19.13746135146968,0.1999999999999993,server_0,True,True
autoscale-python-pi,1683514322544,639,19.34431494246778,0.2,19.34431494246778,0.1999999999999993,server_0,True,True
autoscale-python-pi,1683514322544,647,19.595968287254337,0.2,19.595968287254337,0.1999999999999993,server_0,True,True
autoscale-python-pi,1683514322544,655,19.895257480651367,0.2,19.895257480651367,0.1999999999999993,server_0,True,True
autoscale-python-pi,1683514322544,663,20.195509564941737,0.2,20.195509564941737,0.1999999999999993,server_0,True,True
autoscale-python-pi,1683514322544,671,20.55881694462767,0.2,20.55881694462767,0.1999999999999993,server_0,True,True
autoscale-python-pi,1683514322544,679,20.823353031864308,0.2,20.823353031864308,0.1999999999999993,server_0,True,True
autoscale-python-pi,1683514322544,687,20.912803691467847,0.2,20.912803691467847,0.1999999999999993,server_0,True,True
autoscale-python-pi,1683514322544,695,21.06201187608482,0.2,21.06201187608482,0.1999999999999993,server_0,True,True
autoscale-python-pi,1683514322544,703,21.220699287582455,0.2,21.220699287582455,0.1999999999999993,server_0,True,True
autoscale-python-pi,1683514322544,711,21.309769459710378,0.2,21.309769459710378,0.1999999999999993,server_0,True,True
autoscale-python-pi,1683514322544,719,21.55175689193703,0.2,21.55175689193703,0.1999999999999993,server_0,True,True
autoscale-python-pi,1683514322544,727,21.68187000770828,0.2,21.68187000770828,0.1999999999999993,server_0,True,True
autoscale-python-pi,1683514322544,735,21.82089516598051,0.2,21.82089516598051,0.1999999999999993,server_0,True,True
autoscale-python-pi,1683514322544,743,22.179552693671717,0.2,22.179552693671717,0.1999999999999993,server_0,True,True
autoscale-python-pi,1683514322544,751,22.406574910729525,0.2,22.406574910729525,0.1999999999999993,server_0,True,True
autoscale-python-pi,1683514322544,759,22.557421821369246,0.2,22.557421821369246,0.1999999999999993,server_0,True,True
autoscale-python-pi,1683514322544,767,22.743336438288424,0.2,22.743336438288424,0.1999999999999993,server_0,True,True
autoscale-python-pi,1683514322544,775,23.00953527487615,0.2,23.00953527487615,0.1999999999999993,server_0,True,True
autoscale-python-pi,1683514322544,783,23.260645672965293,0.2,23.260645672965293,0.1999999999999993,server_0,True,True
autoscale-python-pi,1683514322544,791,23.625999021000172,0.2,23.625999021000172,0.1999999999999993,server_0,True,True
autoscale-python-pi,1683514322544,799,23.71371161101098,0.2,23.71371161101098,0.1999999999999993,server_0,True,True
autoscale-python-pi,1683514322544,807,24.044456491598343,0.2,24.044456491598343,0.1999999999999993,server_0,True,True
autoscale-python-pi,1683514322544,815,24.173856396621318,0.2,24.173856396621318,0.1999999999999993,server_0,True,True
autoscale-python-pi,1683514322544,823,24.315957914460075,0.2,24.315957914460075,0.1999999999999993,server_0,True,True
autoscale-python-pi,1683514322544,831,24.492931080067287,0.2,24.492931080067287,0.1999999999999993,server_0,True,True
autoscale-python-pi,1683514322544,839,24.81821122026773,0.2,24.81821122026773,0.1999999999999993,server_0,True,True
autoscale-python-pi,1683514322544,847,25.071801768311254,0.2,25.071801768311254,0.1999999999999993,server_0,True,True
autoscale-python-pi,1683514322544,855,25.255544796333986,0.2,25.255544796333986,0.1999999999999993,server_0,True,True
autoscale-python-pi,1683514322544,863,25.501500332073363,0.2,25.501500332073363,0.1999999999999993,server_0,True,True
autoscale-python-pi,1683514322544,871,25.73308286124502,0.2,25.73308286124502,0.1999999999999993,server_0,True,True
autoscale-python-pi,1683514322544,879,25.900795210664736,0.2,25.900795210664736,0.1999999999999993,server_0,True,True
autoscale-python-pi,1683514322544,887,26.058397922798928,0.2,26.058397922798928,0.1999999999999993,server_0,True,True
autoscale-python-pi,1683514322544,895,26.333219128140716,0.2,26.333219128140716,0.1999999999999993,server_0,True,True
autoscale-python-pi,1683514322544,903,26.55094110708634,0.2,26.55094110708634,0.1999999999999993,server_0,True,True
autoscale-python-pi,1683514322544,911,26.756581207768345,0.2,26.756581207768345,0.1999999999999993,server_0,True,True
autoscale-python-pi,1683514322544,919,26.948334871721713,0.2,26.948334871721713,0.1999999999999993,server_0,True,True
autoscale-python-pi,1683514322544,927,27.02435640855264,0.2,27.02435640855264,0.1999999999999993,server_0,True,True
autoscale-python-pi,1683514322544,935,27.21582793653373,0.2,27.21582793653373,0.1999999999999993,server_0,True,True
autoscale-python-pi,1683514322544,943,27.43387172360508,0.2,27.43387172360508,0.1999999999999993,server_0,True,True
autoscale-python-pi,1683514322544,951,27.712852491711793,0.2,27.712852491711793,0.1999999999999993,server_0,True,True
autoscale-python-pi,1683514322544,959,27.878052344430138,0.2,27.878052344430138,0.1999999999999993,server_0,True,True
autoscale-python-pi,1683514322544,967,28.11789441551987,0.2,28.11789441551987,0.1999999999999993,server_0,True,True
autoscale-python-pi,1683514322544,975,28.39134544521855,0.2,28.39134544521855,0.1999999999999993,server_0,True,True
autoscale-python-pi,1683514322544,983,28.63546962417479,0.2,28.63546962417479,0.1999999999999993,server_0,True,True
autoscale-python-pi,1683514322544,991,28.826664095871575,0.2,28.826664095871575,0.1999999999999993,server_0,True,True
autoscale-python-pi,1683514322544,999,28.98518737463757,0.2,28.98518737463757,0.1999999999999993,server_0,True,True
autoscale-python-pi,1683514322544,1007,29.151205249459114,0.2,29.151205249459114,0.1999999999999993,server_0,True,True
autoscale-python-pi,1683514322544,1015,29.36504772538272,0.2,29.36504772538272,0.1999999999999993,server_0,True,True
autoscale-python-pi,1683514322544,1023,29.563234490186378,0.2,29.563234490186378,0.1999999999999993,server_0,True,True
autoscale-python-pi,1683514322544,1031,29.68684090201026,0.2,29.68684090201026,0.1999999999999993,server_0,True,True
autoscale-python-pi,1683514322544,1039,29.9304298344278,0.2,29.9304298344278,0.1999999999999993,server_0,True,True
autoscale-python-pi,1683514322544,1047,30.05783955937755,0.2,30.05783955937755,0.1999999999999993,server_0,True,True
autoscale-python-pi,1683514322544,1055,30.28674619605891,0.2,30.28674619605891,0.1999999999999993,server_0,True,True
autoscale-python-pi,1683514322544,1063,30.418160959972237,0.2,30.418160959972237,0.1999999999999993,server_0,True,True
autoscale-python-pi,1683514322544,1071,30.71573144713701,0.2,30.71573144713701,0.1999999999999993,server_0,True,True
autoscale-python-pi,1683514322544,1079,31.039898366591355,0.2,31.039898366591355,0.1999999999999993,server_0,True,True
autoscale-python-pi,1683514322544,1087,31.199578417340554,0.2,31.199578417340554,0.1999999999999993,server_0,True,True
autoscale-python-pi,1683514322544,1095,31.44674624418918,0.2,31.44674624418918,0.1999999999999993,server_0,True,True
autoscale-python-pi,1683514322544,1103,31.572150135123714,0.2,31.572150135123714,0.1999999999999993,server_0,True,True
autoscale-python-pi,1683514322544,1111,31.723068131427233,0.2,31.723068131427233,0.1999999999999993,server_0,True,True
autoscale-python-pi,1683514322544,1119,31.896900666670273,0.2,31.896900666670273,0.1999999999999993,server_0,True,True
autoscale-python-pi,1683514322544,1127,32.03827763017711,0.2,32.03827763017711,0.20000000000000284,server_0,True,True
autoscale-python-pi,1683514322544,1135,32.25811899824855,0.2,32.25811899824855,0.20000000000000284,server_0,True,True
autoscale-python-pi,1683514322544,1143,32.39597247674946,0.2,32.39597247674946,0.20000000000000284,server_0,True,True
autoscale-python-pi,1683514322544,1151,32.67331696136523,0.2,32.67331696136523,0.20000000000000284,server_0,True,True
autoscale-python-pi,1683514322544,1159,32.976952848014776,0.2,32.976952848014776,0.20000000000000284,server_0,True,True
autoscale-python-pi,1683514322544,1167,33.2046459421812,0.2,33.2046459421812,0.20000000000000284,server_0,True,True
autoscale-python-pi,1683514322544,1175,33.40798416714846,0.2,33.40798416714846,0.20000000000000284,server_0,True,True
autoscale-python-pi,1683514322544,1183,33.52830689459544,0.2,33.52830689459544,0.20000000000000284,server_0,True,True
autoscale-python-pi,1683514322544,1191,33.82255659265168,0.2,33.82255659265168,0.20000000000000284,server_0,True,True
autoscale-python-pi,1683514322544,1199,34.07109347618862,0.2,34.07109347618862,0.20000000000000284,server_0,True,True
autoscale-python-pi,1683514322544,1207,34.15099635237916,0.2,34.15099635237916,0.20000000000000284,server_0,True,True
autoscale-python-pi,1683514322544,1215,34.28282375398968,0.2,34.28282375398968,0.20000000000000284,server_0,True,True
autoscale-python-pi,1683514322544,1223,34.473222579469905,0.2,34.473222579469905,0.20000000000000284,server_0,True,True
autoscale-python-pi,1683514322544,1231,34.62835211477978,0.2,34.62835211477978,0.20000000000000284,server_0,True,True
autoscale-python-pi,1683514322544,1239,34.86208204404172,0.2,34.86208204404172,0.20000000000000284,server_0,True,True
autoscale-python-pi,1683514322544,1247,34.98272377084593,0.2,34.98272377084593,0.20000000000000284,server_0,True,True
autoscale-python-pi,1683514322544,1255,35.11744078625534,0.2,35.11744078625534,0.20000000000000284,server_0,True,True
autoscale-python-pi,1683514322544,1263,35.41087075203339,0.2,35.41087075203339,0.20000000000000284,server_0,True,True
autoscale-python-pi,1683514322544,1271,35.565510820242594,0.2,35.565510820242594,0.20000000000000284,server_0,True,True
autoscale-python-pi,1683514322544,1279,35.667332182722156,0.2,35.667332182722156,0.20000000000000284,server_0,True,True
autoscale-python-pi,1683514322544,1287,35.83052235199654,0.2,35.83052235199654,0.20000000000000284,server_0,True,True
autoscale-python-pi,1683514322544,1295,36.15230413641883,0.2,36.15230413641883,0.20000000000000284,server_0,True,True
autoscale-python-pi,1683514322544,1303,36.26838147706244,0.2,36.26838147706244,0.20000000000000284,server_0,True,True
autoscale-python-pi,1683514322544,1311,36.40046979922093,0.2,36.40046979922093,0.20000000000000284,server_0,True,True
autoscale-python-pi,1683514322544,1319,36.53808466589971,0.2,36.53808466589971,0.20000000000000284,server_0,True,True
autoscale-python-pi,1683514322544,1327,36.72151773130386,0.2,36.72151773130386,0.20000000000000284,server_0,True,True
autoscale-python-pi,1683514322544,1335,36.98281048734297,0.2,36.98281048734297,0.20000000000000284,server_0,True,True
autoscale-python-pi,1683514322544,1343,37.24145846056818,0.2,37.24145846056818,0.20000000000000284,server_0,True,True
autoscale-python-pi,1683514322544,1351,37.4295408865166,0.2,37.4295408865166,0.20000000000000284,server_0,True,True
autoscale-python-pi,1683514322544,1359,37.621135838969494,0.2,37.621135838969494,0.20000000000000284,server_0,True,True
autoscale-python-pi,1683514322544,1367,37.92722107842273,0.2,37.92722107842273,0.20000000000000284,server_0,True,True
autoscale-python-pi,1683514322544,1375,38.166911966333544,0.2,38.166911966333544,0.20000000000000284,server_0,True,True
autoscale-python-pi,1683514322544,1383,38.39675397261885,0.2,38.39675397261885,0.20000000000000284,server_0,True,True
autoscale-python-pi,1683514322544,1391,38.679330037361424,0.2,38.679330037361424,0.20000000000000284,server_0,True,True
autoscale-python-pi,1683514322544,1399,38.802878728930104,0.2,38.802878728930104,0.20000000000000284,server_0,True,True
autoscale-python-pi,1683514322544,1407,38.930681053599834,0.2,38.930681053599834,0.20000000000000284,server_0,True,True
autoscale-python-pi,1683514322544,1415,39.102140788466635,0.2,39.102140788466635,0.20000000000000284,server_0,True,True
autoscale-python-pi,1683514322544,1423,39.24847310599098,0.2,39.24847310599098,0.20000000000000284,server_0,True,True
autoscale-python-pi,1683514322544,1431,39.45920562391159,0.2,39.45920562391159,0.20000000000000284,server_0,True,True
autoscale-python-pi,1683514322544,1439,39.71014746002332,0.2,39.71014746002332,0.20000000000000284,server_0,True,True
autoscale-python-pi,1683514322544,1447,39.954782156422525,0.2,39.954782156422525,0.20000000000000284,server_0,True,True
autoscale-python-pi,1683514322544,1455,40.11806862710081,0.2,40.11806862710081,0.20000000000000284,server_0,True,True
autoscale-python-pi,1683514322544,1463,40.32589211429389,0.2,40.32589211429389,0.20000000000000284,server_0,True,True
autoscale-python-pi,1683514322544,1471,40.71554267248658,0.2,40.71554267248658,0.20000000000000284,server_0,True,True
autoscale-python-pi,1683514322544,1479,40.88033410508677,0.2,40.88033410508677,0.20000000000000284,server_0,True,True
autoscale-python-pi,1683514322544,1487,41.17269766726986,0.2,41.17269766726986,0.20000000000000284,server_0,True,True
autoscale-python-pi,1683514322544,1495,41.43449312790532,0.2,41.43449312790532,0.20000000000000284,server_0,True,True
autoscale-python-pi,1683514322544,1503,41.665477084843054,0.2,41.665477084843054,0.20000000000000284,server_0,True,True
autoscale-python-pi,1683514322544,1511,41.88460977943939,0.2,41.88460977943939,0.20000000000000284,server_0,True,True
autoscale-python-pi,1683514322544,1519,42.0046619600224,0.2,42.0046619600224,0.20000000000000284,server_0,True,True
autoscale-python-pi,1683514322544,1527,42.236216936521416,0.2,42.236216936521416,0.20000000000000284,server_0,True,True
autoscale-python-pi,1683514322544,1535,42.46010039598487,0.2,42.46010039598487,0.20000000000000284,server_0,True,True
autoscale-python-pi,1683514322544,1543,42.63318813746927,0.2,42.63318813746927,0.20000000000000284,server_0,True,True
autoscale-python-pi,1683514322544,1551,42.867213795534624,0.2,42.867213795534624,0.20000000000000284,server_0,True,True
autoscale-python-pi,1683514322544,1559,42.97504241761727,0.2,42.97504241761727,0.20000000000000284,server_0,True,True
autoscale-python-pi,1683514322544,1567,43.232865428655245,0.2,43.232865428655245,0.20000000000000284,server_0,True,True
autoscale-python-pi,1683514322544,1575,43.354996129516955,0.2,43.354996129516955,0.20000000000000284,server_0,True,True
autoscale-python-pi,1683514322544,1583,43.575396646643625,0.2,43.575396646643625,0.20000000000000284,server_0,True,True
autoscale-python-pi,1683514322544,1591,43.712996752183464,0.2,43.712996752183464,0.20000000000000284,server_0,True,True
autoscale-python-pi,1683514322544,1599,43.82065599828657,0.2,43.82065599828657,0.20000000000000284,server_0,True,True
autoscale-python-pi,1683514322544,1607,44.09848538593938,0.2,44.09848538593938,0.20000000000000284,server_0,True,True
autoscale-python-pi,1683514322544,1615,44.206104707650226,0.2,44.206104707650226,0.20000000000000284,server_0,True,True
autoscale-python-pi,1683514322544,1623,44.4444174433391,0.2,44.4444174433391,0.20000000000000284,server_0,True,True
autoscale-python-pi,1683514322544,1631,44.725365755884255,0.2,44.725365755884255,0.20000000000000284,server_0,True,True
autoscale-python-pi,1683514322544,1639,44.852586772957245,0.2,44.852586772957245,0.20000000000000284,server_0,True,True
autoscale-python-pi,1683514322544,1647,44.99964142951777,0.2,44.99964142951777,0.20000000000000284,server_0,True,True
autoscale-python-pi,1683514322544,1655,45.1787369245718,0.2,45.1787369245718,0.20000000000000284,server_0,True,True
autoscale-python-pi,1683514322544,1663,45.33167714744882,0.2,45.33167714744882,0.20000000000000284,server_0,True,True
autoscale-python-pi,1683514322544,1671,45.50217821497071,0.2,45.50217821497071,0.20000000000000284,server_0,True,True
autoscale-python-pi,1683514322544,1679,45.63151436947642,0.2,45.63151436947642,0.20000000000000284,server_0,True,True
autoscale-python-pi,1683514322544,1687,45.80361760120888,0.2,45.80361760120888,0.20000000000000284,server_0,True,True
autoscale-python-pi,1683514322544,1695,46.0512750780613,0.2,46.0512750780613,0.20000000000000284,server_0,True,True
autoscale-python-pi,1683514322544,1703,46.23971984543228,0.2,46.23971984543228,0.20000000000000284,server_0,True,True
autoscale-python-pi,1683514322544,1711,46.40479524746692,0.2,46.40479524746692,0.20000000000000284,server_0,True,True
autoscale-python-pi,1683514322544,1719,46.703848100109376,0.2,46.703848100109376,0.20000000000000284,server_0,True,True
autoscale-python-pi,1683514322544,1727,46.93739714094953,0.2,46.93739714094953,0.20000000000000284,server_0,True,True
autoscale-python-pi,1683514322544,1735,47.08206506441914,0.2,47.08206506441914,0.20000000000000284,server_0,True,True
autoscale-python-pi,1683514322544,1743,47.22322775326473,0.2,47.22322775326473,0.20000000000000284,server_0,True,True
autoscale-python-pi,1683514322544,1751,47.66432198540239,0.2,47.66432198540239,0.20000000000000284,server_0,True,True
autoscale-python-pi,1683514322544,1759,47.814607204733186,0.2,47.814607204733186,0.20000000000000284,server_0,True,True
autoscale-python-pi,1683514322544,1767,48.13797230626381,0.2,48.13797230626381,0.20000000000000284,server_0,True,True
autoscale-python-pi,1683514322544,1775,48.4079388876539,0.2,48.4079388876539,0.20000000000000284,server_0,True,True
autoscale-python-pi,1683514322544,1783,48.62409059570714,0.2,48.62409059570714,0.20000000000000284,server_0,True,True
autoscale-python-pi,1683514322544,1791,48.76430747433426,0.2,48.76430747433426,0.20000000000000284,server_0,True,True
autoscale-python-pi,1683514322544,1799,48.90367984125253,0.2,48.90367984125253,0.20000000000000284,server_0,True,True
autoscale-python-pi,1683514322544,1807,49.00089217619341,0.2,49.00089217619341,0.20000000000000284,server_0,True,True
autoscale-python-pi,1683514322544,1815,49.13967254329095,0.2,49.13967254329095,0.20000000000000284,server_0,True,True
autoscale-python-pi,1683514322544,1823,49.369707779851545,0.2,49.369707779851545,0.20000000000000284,server_0,True,True
autoscale-python-pi,1683514322544,1831,49.50190064095007,0.2,49.50190064095007,0.20000000000000284,server_0,True,True
autoscale-python-pi,1683514322544,1839,49.69201438478389,0.2,49.69201438478389,0.20000000000000284,server_0,True,True
autoscale-python-pi,1683514322544,1847,50.06234513244474,0.2,50.06234513244474,0.20000000000000284,server_0,True,True
autoscale-python-pi,1683514322544,1855,50.35812599634925,0.2,50.35812599634925,0.20000000000000284,server_0,True,True
autoscale-python-pi,1683514322544,1863,50.47654036331526,0.2,50.47654036331526,0.20000000000000284,server_0,True,True
autoscale-python-pi,1683514322544,1871,50.56264811188057,0.2,50.56264811188057,0.20000000000000284,server_0,True,True
autoscale-python-pi,1683514322544,1879,50.72789522301471,0.2,50.72789522301471,0.20000000000000284,server_0,True,True
autoscale-python-pi,1683514322544,1887,50.86814306732562,0.2,50.86814306732562,0.20000000000000284,server_0,True,True
autoscale-python-pi,1683514322544,1895,51.038093388033985,0.2,51.038093388033985,0.20000000000000284,server_0,True,True
autoscale-python-pi,1683514322544,1903,51.186595297680185,0.2,51.186595297680185,0.20000000000000284,server_0,True,True
autoscale-python-pi,1683514322544,1911,51.33294693672476,0.2,51.33294693672476,0.20000000000000284,server_0,True,True
autoscale-python-pi,1683514322544,1919,51.44279249295399,0.2,51.44279249295399,0.20000000000000284,server_0,True,True
autoscale-python-pi,1683514322544,1927,51.7615488324822,0.2,51.7615488324822,0.20000000000000284,server_0,True,True
autoscale-python-pi,1683514322544,1935,51.82693284965452,0.2,51.82693284965452,0.20000000000000284,server_0,True,True
autoscale-python-pi,1683514322544,1943,52.00827506039703,0.2,52.00827506039703,0.20000000000000284,server_0,True,True
autoscale-python-pi,1683514322544,1951,52.13380624732828,0.2,52.13380624732828,0.20000000000000284,server_0,True,True
autoscale-python-pi,1683514322544,1959,52.372398138983336,0.2,52.372398138983336,0.20000000000000284,server_0,True,True
autoscale-python-pi,1683514322544,1967,52.68258677345087,0.2,52.68258677345087,0.20000000000000284,server_0,True,True
autoscale-python-pi,1683514322544,1975,52.828693755435026,0.2,52.828693755435026,0.20000000000000284,server_0,True,True
autoscale-python-pi,1683514322544,1983,53.09990795479517,0.2,53.09990795479517,0.20000000000000284,server_0,True,True
autoscale-python-pi,1683514322544,1991,53.394856902314935,0.2,53.394856902314935,0.20000000000000284,server_0,True,True
autoscale-python-pi,1683514322544,1999,53.538473160698715,0.2,53.538473160698715,0.20000000000000284,server_0,True,True
autoscale-python-pi,1683514558624,61,4.639028850100458,0.2,4.639028850100458,0.20000000000000018,server_0,True,True
autoscale-python-pi,1683514558624,69,4.886324235443057,0.2,4.886324235443057,0.20000000000000018,server_0,True,True
autoscale-python-pi,1683514558624,77,5.068906428174314,0.2,5.068906428174314,0.20000000000000018,server_0,True,True
autoscale-python-pi,1683514558624,85,5.2852911376669125,0.2,5.2852911376669125,0.20000000000000018,server_0,True,True
autoscale-python-pi,1683514558624,93,5.525526563274694,0.2,5.525526563274694,0.20000000000000018,server_0,True,True
autoscale-python-pi,1683514558624,101,5.896355454753063,0.2,5.896355454753063,0.20000000000000018,server_0,True,True
autoscale-python-pi,1683514558624,109,6.152652555055235,0.2,6.152652555055235,0.20000000000000018,server_0,True,True
autoscale-python-pi,1683514558624,117,6.328337226177178,0.2,6.328337226177178,0.20000000000000018,server_0,True,True
autoscale-python-pi,1683514558624,125,6.573210119512022,0.2,6.573210119512022,0.20000000000000018,server_0,True,True
autoscale-python-pi,1683514558624,133,6.883783681836403,0.2,6.883783681836403,0.20000000000000018,server_0,True,True
autoscale-python-pi,1683514558624,141,7.274602597943051,0.2,7.274602597943051,0.20000000000000018,server_0,True,True
autoscale-python-pi,1683514558624,149,7.489470428379217,0.2,7.489470428379217,0.20000000000000018,server_0,True,True
autoscale-python-pi,1683514558624,157,7.795487211977862,0.2,7.795487211977862,0.20000000000000018,server_0,True,True
autoscale-python-pi,1683514558624,165,7.875026441706494,0.2,7.875026441706494,0.1999999999999993,server_0,True,True
autoscale-python-pi,1683514558624,173,8.093791461426445,0.2,8.093791461426445,0.1999999999999993,server_0,True,True
autoscale-python-pi,1683514558624,181,8.288516254673022,0.2,8.288516254673022,0.1999999999999993,server_0,True,True
autoscale-python-pi,1683514558624,189,8.589313588145451,0.2,8.589313588145451,0.1999999999999993,server_0,True,True
autoscale-python-pi,1683514558624,197,8.715299553690485,0.2,8.715299553690485,0.1999999999999993,server_0,True,True
autoscale-python-pi,1683514558624,205,8.898257042298013,0.2,8.898257042298013,0.1999999999999993,server_0,True,True
autoscale-python-pi,1683514558624,213,9.200349224551855,0.2,9.200349224551855,0.1999999999999993,server_0,True,True
autoscale-python-pi,1683514558624,221,9.429925693414953,0.2,9.429925693414953,0.1999999999999993,server_0,True,True
autoscale-python-pi,1683514558624,229,9.55052352717153,0.2,9.55052352717153,0.1999999999999993,server_0,True,True
autoscale-python-pi,1683514558624,237,9.7367138362806,0.2,9.7367138362806,0.1999999999999993,server_0,True,True
autoscale-python-pi,1683514558624,245,9.889452129293034,0.2,9.889452129293034,0.1999999999999993,server_0,True,True
autoscale-python-pi,1683514558624,253,10.141213895235982,0.2,10.141213895235982,0.1999999999999993,server_0,True,True
autoscale-python-pi,1683514558624,261,10.296603675411589,0.2,10.296603675411589,0.1999999999999993,server_0,True,True
autoscale-python-pi,1683514558624,269,10.465593532166283,0.2,10.465593532166283,0.1999999999999993,server_0,True,True
autoscale-python-pi,1683514558624,277,10.6107654083452,0.2,10.6107654083452,0.1999999999999993,server_0,True,True
autoscale-python-pi,1683514558624,285,10.758196571665495,0.2,10.758196571665495,0.1999999999999993,server_0,True,True
autoscale-python-pi,1683514558624,293,10.961144820476882,0.2,10.961144820476882,0.1999999999999993,server_0,True,True
autoscale-python-pi,1683514558624,301,11.323619940406475,0.2,11.323619940406475,0.1999999999999993,server_0,True,True
autoscale-python-pi,1683514558624,309,11.6532608477007,0.2,11.6532608477007,0.1999999999999993,server_0,True,True
autoscale-python-pi,1683514558624,317,11.874352975441976,0.2,11.874352975441976,0.1999999999999993,server_0,True,True
autoscale-python-pi,1683514558624,325,11.974153896468248,0.2,11.974153896468248,0.1999999999999993,server_0,True,True
autoscale-python-pi,1683514558624,333,12.125546958051517,0.2,12.125546958051517,0.1999999999999993,server_0,True,True
autoscale-python-pi,1683514558624,341,12.369429320156868,0.2,12.369429320156868,0.1999999999999993,server_0,True,True
autoscale-python-pi,1683514558624,349,12.535539083631383,0.2,12.535539083631383,0.1999999999999993,server_0,True,True
autoscale-python-pi,1683514558624,357,12.91926916193775,0.2,12.91926916193775,0.1999999999999993,server_0,True,True
autoscale-python-pi,1683514558624,365,13.207441404832887,0.2,13.207441404832887,0.1999999999999993,server_0,True,True
autoscale-python-pi,1683514558624,373,13.367671416467015,0.2,13.367671416467015,0.1999999999999993,server_0,True,True
autoscale-python-pi,1683514558624,381,13.535109403005725,0.2,13.535109403005725,0.1999999999999993,server_0,True,True
autoscale-python-pi,1683514558624,389,13.721502314226262,0.2,13.721502314226262,0.1999999999999993,server_0,True,True
autoscale-python-pi,1683514558624,397,13.911146610760857,0.2,13.911146610760857,0.1999999999999993,server_0,True,True
autoscale-python-pi,1683514558624,405,14.079165799896478,0.2,14.079165799896478,0.1999999999999993,server_0,True,True
autoscale-python-pi,1683514558624,413,14.184532676395504,0.2,14.184532676395504,0.1999999999999993,server_0,True,True
autoscale-python-pi,1683514558624,421,14.402659011515604,0.2,14.402659011515604,0.1999999999999993,server_0,True,True
autoscale-python-pi,1683514558624,429,14.511247007387865,0.2,14.511247007387865,0.1999999999999993,server_0,True,True
autoscale-python-pi,1683514558624,437,14.664142429309647,0.2,14.664142429309647,0.1999999999999993,server_0,True,True
autoscale-python-pi,1683514558624,445,14.805520985500628,0.2,14.805520985500628,0.1999999999999993,server_0,True,True
autoscale-python-pi,1683514558624,453,14.997341457589346,0.2,14.997341457589346,0.1999999999999993,server_0,True,True
autoscale-python-pi,1683514558624,461,15.177113505334068,0.2,15.177113505334068,0.1999999999999993,server_0,True,True
autoscale-python-pi,1683514558624,469,15.322503323727709,0.2,15.322503323727709,0.1999999999999993,server_0,True,True
autoscale-python-pi,1683514558624,477,15.461530933030517,0.2,15.461530933030517,0.1999999999999993,server_0,True,True
autoscale-python-pi,1683514558624,485,15.645659571333308,0.2,15.645659571333308,0.1999999999999993,server_0,True,True
autoscale-python-pi,1683514558624,493,15.827297678508238,0.2,15.827297678508238,0.1999999999999993,server_0,True,True
autoscale-python-pi,1683514558624,501,16.065103600828394,0.2,16.065103600828394,0.1999999999999993,server_0,True,True
autoscale-python-pi,1683514558624,509,16.18621527365163,0.2,16.18621527365163,0.1999999999999993,server_0,True,True
autoscale-python-pi,1683514558624,517,16.26891073220689,0.2,16.26891073220689,0.1999999999999993,server_0,True,True
autoscale-python-pi,1683514558624,525,16.47140123488808,0.2,16.47140123488808,0.1999999999999993,server_0,True,True
autoscale-python-pi,1683514558624,533,16.737377552910864,0.2,16.737377552910864,0.1999999999999993,server_0,True,True
autoscale-python-pi,1683514558624,541,16.888559445189507,0.2,16.888559445189507,0.1999999999999993,server_0,True,True
autoscale-python-pi,1683514558624,549,17.097794460019927,0.2,17.097794460019927,0.1999999999999993,server_0,True,True
autoscale-python-pi,1683514558624,557,17.441389004669034,0.2,17.441389004669034,0.1999999999999993,server_0,True,True
autoscale-python-pi,1683514558624,565,17.59981399037315,0.2,17.59981399037315,0.1999999999999993,server_0,True,True
autoscale-python-pi,1683514558624,573,17.852694069522745,0.2,17.852694069522745,0.1999999999999993,server_0,True,True
autoscale-python-pi,1683514558624,581,17.997796409355562,0.2,17.997796409355562,0.1999999999999993,server_0,True,True
autoscale-python-pi,1683514558624,589,18.261450710615705,0.2,18.261450710615705,0.1999999999999993,server_0,True,True
autoscale-python-pi,1683514558624,597,18.435699779474337,0.2,18.435699779474337,0.1999999999999993,server_0,True,True
autoscale-python-pi,1683514558624,605,18.663661188013624,0.2,18.663661188013624,0.1999999999999993,server_0,True,True
autoscale-python-pi,1683514558624,613,18.795767856370812,0.2,18.795767856370812,0.1999999999999993,server_0,True,True
autoscale-python-pi,1683514558624,621,18.915255435125196,0.2,18.915255435125196,0.1999999999999993,server_0,True,True
autoscale-python-pi,1683514558624,629,19.065362266730137,0.2,19.065362266730137,0.1999999999999993,server_0,True,True
autoscale-python-pi,1683514558624,637,19.26090931978945,0.2,19.26090931978945,0.1999999999999993,server_0,True,True
autoscale-python-pi,1683514558624,645,19.52098760301486,0.2,19.52098760301486,0.1999999999999993,server_0,True,True
autoscale-python-pi,1683514558624,653,19.828113630802992,0.2,19.828113630802992,0.1999999999999993,server_0,True,True
autoscale-python-pi,1683514558624,661,20.15158038546857,0.2,20.15158038546857,0.1999999999999993,server_0,True,True
autoscale-python-pi,1683514558624,669,20.48688006692509,0.2,20.48688006692509,0.1999999999999993,server_0,True,True
autoscale-python-pi,1683514558624,677,20.78443135405846,0.2,20.78443135405846,0.1999999999999993,server_0,True,True
autoscale-python-pi,1683514558624,685,20.887745644853588,0.2,20.887745644853588,0.1999999999999993,server_0,True,True
autoscale-python-pi,1683514558624,693,21.021103875197618,0.2,21.021103875197618,0.1999999999999993,server_0,True,True
autoscale-python-pi,1683514558624,701,21.19023727691359,0.2,21.19023727691359,0.1999999999999993,server_0,True,True
autoscale-python-pi,1683514558624,709,21.28815833299511,0.2,21.28815833299511,0.1999999999999993,server_0,True,True
autoscale-python-pi,1683514558624,717,21.537110444691674,0.2,21.537110444691674,0.1999999999999993,server_0,True,True
autoscale-python-pi,1683514558624,725,21.636315347275485,0.2,21.636315347275485,0.1999999999999993,server_0,True,True
autoscale-python-pi,1683514558624,733,21.720962387787402,0.2,21.720962387787402,0.1999999999999993,server_0,True,True
autoscale-python-pi,1683514558624,741,22.128437160398473,0.2,22.128437160398473,0.1999999999999993,server_0,True,True
autoscale-python-pi,1683514558624,749,22.34256602786374,0.2,22.34256602786374,0.1999999999999993,server_0,True,True
autoscale-python-pi,1683514558624,757,22.520130466722136,0.2,22.520130466722136,0.1999999999999993,server_0,True,True
autoscale-python-pi,1683514558624,765,22.730830953795223,0.2,22.730830953795223,0.1999999999999993,server_0,True,True
autoscale-python-pi,1683514558624,773,22.97018394690016,0.2,22.97018394690016,0.1999999999999993,server_0,True,True
autoscale-python-pi,1683514558624,781,23.191218366705506,0.2,23.191218366705506,0.1999999999999993,server_0,True,True
autoscale-python-pi,1683514558624,789,23.57567692333451,0.2,23.57567692333451,0.1999999999999993,server_0,True,True
autoscale-python-pi,1683514558624,797,23.697668140558562,0.2,23.697668140558562,0.1999999999999993,server_0,True,True
autoscale-python-pi,1683514558624,805,24.032843202142676,0.2,24.032843202142676,0.1999999999999993,server_0,True,True
autoscale-python-pi,1683514558624,813,24.136975780979167,0.2,24.136975780979167,0.1999999999999993,server_0,True,True
autoscale-python-pi,1683514558624,821,24.293217113349844,0.2,24.293217113349844,0.1999999999999993,server_0,True,True
autoscale-python-pi,1683514558624,829,24.41583005278773,0.2,24.41583005278773,0.1999999999999993,server_0,True,True
autoscale-python-pi,1683514558624,837,24.788683860250863,0.2,24.788683860250863,0.1999999999999993,server_0,True,True
autoscale-python-pi,1683514558624,845,25.035861183415484,0.2,25.035861183415484,0.1999999999999993,server_0,True,True
autoscale-python-pi,1683514558624,853,25.200951297083403,0.2,25.200951297083403,0.1999999999999993,server_0,True,True
autoscale-python-pi,1683514558624,861,25.432500891878927,0.2,25.432500891878927,0.1999999999999993,server_0,True,True
autoscale-python-pi,1683514558624,869,25.692824970297814,0.2,25.692824970297814,0.1999999999999993,server_0,True,True
autoscale-python-pi,1683514558624,877,25.815942104107542,0.2,25.815942104107542,0.1999999999999993,server_0,True,True
autoscale-python-pi,1683514558624,885,26.035827182204287,0.2,26.035827182204287,0.1999999999999993,server_0,True,True
autoscale-python-pi,1683514558624,893,26.236461424793937,0.2,26.236461424793937,0.1999999999999993,server_0,True,True
autoscale-python-pi,1683514558624,901,26.52787999068015,0.2,26.52787999068015,0.1999999999999993,server_0,True,True
autoscale-python-pi,1683514558624,909,26.667740641689722,0.2,26.667740641689722,0.1999999999999993,server_0,True,True
autoscale-python-pi,1683514558624,917,26.890568423378426,0.2,26.890568423378426,0.1999999999999993,server_0,True,True
autoscale-python-pi,1683514558624,925,27.009172998593588,0.2,27.009172998593588,0.1999999999999993,server_0,True,True
autoscale-python-pi,1683514558624,933,27.16498964526128,0.2,27.16498964526128,0.1999999999999993,server_0,True,True
autoscale-python-pi,1683514558624,941,27.41832350906651,0.2,27.41832350906651,0.1999999999999993,server_0,True,True
autoscale-python-pi,1683514558624,949,27.674937810187558,0.2,27.674937810187558,0.1999999999999993,server_0,True,True
autoscale-python-pi,1683514558624,957,27.83137840425294,0.2,27.83137840425294,0.1999999999999993,server_0,True,True
autoscale-python-pi,1683514558624,965,28.021916203259615,0.2,28.021916203259615,0.1999999999999993,server_0,True,True
autoscale-python-pi,1683514558624,973,28.346329200822932,0.2,28.346329200822932,0.1999999999999993,server_0,True,True
autoscale-python-pi,1683514558624,981,28.628588343414865,0.2,28.628588343414865,0.1999999999999993,server_0,True,True
autoscale-python-pi,1683514558624,989,28.778174479325575,0.2,28.778174479325575,0.1999999999999993,server_0,True,True
autoscale-python-pi,1683514558624,997,28.978223107359085,0.2,28.978223107359085,0.1999999999999993,server_0,True,True
autoscale-python-pi,1683514558624,1005,29.13741456212882,0.2,29.13741456212882,0.1999999999999993,server_0,True,True
autoscale-python-pi,1683514558624,1013,29.30774385048225,0.2,29.30774385048225,0.1999999999999993,server_0,True,True
autoscale-python-pi,1683514558624,1021,29.54883968904225,0.2,29.54883968904225,0.1999999999999993,server_0,True,True
autoscale-python-pi,1683514558624,1029,29.671182026752653,0.2,29.671182026752653,0.1999999999999993,server_0,True,True
autoscale-python-pi,1683514558624,1037,29.8813701780781,0.2,29.8813701780781,0.1999999999999993,server_0,True,True
autoscale-python-pi,1683514558624,1045,30.050119817406443,0.2,30.050119817406443,0.1999999999999993,server_0,True,True
autoscale-python-pi,1683514558624,1053,30.24344210971325,0.2,30.24344210971325,0.1999999999999993,server_0,True,True
autoscale-python-pi,1683514558624,1061,30.40674112626715,0.2,30.40674112626715,0.1999999999999993,server_0,True,True
autoscale-python-pi,1683514558624,1069,30.63826160717528,0.2,30.63826160717528,0.1999999999999993,server_0,True,True
autoscale-python-pi,1683514558624,1077,30.979096648645417,0.2,30.979096648645417,0.1999999999999993,server_0,True,True
autoscale-python-pi,1683514558624,1085,31.143217063158694,0.2,31.143217063158694,0.1999999999999993,server_0,True,True
autoscale-python-pi,1683514558624,1093,31.425690867165233,0.2,31.425690867165233,0.1999999999999993,server_0,True,True
autoscale-python-pi,1683514558624,1101,31.52724237142316,0.2,31.52724237142316,0.1999999999999993,server_0,True,True
autoscale-python-pi,1683514558624,1109,31.69131376818731,0.2,31.69131376818731,0.1999999999999993,server_0,True,True
autoscale-python-pi,1683514558624,1117,31.752442323836725,0.2,31.752442323836725,0.1999999999999993,server_0,True,True
autoscale-python-pi,1683514558624,1125,31.984041226322837,0.2,31.984041226322837,0.20000000000000284,server_0,True,True
autoscale-python-pi,1683514558624,1133,32.2011842322988,0.2,32.2011842322988,0.20000000000000284,server_0,True,True
autoscale-python-pi,1683514558624,1141,32.35308093356828,0.2,32.35308093356828,0.20000000000000284,server_0,True,True
autoscale-python-pi,1683514558624,1149,32.60056597323317,0.2,32.60056597323317,0.20000000000000284,server_0,True,True
autoscale-python-pi,1683514558624,1157,32.92193779450781,0.2,32.92193779450781,0.20000000000000284,server_0,True,True
autoscale-python-pi,1683514558624,1165,33.17752646087539,0.2,33.17752646087539,0.20000000000000284,server_0,True,True
autoscale-python-pi,1683514558624,1173,33.383212903178645,0.2,33.383212903178645,0.20000000000000284,server_0,True,True
autoscale-python-pi,1683514558624,1181,33.4786562439031,0.2,33.4786562439031,0.20000000000000284,server_0,True,True
autoscale-python-pi,1683514558624,1189,33.77613616518459,0.2,33.77613616518459,0.20000000000000284,server_0,True,True
autoscale-python-pi,1683514558624,1197,34.04807555450553,0.2,34.04807555450553,0.20000000000000284,server_0,True,True
autoscale-python-pi,1683514558624,1205,34.12941790811092,0.2,34.12941790811092,0.20000000000000284,server_0,True,True
autoscale-python-pi,1683514558624,1213,34.232624773786455,0.2,34.232624773786455,0.20000000000000284,server_0,True,True
autoscale-python-pi,1683514558624,1221,34.42799340392063,0.2,34.42799340392063,0.20000000000000284,server_0,True,True
autoscale-python-pi,1683514558624,1229,34.61675582960594,0.2,34.61675582960594,0.20000000000000284,server_0,True,True
autoscale-python-pi,1683514558624,1237,34.854523583202315,0.2,34.854523583202315,0.20000000000000284,server_0,True,True
autoscale-python-pi,1683514558624,1245,34.924068459352085,0.2,34.924068459352085,0.20000000000000284,server_0,True,True
autoscale-python-pi,1683514558624,1253,35.11685965559793,0.2,35.11685965559793,0.20000000000000284,server_0,True,True
autoscale-python-pi,1683514558624,1261,35.35785581332036,0.2,35.35785581332036,0.20000000000000284,server_0,True,True
autoscale-python-pi,1683514558624,1269,35.54391031258516,0.2,35.54391031258516,0.20000000000000284,server_0,True,True
autoscale-python-pi,1683514558624,1277,35.626465605519506,0.2,35.626465605519506,0.20000000000000284,server_0,True,True
autoscale-python-pi,1683514558624,1285,35.79160305428526,0.2,35.79160305428526,0.20000000000000284,server_0,True,True
autoscale-python-pi,1683514558624,1293,36.05830246306024,0.2,36.05830246306024,0.20000000000000284,server_0,True,True
autoscale-python-pi,1683514558624,1301,36.21730816349922,0.2,36.21730816349922,0.20000000000000284,server_0,True,True
autoscale-python-pi,1683514558624,1309,36.37593118729154,0.2,36.37593118729154,0.20000000000000284,server_0,True,True
autoscale-python-pi,1683514558624,1317,36.52940607723194,0.2,36.52940607723194,0.20000000000000284,server_0,True,True
autoscale-python-pi,1683514558624,1325,36.63850410697824,0.2,36.63850410697824,0.20000000000000284,server_0,True,True
autoscale-python-pi,1683514558624,1333,36.84624752332036,0.2,36.84624752332036,0.20000000000000284,server_0,True,True
autoscale-python-pi,1683514558624,1341,37.14842616066453,0.2,37.14842616066453,0.20000000000000284,server_0,True,True
autoscale-python-pi,1683514558624,1349,37.38161551147896,0.2,37.38161551147896,0.20000000000000284,server_0,True,True
autoscale-python-pi,1683514558624,1357,37.52688798798802,0.2,37.52688798798802,0.20000000000000284,server_0,True,True
autoscale-python-pi,1683514558624,1365,37.917372251924625,0.2,37.917372251924625,0.20000000000000284,server_0,True,True
autoscale-python-pi,1683514558624,1373,38.06383116574342,0.2,38.06383116574342,0.20000000000000284,server_0,True,True
autoscale-python-pi,1683514558624,1381,38.298893842474385,0.2,38.298893842474385,0.20000000000000284,server_0,True,True
autoscale-python-pi,1683514558624,1389,38.63811795025893,0.2,38.63811795025893,0.20000000000000284,server_0,True,True
autoscale-python-pi,1683514558624,1397,38.77035709275371,0.2,38.77035709275371,0.20000000000000284,server_0,True,True
autoscale-python-pi,1683514558624,1405,38.880856418051415,0.2,38.880856418051415,0.20000000000000284,server_0,True,True
autoscale-python-pi,1683514558624,1413,39.076240134434805,0.2,39.076240134434805,0.20000000000000284,server_0,True,True
autoscale-python-pi,1683514558624,1421,39.22468806638587,0.2,39.22468806638587,0.20000000000000284,server_0,True,True
autoscale-python-pi,1683514558624,1429,39.38491287384778,0.2,39.38491287384778,0.20000000000000284,server_0,True,True
autoscale-python-pi,1683514558624,1437,39.695604436643016,0.2,39.695604436643016,0.20000000000000284,server_0,True,True
autoscale-python-pi,1683514558624,1445,39.8958439546432,0.2,39.8958439546432,0.20000000000000284,server_0,True,True
autoscale-python-pi,1683514558624,1453,40.083987978923524,0.2,40.083987978923524,0.20000000000000284,server_0,True,True
autoscale-python-pi,1683514558624,1461,40.26268777051098,0.2,40.26268777051098,0.20000000000000284,server_0,True,True
autoscale-python-pi,1683514558624,1469,40.610760728597946,0.2,40.610760728597946,0.20000000000000284,server_0,True,True
autoscale-python-pi,1683514558624,1477,40.84615462334185,0.2,40.84615462334185,0.20000000000000284,server_0,True,True
autoscale-python-pi,1683514558624,1485,41.06419971563756,0.2,41.06419971563756,0.20000000000000284,server_0,True,True
autoscale-python-pi,1683514558624,1493,41.38878843621828,0.2,41.38878843621828,0.20000000000000284,server_0,True,True
autoscale-python-pi,1683514558624,1501,41.54391935598081,0.2,41.54391935598081,0.20000000000000284,server_0,True,True
autoscale-python-pi,1683514558624,1509,41.835744038483064,0.2,41.835744038483064,0.20000000000000284,server_0,True,True
autoscale-python-pi,1683514558624,1517,41.91321784551421,0.2,41.91321784551421,0.20000000000000284,server_0,True,True
autoscale-python-pi,1683514558624,1525,42.1935891317712,0.2,42.1935891317712,0.20000000000000284,server_0,True,True
autoscale-python-pi,1683514558624,1533,42.38517794136423,0.2,42.38517794136423,0.20000000000000284,server_0,True,True
autoscale-python-pi,1683514558624,1541,42.568463838055955,0.2,42.568463838055955,0.20000000000000284,server_0,True,True
autoscale-python-pi,1683514558624,1549,42.8018925793438,0.2,42.8018925793438,0.20000000000000284,server_0,True,True
autoscale-python-pi,1683514558624,1557,42.937192898808824,0.2,42.937192898808824,0.20000000000000284,server_0,True,True
autoscale-python-pi,1683514558624,1565,43.149823532177614,0.2,43.149823532177614,0.20000000000000284,server_0,True,True
autoscale-python-pi,1683514558624,1573,43.29659411180579,0.2,43.29659411180579,0.20000000000000284,server_0,True,True
autoscale-python-pi,1683514558624,1581,43.53411537097025,0.2,43.53411537097025,0.20000000000000284,server_0,True,True
autoscale-python-pi,1683514558624,1589,43.69283756472609,0.2,43.69283756472609,0.20000000000000284,server_0,True,True
autoscale-python-pi,1683514558624,1597,43.80888733300213,0.2,43.80888733300213,0.20000000000000284,server_0,True,True
autoscale-python-pi,1683514558624,1605,44.07163755074125,0.2,44.07163755074125,0.20000000000000284,server_0,True,True
autoscale-python-pi,1683514558624,1613,44.16816966546754,0.2,44.16816966546754,0.20000000000000284,server_0,True,True
autoscale-python-pi,1683514558624,1621,44.35340668848324,0.2,44.35340668848324,0.20000000000000284,server_0,True,True
autoscale-python-pi,1683514558624,1629,44.65975750376087,0.2,44.65975750376087,0.20000000000000284,server_0,True,True
autoscale-python-pi,1683514558624,1637,44.84268736056174,0.2,44.84268736056174,0.20000000000000284,server_0,True,True
autoscale-python-pi,1683514558624,1645,44.972856052899175,0.2,44.972856052899175,0.20000000000000284,server_0,True,True
autoscale-python-pi,1683514558624,1653,45.169322528757874,0.2,45.169322528757874,0.20000000000000284,server_0,True,True
autoscale-python-pi,1683514558624,1661,45.2887041159747,0.2,45.2887041159747,0.20000000000000284,server_0,True,True
autoscale-python-pi,1683514558624,1669,45.425722699352434,0.2,45.425722699352434,0.20000000000000284,server_0,True,True
autoscale-python-pi,1683514558624,1677,45.56391280196786,0.2,45.56391280196786,0.20000000000000284,server_0,True,True
autoscale-python-pi,1683514558624,1685,45.74733224919061,0.2,45.74733224919061,0.20000000000000284,server_0,True,True
autoscale-python-pi,1683514558624,1693,45.97539525928243,0.2,45.97539525928243,0.20000000000000284,server_0,True,True
autoscale-python-pi,1683514558624,1701,46.21305436308741,0.2,46.21305436308741,0.20000000000000284,server_0,True,True
autoscale-python-pi,1683514558624,1709,46.384835118724986,0.2,46.384835118724986,0.20000000000000284,server_0,True,True
autoscale-python-pi,1683514558624,1717,46.61966155773941,0.2,46.61966155773941,0.20000000000000284,server_0,True,True
autoscale-python-pi,1683514558624,1725,46.877242780762494,0.2,46.877242780762494,0.20000000000000284,server_0,True,True
autoscale-python-pi,1683514558624,1733,47.047687058289796,0.2,47.047687058289796,0.20000000000000284,server_0,True,True
autoscale-python-pi,1683514558624,1741,47.20156985327061,0.2,47.20156985327061,0.20000000000000284,server_0,True,True
autoscale-python-pi,1683514558624,1749,47.57997754829652,0.2,47.57997754829652,0.20000000000000284,server_0,True,True
autoscale-python-pi,1683514558624,1757,47.77032524102588,0.2,47.77032524102588,0.20000000000000284,server_0,True,True
autoscale-python-pi,1683514558624,1765,48.08710173818853,0.2,48.08710173818853,0.20000000000000284,server_0,True,True
autoscale-python-pi,1683514558624,1773,48.32176570496256,0.2,48.32176570496256,0.20000000000000284,server_0,True,True
autoscale-python-pi,1683514558624,1781,48.59775495643592,0.2,48.59775495643592,0.20000000000000284,server_0,True,True
autoscale-python-pi,1683514558624,1789,48.745132309734295,0.2,48.745132309734295,0.20000000000000284,server_0,True,True
autoscale-python-pi,1683514558624,1797,48.885664252666075,0.2,48.885664252666075,0.20000000000000284,server_0,True,True
autoscale-python-pi,1683514558624,1805,48.995003986638785,0.2,48.995003986638785,0.20000000000000284,server_0,True,True
autoscale-python-pi,1683514558624,1813,49.1178377076267,0.2,49.1178377076267,0.20000000000000284,server_0,True,True
autoscale-python-pi,1683514558624,1821,49.303542774810516,0.2,49.303542774810516,0.20000000000000284,server_0,True,True
autoscale-python-pi,1683514558624,1829,49.49370017490159,0.2,49.49370017490159,0.20000000000000284,server_0,True,True
autoscale-python-pi,1683514558624,1837,49.64756158252497,0.2,49.64756158252497,0.20000000000000284,server_0,True,True
autoscale-python-pi,1683514558624,1845,50.02780809393067,0.2,50.02780809393067,0.20000000000000284,server_0,True,True
autoscale-python-pi,1683514558624,1853,50.29621673691214,0.2,50.29621673691214,0.20000000000000284,server_0,True,True
autoscale-python-pi,1683514558624,1861,50.45185032514893,0.2,50.45185032514893,0.20000000000000284,server_0,True,True
autoscale-python-pi,1683514558624,1869,50.54330033300632,0.2,50.54330033300632,0.20000000000000284,server_0,True,True
autoscale-python-pi,1683514558624,1877,50.70848425077647,0.2,50.70848425077647,0.20000000000000284,server_0,True,True
autoscale-python-pi,1683514558624,1885,50.82112154534223,0.2,50.82112154534223,0.20000000000000284,server_0,True,True
autoscale-python-pi,1683514558624,1893,50.99938043286464,0.2,50.99938043286464,0.20000000000000284,server_0,True,True
autoscale-python-pi,1683514558624,1901,51.140665097427,0.2,51.140665097427,0.20000000000000284,server_0,True,True
autoscale-python-pi,1683514558624,1909,51.27746314479307,0.2,51.27746314479307,0.20000000000000284,server_0,True,True
autoscale-python-pi,1683514558624,1917,51.4262542352059,0.2,51.4262542352059,0.20000000000000284,server_0,True,True
autoscale-python-pi,1683514558624,1925,51.739855957511956,0.2,51.739855957511956,0.20000000000000284,server_0,True,True
autoscale-python-pi,1683514558624,1933,51.81284640120379,0.2,51.81284640120379,0.20000000000000284,server_0,True,True
autoscale-python-pi,1683514558624,1941,51.95768593453878,0.2,51.95768593453878,0.20000000000000284,server_0,True,True
autoscale-python-pi,1683514558624,1949,52.124799504757306,0.2,52.124799504757306,0.20000000000000284,server_0,True,True
autoscale-python-pi,1683514558624,1957,52.250672686634275,0.2,52.250672686634275,0.20000000000000284,server_0,True,True
autoscale-python-pi,1683514558624,1965,52.64717166945742,0.2,52.64717166945742,0.20000000000000284,server_0,True,True
autoscale-python-pi,1683514558624,1973,52.79866517786303,0.2,52.79866517786303,0.20000000000000284,server_0,True,True
autoscale-python-pi,1683514558624,1981,53.0559955515496,0.2,53.0559955515496,0.20000000000000284,server_0,True,True
autoscale-python-pi,1683514558624,1989,53.36721264000135,0.2,53.36721264000135,0.20000000000000284,server_0,True,True
autoscale-python-pi,1683514558624,1997,53.50239038130602,0.2,53.50239038130602,0.20000000000000284,server_0,True,True
autoscale-python-pi,1683514562272,62,4.644757616566863,0.2,4.644757616566863,0.20000000000000018,server_0,True,True
autoscale-python-pi,1683514562272,70,4.893473215632273,0.2,4.893473215632273,0.20000000000000018,server_0,True,True
autoscale-python-pi,1683514562272,78,5.077843420183353,0.2,5.077843420183353,0.20000000000000018,server_0,True,True
autoscale-python-pi,1683514562272,86,5.328250287901666,0.2,5.328250287901666,0.20000000000000018,server_0,True,True
autoscale-python-pi,1683514562272,94,5.6788224594184324,0.2,5.6788224594184324,0.20000000000000018,server_0,True,True
autoscale-python-pi,1683514562272,102,5.920051978032956,0.2,5.920051978032956,0.20000000000000018,server_0,True,True
autoscale-python-pi,1683514562272,110,6.1825313438629035,0.2,6.1825313438629035,0.20000000000000018,server_0,True,True
autoscale-python-pi,1683514562272,118,6.3409676598927796,0.2,6.3409676598927796,0.20000000000000018,server_0,True,True
autoscale-python-pi,1683514562272,126,6.607417413349812,0.2,6.607417413349812,0.20000000000000018,server_0,True,True
autoscale-python-pi,1683514562272,134,6.934357745891785,0.2,6.934357745891785,0.20000000000000018,server_0,True,True
autoscale-python-pi,1683514562272,142,7.374723736440204,0.2,7.374723736440204,0.20000000000000018,server_0,True,True
autoscale-python-pi,1683514562272,150,7.513740829463255,0.2,7.513740829463255,0.20000000000000018,server_0,True,True
autoscale-python-pi,1683514562272,158,7.809205335578207,0.2,7.809205335578207,0.1999999999999993,server_0,True,True
autoscale-python-pi,1683514562272,166,7.89831473936275,0.2,7.89831473936275,0.1999999999999993,server_0,True,True
autoscale-python-pi,1683514562272,174,8.100424565311338,0.2,8.100424565311338,0.1999999999999993,server_0,True,True
autoscale-python-pi,1683514562272,182,8.289076625893832,0.2,8.289076625893832,0.1999999999999993,server_0,True,True
autoscale-python-pi,1683514562272,190,8.59616256004848,0.2,8.59616256004848,0.1999999999999993,server_0,True,True
autoscale-python-pi,1683514562272,198,8.739316869560751,0.2,8.739316869560751,0.1999999999999993,server_0,True,True
autoscale-python-pi,1683514562272,206,8.94762436727472,0.2,8.94762436727472,0.1999999999999993,server_0,True,True
autoscale-python-pi,1683514562272,214,9.237112158262603,0.2,9.237112158262603,0.1999999999999993,server_0,True,True
autoscale-python-pi,1683514562272,222,9.430557830305863,0.2,9.430557830305863,0.1999999999999993,server_0,True,True
autoscale-python-pi,1683514562272,230,9.55214338288581,0.2,9.55214338288581,0.1999999999999993,server_0,True,True
autoscale-python-pi,1683514562272,238,9.76013380482217,0.2,9.76013380482217,0.1999999999999993,server_0,True,True
autoscale-python-pi,1683514562272,246,9.924259324349539,0.2,9.924259324349539,0.1999999999999993,server_0,True,True
autoscale-python-pi,1683514562272,254,10.142330416006219,0.2,10.142330416006219,0.1999999999999993,server_0,True,True
autoscale-python-pi,1683514562272,262,10.301155432486182,0.2,10.301155432486182,0.1999999999999993,server_0,True,True
autoscale-python-pi,1683514562272,270,10.485580994944502,0.2,10.485580994944502,0.1999999999999993,server_0,True,True
autoscale-python-pi,1683514562272,278,10.616543349560015,0.2,10.616543349560015,0.1999999999999993,server_0,True,True
autoscale-python-pi,1683514562272,286,10.812728779677666,0.2,10.812728779677666,0.1999999999999993,server_0,True,True
autoscale-python-pi,1683514562272,294,10.993432518137826,0.2,10.993432518137826,0.1999999999999993,server_0,True,True
autoscale-python-pi,1683514562272,302,11.333565759100606,0.2,11.333565759100606,0.1999999999999993,server_0,True,True
autoscale-python-pi,1683514562272,310,11.688980914388873,0.2,11.688980914388873,0.1999999999999993,server_0,True,True
autoscale-python-pi,1683514562272,318,11.889006150867706,0.2,11.889006150867706,0.1999999999999993,server_0,True,True
autoscale-python-pi,1683514562272,326,11.98111488427964,0.2,11.98111488427964,0.1999999999999993,server_0,True,True
autoscale-python-pi,1683514562272,334,12.131857076906641,0.2,12.131857076906641,0.1999999999999993,server_0,True,True
autoscale-python-pi,1683514562272,342,12.406061011588395,0.2,12.406061011588395,0.1999999999999993,server_0,True,True
autoscale-python-pi,1683514562272,350,12.604427371276303,0.2,12.604427371276303,0.1999999999999993,server_0,True,True
autoscale-python-pi,1683514562272,358,12.950818505730709,0.2,12.950818505730709,0.1999999999999993,server_0,True,True
autoscale-python-pi,1683514562272,366,13.209116051902004,0.2,13.209116051902004,0.1999999999999993,server_0,True,True
autoscale-python-pi,1683514562272,374,13.387336257120655,0.2,13.387336257120655,0.1999999999999993,server_0,True,True
autoscale-python-pi,1683514562272,382,13.557613824027861,0.2,13.557613824027861,0.1999999999999993,server_0,True,True
autoscale-python-pi,1683514562272,390,13.75544787752947,0.2,13.75544787752947,0.1999999999999993,server_0,True,True
autoscale-python-pi,1683514562272,398,13.932621819241778,0.2,13.932621819241778,0.1999999999999993,server_0,True,True
autoscale-python-pi,1683514562272,406,14.110754024736387,0.2,14.110754024736387,0.1999999999999993,server_0,True,True
autoscale-python-pi,1683514562272,414,14.215021007956453,0.2,14.215021007956453,0.1999999999999993,server_0,True,True
autoscale-python-pi,1683514562272,422,14.418277562519108,0.2,14.418277562519108,0.1999999999999993,server_0,True,True
autoscale-python-pi,1683514562272,430,14.518529517407341,0.2,14.518529517407341,0.1999999999999993,server_0,True,True
autoscale-python-pi,1683514562272,438,14.680097058181165,0.2,14.680097058181165,0.1999999999999993,server_0,True,True
autoscale-python-pi,1683514562272,446,14.825209946992752,0.2,14.825209946992752,0.1999999999999993,server_0,True,True
autoscale-python-pi,1683514562272,454,15.036213425122856,0.2,15.036213425122856,0.1999999999999993,server_0,True,True
autoscale-python-pi,1683514562272,462,15.198683877961944,0.2,15.198683877961944,0.1999999999999993,server_0,True,True
autoscale-python-pi,1683514562272,470,15.325941778399606,0.2,15.325941778399606,0.1999999999999993,server_0,True,True
autoscale-python-pi,1683514562272,478,15.463253498514396,0.2,15.463253498514396,0.1999999999999993,server_0,True,True
autoscale-python-pi,1683514562272,486,15.672250615695534,0.2,15.672250615695534,0.1999999999999993,server_0,True,True
autoscale-python-pi,1683514562272,494,15.828864501282641,0.2,15.828864501282641,0.1999999999999993,server_0,True,True
autoscale-python-pi,1683514562272,502,16.070037397883112,0.2,16.070037397883112,0.1999999999999993,server_0,True,True
autoscale-python-pi,1683514562272,510,16.19552714690521,0.2,16.19552714690521,0.1999999999999993,server_0,True,True
autoscale-python-pi,1683514562272,518,16.27812726127103,0.2,16.27812726127103,0.1999999999999993,server_0,True,True
autoscale-python-pi,1683514562272,526,16.511522558085545,0.2,16.511522558085545,0.1999999999999993,server_0,True,True
autoscale-python-pi,1683514562272,534,16.754490077245663,0.2,16.754490077245663,0.1999999999999993,server_0,True,True
autoscale-python-pi,1683514562272,542,16.950970551671485,0.2,16.950970551671485,0.1999999999999993,server_0,True,True
autoscale-python-pi,1683514562272,550,17.136655999978966,0.2,17.136655999978966,0.1999999999999993,server_0,True,True
autoscale-python-pi,1683514562272,558,17.443943514885206,0.2,17.443943514885206,0.1999999999999993,server_0,True,True
autoscale-python-pi,1683514562272,566,17.602904807812656,0.2,17.602904807812656,0.1999999999999993,server_0,True,True
autoscale-python-pi,1683514562272,574,17.85833980198619,0.2,17.85833980198619,0.1999999999999993,server_0,True,True
autoscale-python-pi,1683514562272,582,18.02508073740643,0.2,18.02508073740643,0.1999999999999993,server_0,True,True
autoscale-python-pi,1683514562272,590,18.296319656908345,0.2,18.296319656908345,0.1999999999999993,server_0,True,True
autoscale-python-pi,1683514562272,598,18.440772047572487,0.2,18.440772047572487,0.1999999999999993,server_0,True,True
autoscale-python-pi,1683514562272,606,18.69318214637676,0.2,18.69318214637676,0.1999999999999993,server_0,True,True
autoscale-python-pi,1683514562272,614,18.805700626222293,0.2,18.805700626222293,0.1999999999999993,server_0,True,True
autoscale-python-pi,1683514562272,622,18.944266486133095,0.2,18.944266486133095,0.1999999999999993,server_0,True,True
autoscale-python-pi,1683514562272,630,19.109834512296302,0.2,19.109834512296302,0.1999999999999993,server_0,True,True
autoscale-python-pi,1683514562272,638,19.284254099868434,0.2,19.284254099868434,0.1999999999999993,server_0,True,True
autoscale-python-pi,1683514562272,646,19.537529882851675,0.2,19.537529882851675,0.1999999999999993,server_0,True,True
autoscale-python-pi,1683514562272,654,19.85859205402711,0.2,19.85859205402711,0.1999999999999993,server_0,True,True
autoscale-python-pi,1683514562272,662,20.192752367955634,0.2,20.192752367955634,0.1999999999999993,server_0,True,True
autoscale-python-pi,1683514562272,670,20.536700299727066,0.2,20.536700299727066,0.1999999999999993,server_0,True,True
autoscale-python-pi,1683514562272,678,20.820737683168737,0.2,20.820737683168737,0.1999999999999993,server_0,True,True
autoscale-python-pi,1683514562272,686,20.888482226563532,0.2,20.888482226563532,0.1999999999999993,server_0,True,True
autoscale-python-pi,1683514562272,694,21.04332331750897,0.2,21.04332331750897,0.1999999999999993,server_0,True,True
autoscale-python-pi,1683514562272,702,21.210567310859492,0.2,21.210567310859492,0.1999999999999993,server_0,True,True
autoscale-python-pi,1683514562272,710,21.29500345222066,0.2,21.29500345222066,0.1999999999999993,server_0,True,True
autoscale-python-pi,1683514562272,718,21.548228048171087,0.2,21.548228048171087,0.1999999999999993,server_0,True,True
autoscale-python-pi,1683514562272,726,21.6437813048864,0.2,21.6437813048864,0.1999999999999993,server_0,True,True
autoscale-python-pi,1683514562272,734,21.76848834188379,0.2,21.76848834188379,0.1999999999999993,server_0,True,True
autoscale-python-pi,1683514562272,742,22.156341602761213,0.2,22.156341602761213,0.1999999999999993,server_0,True,True
autoscale-python-pi,1683514562272,750,22.387074490260048,0.2,22.387074490260048,0.1999999999999993,server_0,True,True
autoscale-python-pi,1683514562272,758,22.531024187423593,0.2,22.531024187423593,0.1999999999999993,server_0,True,True
autoscale-python-pi,1683514562272,766,22.743322203123842,0.2,22.743322203123842,0.1999999999999993,server_0,True,True
autoscale-python-pi,1683514562272,774,22.999339617987033,0.2,22.999339617987033,0.1999999999999993,server_0,True,True
autoscale-python-pi,1683514562272,782,23.205680799270812,0.2,23.205680799270812,0.1999999999999993,server_0,True,True
autoscale-python-pi,1683514562272,790,23.62179621285068,0.2,23.62179621285068,0.1999999999999993,server_0,True,True
autoscale-python-pi,1683514562272,798,23.71330419550503,0.2,23.71330419550503,0.1999999999999993,server_0,True,True
autoscale-python-pi,1683514562272,806,24.042544973712026,0.2,24.042544973712026,0.1999999999999993,server_0,True,True
autoscale-python-pi,1683514562272,814,24.159631638887735,0.2,24.159631638887735,0.1999999999999993,server_0,True,True
autoscale-python-pi,1683514562272,822,24.306100278158095,0.2,24.306100278158095,0.1999999999999993,server_0,True,True
autoscale-python-pi,1683514562272,830,24.418380472665003,0.2,24.418380472665003,0.1999999999999993,server_0,True,True
autoscale-python-pi,1683514562272,838,24.79903558090315,0.2,24.79903558090315,0.1999999999999993,server_0,True,True
autoscale-python-pi,1683514562272,846,25.05792583314948,0.2,25.05792583314948,0.1999999999999993,server_0,True,True
autoscale-python-pi,1683514562272,854,25.218168428669514,0.2,25.218168428669514,0.1999999999999993,server_0,True,True
autoscale-python-pi,1683514562272,862,25.499873961605175,0.2,25.499873961605175,0.1999999999999993,server_0,True,True
autoscale-python-pi,1683514562272,870,25.71406595435869,0.2,25.71406595435869,0.1999999999999993,server_0,True,True
autoscale-python-pi,1683514562272,878,25.83354988556521,0.2,25.83354988556521,0.1999999999999993,server_0,True,True
autoscale-python-pi,1683514562272,886,26.04006556674843,0.2,26.04006556674843,0.1999999999999993,server_0,True,True
autoscale-python-pi,1683514562272,894,26.27082923727569,0.2,26.27082923727569,0.1999999999999993,server_0,True,True
autoscale-python-pi,1683514562272,902,26.54498600918776,0.2,26.54498600918776,0.1999999999999993,server_0,True,True
autoscale-python-pi,1683514562272,910,26.71902128781481,0.2,26.71902128781481,0.1999999999999993,server_0,True,True
autoscale-python-pi,1683514562272,918,26.903908735403135,0.2,26.903908735403135,0.1999999999999993,server_0,True,True
autoscale-python-pi,1683514562272,926,27.010774785116173,0.2,27.010774785116173,0.1999999999999993,server_0,True,True
autoscale-python-pi,1683514562272,934,27.179212364178518,0.2,27.179212364178518,0.1999999999999993,server_0,True,True
autoscale-python-pi,1683514562272,942,27.427493360071594,0.2,27.427493360071594,0.1999999999999993,server_0,True,True
autoscale-python-pi,1683514562272,950,27.69783798524956,0.2,27.69783798524956,0.1999999999999993,server_0,True,True
autoscale-python-pi,1683514562272,958,27.870593449231542,0.2,27.870593449231542,0.1999999999999993,server_0,True,True
autoscale-python-pi,1683514562272,966,28.022601118361468,0.2,28.022601118361468,0.1999999999999993,server_0,True,True
autoscale-python-pi,1683514562272,974,28.3515873987981,0.2,28.3515873987981,0.1999999999999993,server_0,True,True
autoscale-python-pi,1683514562272,982,28.635134147656608,0.2,28.635134147656608,0.1999999999999993,server_0,True,True
autoscale-python-pi,1683514562272,990,28.822205972371844,0.2,28.822205972371844,0.1999999999999993,server_0,True,True
autoscale-python-pi,1683514562272,998,28.980674260108213,0.2,28.980674260108213,0.1999999999999993,server_0,True,True
autoscale-python-pi,1683514562272,1006,29.146089458579347,0.2,29.146089458579347,0.1999999999999993,server_0,True,True
autoscale-python-pi,1683514562272,1014,29.33215597822806,0.2,29.33215597822806,0.1999999999999993,server_0,True,True
autoscale-python-pi,1683514562272,1022,29.561486960134356,0.2,29.561486960134356,0.1999999999999993,server_0,True,True
autoscale-python-pi,1683514562272,1030,29.6721289504723,0.2,29.6721289504723,0.1999999999999993,server_0,True,True
autoscale-python-pi,1683514562272,1038,29.909127126057424,0.2,29.909127126057424,0.1999999999999993,server_0,True,True
autoscale-python-pi,1683514562272,1046,30.056415073713055,0.2,30.056415073713055,0.1999999999999993,server_0,True,True
autoscale-python-pi,1683514562272,1054,30.274083177315465,0.2,30.274083177315465,0.1999999999999993,server_0,True,True
autoscale-python-pi,1683514562272,1062,30.41315344166091,0.2,30.41315344166091,0.1999999999999993,server_0,True,True
autoscale-python-pi,1683514562272,1070,30.689147953076372,0.2,30.689147953076372,0.1999999999999993,server_0,True,True
autoscale-python-pi,1683514562272,1078,30.994925588167057,0.2,30.994925588167057,0.1999999999999993,server_0,True,True
autoscale-python-pi,1683514562272,1086,31.16991532665899,0.2,31.16991532665899,0.1999999999999993,server_0,True,True
autoscale-python-pi,1683514562272,1094,31.431088276155275,0.2,31.431088276155275,0.1999999999999993,server_0,True,True
autoscale-python-pi,1683514562272,1102,31.54942420758391,0.2,31.54942420758391,0.1999999999999993,server_0,True,True
autoscale-python-pi,1683514562272,1110,31.699358741767156,0.2,31.699358741767156,0.1999999999999993,server_0,True,True
autoscale-python-pi,1683514562272,1118,31.885653367437744,0.2,31.885653367437744,0.1999999999999993,server_0,True,True
autoscale-python-pi,1683514562272,1126,32.01269733700465,0.2,32.01269733700465,0.20000000000000284,server_0,True,True
autoscale-python-pi,1683514562272,1134,32.20454734586006,0.2,32.20454734586006,0.20000000000000284,server_0,True,True
autoscale-python-pi,1683514562272,1142,32.37467219277065,0.2,32.37467219277065,0.20000000000000284,server_0,True,True
autoscale-python-pi,1683514562272,1150,32.668813856208736,0.2,32.668813856208736,0.20000000000000284,server_0,True,True
autoscale-python-pi,1683514562272,1158,32.963442722293514,0.2,32.963442722293514,0.20000000000000284,server_0,True,True
autoscale-python-pi,1683514562272,1166,33.193543678535406,0.2,33.193543678535406,0.20000000000000284,server_0,True,True
autoscale-python-pi,1683514562272,1174,33.402621404391624,0.2,33.402621404391624,0.20000000000000284,server_0,True,True
autoscale-python-pi,1683514562272,1182,33.51208682119284,0.2,33.51208682119284,0.20000000000000284,server_0,True,True
autoscale-python-pi,1683514562272,1190,33.786870690791275,0.2,33.786870690791275,0.20000000000000284,server_0,True,True
autoscale-python-pi,1683514562272,1198,34.05292210757908,0.2,34.05292210757908,0.20000000000000284,server_0,True,True
autoscale-python-pi,1683514562272,1206,34.14140728983154,0.2,34.14140728983154,0.20000000000000284,server_0,True,True
autoscale-python-pi,1683514562272,1214,34.27299267036454,0.2,34.27299267036454,0.20000000000000284,server_0,True,True
autoscale-python-pi,1683514562272,1222,34.43574743880209,0.2,34.43574743880209,0.20000000000000284,server_0,True,True
autoscale-python-pi,1683514562272,1230,34.6235949228594,0.2,34.6235949228594,0.20000000000000284,server_0,True,True
autoscale-python-pi,1683514562272,1238,34.861191336442424,0.2,34.861191336442424,0.20000000000000284,server_0,True,True
autoscale-python-pi,1683514562272,1246,34.9695787030366,0.2,34.9695787030366,0.20000000000000284,server_0,True,True
autoscale-python-pi,1683514562272,1254,35.11699478599953,0.2,35.11699478599953,0.20000000000000284,server_0,True,True
autoscale-python-pi,1683514562272,1262,35.39888688296715,0.2,35.39888688296715,0.20000000000000284,server_0,True,True
autoscale-python-pi,1683514562272,1270,35.55343366059232,0.2,35.55343366059232,0.20000000000000284,server_0,True,True
autoscale-python-pi,1683514562272,1278,35.66101864805846,0.2,35.66101864805846,0.20000000000000284,server_0,True,True
autoscale-python-pi,1683514562272,1286,35.812030406800396,0.2,35.812030406800396,0.20000000000000284,server_0,True,True
autoscale-python-pi,1683514562272,1294,36.08980273512865,0.2,36.08980273512865,0.20000000000000284,server_0,True,True
autoscale-python-pi,1683514562272,1302,36.239000000022656,0.2,36.239000000022656,0.20000000000000284,server_0,True,True
autoscale-python-pi,1683514562272,1310,36.39925615931281,0.2,36.39925615931281,0.20000000000000284,server_0,True,True
autoscale-python-pi,1683514562272,1318,36.5309568373658,0.2,36.5309568373658,0.20000000000000284,server_0,True,True
autoscale-python-pi,1683514562272,1326,36.710506672280225,0.2,36.710506672280225,0.20000000000000284,server_0,True,True
autoscale-python-pi,1683514562272,1334,36.97371480818869,0.2,36.97371480818869,0.20000000000000284,server_0,True,True
autoscale-python-pi,1683514562272,1342,37.18650353170159,0.2,37.18650353170159,0.20000000000000284,server_0,True,True
autoscale-python-pi,1683514562272,1350,37.41593835894764,0.2,37.41593835894764,0.20000000000000284,server_0,True,True
autoscale-python-pi,1683514562272,1358,37.5442047209848,0.2,37.5442047209848,0.20000000000000284,server_0,True,True
autoscale-python-pi,1683514562272,1366,37.91922830474455,0.2,37.91922830474455,0.20000000000000284,server_0,True,True
autoscale-python-pi,1683514562272,1374,38.11621230784112,0.2,38.11621230784112,0.20000000000000284,server_0,True,True
autoscale-python-pi,1683514562272,1382,38.32188716705088,0.2,38.32188716705088,0.20000000000000284,server_0,True,True
autoscale-python-pi,1683514562272,1390,38.67706585045639,0.2,38.67706585045639,0.20000000000000284,server_0,True,True
autoscale-python-pi,1683514562272,1398,38.79697300391959,0.2,38.79697300391959,0.20000000000000284,server_0,True,True
autoscale-python-pi,1683514562272,1406,38.90151365017433,0.2,38.90151365017433,0.20000000000000284,server_0,True,True
autoscale-python-pi,1683514562272,1414,39.07729928365974,0.2,39.07729928365974,0.20000000000000284,server_0,True,True
autoscale-python-pi,1683514562272,1422,39.23206569021068,0.2,39.23206569021068,0.20000000000000284,server_0,True,True
autoscale-python-pi,1683514562272,1430,39.44999149571978,0.2,39.44999149571978,0.20000000000000284,server_0,True,True
autoscale-python-pi,1683514562272,1438,39.70250417686405,0.2,39.70250417686405,0.20000000000000284,server_0,True,True
autoscale-python-pi,1683514562272,1446,39.90425590326647,0.2,39.90425590326647,0.20000000000000284,server_0,True,True
autoscale-python-pi,1683514562272,1454,40.096984568142105,0.2,40.096984568142105,0.20000000000000284,server_0,True,True
autoscale-python-pi,1683514562272,1462,40.2634927948989,0.2,40.2634927948989,0.20000000000000284,server_0,True,True
autoscale-python-pi,1683514562272,1470,40.617024463390116,0.2,40.617024463390116,0.20000000000000284,server_0,True,True
autoscale-python-pi,1683514562272,1478,40.874403618145294,0.2,40.874403618145294,0.20000000000000284,server_0,True,True
autoscale-python-pi,1683514562272,1486,41.13097741108036,0.2,41.13097741108036,0.20000000000000284,server_0,True,True
autoscale-python-pi,1683514562272,1494,41.40034971151881,0.2,41.40034971151881,0.20000000000000284,server_0,True,True
autoscale-python-pi,1683514562272,1502,41.58938845809833,0.2,41.58938845809833,0.20000000000000284,server_0,True,True
autoscale-python-pi,1683514562272,1510,41.85474594251477,0.2,41.85474594251477,0.20000000000000284,server_0,True,True
autoscale-python-pi,1683514562272,1518,41.98295974613608,0.2,41.98295974613608,0.20000000000000284,server_0,True,True
autoscale-python-pi,1683514562272,1526,42.1945194903222,0.2,42.1945194903222,0.20000000000000284,server_0,True,True
autoscale-python-pi,1683514562272,1534,42.42202080189906,0.2,42.42202080189906,0.20000000000000284,server_0,True,True
autoscale-python-pi,1683514562272,1542,42.571021052112116,0.2,42.571021052112116,0.20000000000000284,server_0,True,True
autoscale-python-pi,1683514562272,1550,42.848233085260766,0.2,42.848233085260766,0.20000000000000284,server_0,True,True
autoscale-python-pi,1683514562272,1558,42.95015387224834,0.2,42.95015387224834,0.20000000000000284,server_0,True,True
autoscale-python-pi,1683514562272,1566,43.19106424972281,0.2,43.19106424972281,0.20000000000000284,server_0,True,True
autoscale-python-pi,1683514562272,1574,43.31758444574527,0.2,43.31758444574527,0.20000000000000284,server_0,True,True
autoscale-python-pi,1683514562272,1582,43.572464570243845,0.2,43.572464570243845,0.20000000000000284,server_0,True,True
autoscale-python-pi,1683514562272,1590,43.69854088778631,0.2,43.69854088778631,0.20000000000000284,server_0,True,True
autoscale-python-pi,1683514562272,1598,43.81029354751746,0.2,43.81029354751746,0.20000000000000284,server_0,True,True
autoscale-python-pi,1683514562272,1606,44.089601552727544,0.2,44.089601552727544,0.20000000000000284,server_0,True,True
autoscale-python-pi,1683514562272,1614,44.174034319652776,0.2,44.174034319652776,0.20000000000000284,server_0,True,True
autoscale-python-pi,1683514562272,1622,44.41492704003951,0.2,44.41492704003951,0.20000000000000284,server_0,True,True
autoscale-python-pi,1683514562272,1630,44.66378575929298,0.2,44.66378575929298,0.20000000000000284,server_0,True,True
autoscale-python-pi,1683514562272,1638,44.84581214619186,0.2,44.84581214619186,0.20000000000000284,server_0,True,True
autoscale-python-pi,1683514562272,1646,44.97665436678892,0.2,44.97665436678892,0.20000000000000284,server_0,True,True
autoscale-python-pi,1683514562272,1654,45.17612407748213,0.2,45.17612407748213,0.20000000000000284,server_0,True,True
autoscale-python-pi,1683514562272,1662,45.327493625677185,0.2,45.327493625677185,0.20000000000000284,server_0,True,True
autoscale-python-pi,1683514562272,1670,45.49964533991402,0.2,45.49964533991402,0.20000000000000284,server_0,True,True
autoscale-python-pi,1683514562272,1678,45.59183253193205,0.2,45.59183253193205,0.20000000000000284,server_0,True,True
autoscale-python-pi,1683514562272,1686,45.77567748753047,0.2,45.77567748753047,0.20000000000000284,server_0,True,True
autoscale-python-pi,1683514562272,1694,46.036028410201986,0.2,46.036028410201986,0.20000000000000284,server_0,True,True
autoscale-python-pi,1683514562272,1702,46.21412486301941,0.2,46.21412486301941,0.20000000000000284,server_0,True,True
autoscale-python-pi,1683514562272,1710,46.39558369345936,0.2,46.39558369345936,0.20000000000000284,server_0,True,True
autoscale-python-pi,1683514562272,1718,46.687851914402245,0.2,46.687851914402245,0.20000000000000284,server_0,True,True
autoscale-python-pi,1683514562272,1726,46.890619822445956,0.2,46.890619822445956,0.20000000000000284,server_0,True,True
autoscale-python-pi,1683514562272,1734,47.06811819326424,0.2,47.06811819326424,0.20000000000000284,server_0,True,True
autoscale-python-pi,1683514562272,1742,47.209997666639346,0.2,47.209997666639346,0.20000000000000284,server_0,True,True
autoscale-python-pi,1683514562272,1750,47.60912064187731,0.2,47.60912064187731,0.20000000000000284,server_0,True,True
autoscale-python-pi,1683514562272,1758,47.806136862923715,0.2,47.806136862923715,0.20000000000000284,server_0,True,True
autoscale-python-pi,1683514562272,1766,48.09044763739102,0.2,48.09044763739102,0.20000000000000284,server_0,True,True
autoscale-python-pi,1683514562272,1774,48.387331075970664,0.2,48.387331075970664,0.20000000000000284,server_0,True,True
autoscale-python-pi,1683514562272,1782,48.62395241644541,0.2,48.62395241644541,0.20000000000000284,server_0,True,True
autoscale-python-pi,1683514562272,1790,48.760675915730864,0.2,48.760675915730864,0.20000000000000284,server_0,True,True
autoscale-python-pi,1683514562272,1798,48.88819410121965,0.2,48.88819410121965,0.20000000000000284,server_0,True,True
autoscale-python-pi,1683514562272,1806,48.99659830964977,0.2,48.99659830964977,0.20000000000000284,server_0,True,True
autoscale-python-pi,1683514562272,1814,49.11940385709466,0.2,49.11940385709466,0.20000000000000284,server_0,True,True
autoscale-python-pi,1683514562272,1822,49.33027525465706,0.2,49.33027525465706,0.20000000000000284,server_0,True,True
autoscale-python-pi,1683514562272,1830,49.49384658406944,0.2,49.49384658406944,0.20000000000000284,server_0,True,True
autoscale-python-pi,1683514562272,1838,49.668367301906606,0.2,49.668367301906606,0.20000000000000284,server_0,True,True
autoscale-python-pi,1683514562272,1846,50.05299160786616,0.2,50.05299160786616,0.20000000000000284,server_0,True,True
autoscale-python-pi,1683514562272,1854,50.33508992445981,0.2,50.33508992445981,0.20000000000000284,server_0,True,True
autoscale-python-pi,1683514562272,1862,50.45631613402514,0.2,50.45631613402514,0.20000000000000284,server_0,True,True
autoscale-python-pi,1683514562272,1870,50.55306161250826,0.2,50.55306161250826,0.20000000000000284,server_0,True,True
autoscale-python-pi,1683514562272,1878,50.71661586699563,0.2,50.71661586699563,0.20000000000000284,server_0,True,True
autoscale-python-pi,1683514562272,1886,50.82712763221547,0.2,50.82712763221547,0.20000000000000284,server_0,True,True
autoscale-python-pi,1683514562272,1894,51.01739843025478,0.2,51.01739843025478,0.20000000000000284,server_0,True,True
autoscale-python-pi,1683514562272,1902,51.171900150701084,0.2,51.171900150701084,0.20000000000000284,server_0,True,True
autoscale-python-pi,1683514562272,1910,51.30348790811687,0.2,51.30348790811687,0.20000000000000284,server_0,True,True
autoscale-python-pi,1683514562272,1918,51.43646737155657,0.2,51.43646737155657,0.20000000000000284,server_0,True,True
autoscale-python-pi,1683514562272,1926,51.76139024733839,0.2,51.76139024733839,0.20000000000000284,server_0,True,True
autoscale-python-pi,1683514562272,1934,51.82647758847631,0.2,51.82647758847631,0.20000000000000284,server_0,True,True
autoscale-python-pi,1683514562272,1942,51.98412977835222,0.2,51.98412977835222,0.20000000000000284,server_0,True,True
autoscale-python-pi,1683514562272,1950,52.13237225014279,0.2,52.13237225014279,0.20000000000000284,server_0,True,True
autoscale-python-pi,1683514562272,1958,52.255569578289055,0.2,52.255569578289055,0.20000000000000284,server_0,True,True
autoscale-python-pi,1683514562272,1966,52.65846839574902,0.2,52.65846839574902,0.20000000000000284,server_0,True,True
autoscale-python-pi,1683514562272,1974,52.80716476768231,0.2,52.80716476768231,0.20000000000000284,server_0,True,True
autoscale-python-pi,1683514562272,1982,53.07284453273171,0.2,53.07284453273171,0.20000000000000284,server_0,True,True
autoscale-python-pi,1683514562272,1990,53.36726721525085,0.2,53.36726721525085,0.20000000000000284,server_0,True,True
autoscale-python-pi,1683514562272,1998,53.526716154609396,0.2,53.526716154609396,0.20000000000000284,server_0,True,True
autoscale-python-pi,1683514605056,1,3.0133824978566586,0.2,3.0133824978566586,0.20000000000000018,server_0,True,True
autoscale-python-pi,1683514605056,2,3.1143803016053,0.2,3.1143803016053,0.20000000000000018,server_0,True,True
autoscale-python-pi,1683514605056,3,3.213217677653192,0.2,3.213217677653192,0.20000000000000018,server_0,True,True
autoscale-python-pi,1683514605056,4,3.265157267798581,0.2,3.265157267798581,0.20000000000000018,server_0,True,True
autoscale-python-pi,1683514605056,5,3.33164423145473,0.2,3.33164423145473,0.20000000000000018,server_0,True,True
autoscale-python-pi,1683514605056,6,3.369381398719986,0.2,3.369381398719986,0.20000000000000018,server_0,True,True
autoscale-python-pi,1683514605056,7,3.3723359355117317,0.2,3.3723359355117317,0.20000000000000018,server_0,True,True
autoscale-python-pi,1683514605056,8,3.373085499207122,0.2,3.373085499207122,0.20000000000000018,server_0,True,True
autoscale-python-pi,1683514605056,9,3.388301048502054,0.2,3.388301048502054,0.20000000000000018,server_0,True,True
autoscale-python-pi,1683514605056,10,3.3887529820174978,0.2,3.3887529820174978,0.20000000000000018,server_0,True,True
autoscale-python-pi,1683514605056,11,3.3899922160930562,0.2,3.3899922160930562,0.20000000000000018,server_0,True,True
autoscale-python-pi,1683514605056,12,3.4329653227672328,0.2,3.4329653227672328,0.20000000000000018,server_0,True,True
autoscale-python-pi,1683514605056,13,3.4419984446431604,0.2,3.4419984446431604,0.20000000000000018,server_0,True,True
autoscale-python-pi,1683514605056,14,3.4704673993537987,0.2,3.4704673993537987,0.20000000000000018,server_0,True,True
autoscale-python-pi,1683514605056,15,3.4880797693209575,0.2,3.4880797693209575,0.20000000000000018,server_0,True,True
autoscale-python-pi,1683514605056,16,3.5016063580509216,0.2,3.5016063580509216,0.20000000000000018,server_0,True,True
autoscale-python-pi,1683514605056,17,3.515263922596633,0.2,3.515263922596633,0.20000000000000018,server_0,True,True
autoscale-python-pi,1683514605056,18,3.581583568851247,0.2,3.581583568851247,0.20000000000000018,server_0,True,True
autoscale-python-pi,1683514605056,19,3.5951211362557656,0.2,3.5951211362557656,0.20000000000000018,server_0,True,True
autoscale-python-pi,1683514605056,20,3.601023827974458,0.2,3.601023827974458,0.20000000000000018,server_0,True,True
autoscale-python-pi,1683514605056,21,3.641852991551865,0.2,3.641852991551865,0.20000000000000018,server_0,True,True
autoscale-python-pi,1683514605056,22,3.6775979000336108,0.2,3.6775979000336108,0.20000000000000018,server_0,True,True
autoscale-python-pi,1683514605056,23,3.69774052436248,0.2,3.69774052436248,0.20000000000000018,server_0,True,True
autoscale-python-pi,1683514605056,24,3.7035582403167258,0.2,3.7035582403167258,0.20000000000000018,server_0,True,True
autoscale-python-pi,1683514605056,25,3.7506659915041936,0.2,3.7506659915041936,0.20000000000000018,server_0,True,True
autoscale-python-pi,1683514605056,26,3.763694231134306,0.2,3.763694231134306,0.20000000000000018,server_0,True,True
autoscale-python-pi,1683514605056,27,3.787461189534541,0.2,3.787461189534541,0.20000000000000018,server_0,True,True
autoscale-python-pi,1683514605056,28,3.811455809078422,0.2,3.811455809078422,0.19999999999999973,server_0,True,True
autoscale-python-pi,1683514605056,29,3.8513214572923697,0.2,3.8513214572923697,0.20000000000000018,server_0,True,True
autoscale-python-pi,1683514605056,30,3.869620361978091,0.2,3.869620361978091,0.19999999999999973,server_0,True,True
autoscale-python-pi,1683514605056,31,3.895710314155004,0.2,3.895710314155004,0.19999999999999973,server_0,True,True
autoscale-python-pi,1683514605056,32,3.9435453710138795,0.2,3.9435453710138795,0.20000000000000018,server_0,True,True
autoscale-python-pi,1683514605056,33,3.9555758479222756,0.2,3.9555758479222756,0.19999999999999973,server_0,True,True
autoscale-python-pi,1683514605056,34,3.9668187418317924,0.2,3.9668187418317924,0.20000000000000018,server_0,True,True
autoscale-python-pi,1683514605056,35,3.977480459960487,0.2,3.977480459960487,0.19999999999999973,server_0,True,True
autoscale-python-pi,1683514605056,36,3.9928335480780177,0.2,3.9928335480780177,0.20000000000000018,server_0,True,True
autoscale-python-pi,1683514605056,37,4.040514138578047,0.2,4.040514138578047,0.20000000000000018,server_0,True,True
autoscale-python-pi,1683514605056,38,4.047671610570661,0.2,4.047671610570661,0.20000000000000018,server_0,True,True
autoscale-python-pi,1683514605056,39,4.063711045842526,0.2,4.063711045842526,0.20000000000000018,server_0,True,True
autoscale-python-pi,1683514605056,40,4.066318356023452,0.2,4.066318356023452,0.20000000000000018,server_0,True,True
autoscale-python-pi,1683514605056,41,4.125915393206417,0.2,4.125915393206417,0.20000000000000018,server_0,True,True
autoscale-python-pi,1683514605056,42,4.131766644661076,0.2,4.131766644661076,0.20000000000000018,server_0,True,True
autoscale-python-pi,1683514605056,43,4.168988739658729,0.2,4.168988739658729,0.20000000000000018,server_0,True,True
autoscale-python-pi,1683514605056,44,4.207481053809106,0.2,4.207481053809106,0.20000000000000018,server_0,True,True
autoscale-python-pi,1683514605056,45,4.210931017647033,0.2,4.210931017647033,0.20000000000000018,server_0,True,True
autoscale-python-pi,1683514605056,46,4.219894370799724,0.2,4.219894370799724,0.20000000000000018,server_0,True,True
autoscale-python-pi,1683514605056,47,4.2605682084634635,0.2,4.2605682084634635,0.20000000000000018,server_0,True,True
autoscale-python-pi,1683514605056,48,4.262081005302859,0.2,4.262081005302859,0.20000000000000018,server_0,True,True
autoscale-python-pi,1683514605056,49,4.2626130713699,0.2,4.2626130713699,0.20000000000000018,server_0,True,True
autoscale-python-pi,1683514605056,50,4.2757392195373525,0.2,4.2757392195373525,0.20000000000000018,server_0,True,True
autoscale-python-pi,1683514605056,51,4.277592608844244,0.2,4.277592608844244,0.20000000000000018,server_0,True,True
autoscale-python-pi,1683514605056,52,4.289269658444504,0.2,4.289269658444504,0.20000000000000018,server_0,True,True
autoscale-python-pi,1683514605056,53,4.351835853386698,0.2,4.351835853386698,0.20000000000000018,server_0,True,True
autoscale-python-pi,1683514605056,54,4.362766218678543,0.2,4.362766218678543,0.20000000000000018,server_0,True,True
autoscale-python-pi,1683514605056,55,4.389229858051525,0.2,4.389229858051525,0.20000000000000018,server_0,True,True
autoscale-python-pi,1683514605056,56,4.421682247100021,0.2,4.421682247100021,0.20000000000000018,server_0,True,True
autoscale-python-pi,1683514605056,57,4.4741830614441085,0.2,4.4741830614441085,0.20000000000000018,server_0,True,True
autoscale-python-pi,1683514605056,58,4.529808546096574,0.2,4.529808546096574,0.20000000000000018,server_0,True,True
autoscale-python-pi,1683514605056,66,4.72543577890558,0.2,4.72543577890558,0.20000000000000018,server_0,True,True
autoscale-python-pi,1683514605056,74,5.014521175282393,0.2,5.014521175282393,0.20000000000000018,server_0,True,True
autoscale-python-pi,1683514605056,82,5.179085680217192,0.2,5.179085680217192,0.20000000000000018,server_0,True,True
autoscale-python-pi,1683514605056,90,5.418146253755179,0.2,5.418146253755179,0.20000000000000018,server_0,True,True
autoscale-python-pi,1683514605056,98,5.8054606302842195,0.2,5.8054606302842195,0.20000000000000018,server_0,True,True
autoscale-python-pi,1683514605056,106,6.1016604985340095,0.2,6.1016604985340095,0.20000000000000018,server_0,True,True
autoscale-python-pi,1683514605056,114,6.239729961514926,0.2,6.239729961514926,0.20000000000000018,server_0,True,True
autoscale-python-pi,1683514605056,122,6.440196760871634,0.2,6.440196760871634,0.20000000000000018,server_0,True,True
autoscale-python-pi,1683514605056,130,6.775093065730375,0.2,6.775093065730375,0.20000000000000018,server_0,True,True
autoscale-python-pi,1683514605056,138,6.993131218029932,0.2,6.993131218029932,0.20000000000000018,server_0,True,True
autoscale-python-pi,1683514605056,146,7.472188388465801,0.2,7.472188388465801,0.20000000000000018,server_0,True,True
autoscale-python-pi,1683514605056,154,7.6735401398391785,0.2,7.6735401398391785,0.20000000000000018,server_0,True,True
autoscale-python-pi,1683514605056,162,7.837739643125271,0.2,7.837739643125271,0.1999999999999993,server_0,True,True
autoscale-python-pi,1683514605056,170,8.01456129374644,0.2,8.01456129374644,0.1999999999999993,server_0,True,True
autoscale-python-pi,1683514605056,178,8.191162156119994,0.2,8.191162156119994,0.1999999999999993,server_0,True,True
autoscale-python-pi,1683514605056,186,8.481235372522821,0.2,8.481235372522821,0.1999999999999993,server_0,True,True
autoscale-python-pi,1683514605056,194,8.68343813721642,0.2,8.68343813721642,0.1999999999999993,server_0,True,True
autoscale-python-pi,1683514605056,202,8.806215335808997,0.2,8.806215335808997,0.1999999999999993,server_0,True,True
autoscale-python-pi,1683514605056,210,9.146833528735668,0.2,9.146833528735668,0.1999999999999993,server_0,True,True
autoscale-python-pi,1683514605056,218,9.354780101508064,0.2,9.354780101508064,0.1999999999999993,server_0,True,True
autoscale-python-pi,1683514605056,226,9.52966363192548,0.2,9.52966363192548,0.1999999999999993,server_0,True,True
autoscale-python-pi,1683514605056,234,9.643109253806971,0.2,9.643109253806971,0.1999999999999993,server_0,True,True
autoscale-python-pi,1683514605056,242,9.849743385276785,0.2,9.849743385276785,0.1999999999999993,server_0,True,True
autoscale-python-pi,1683514605056,250,10.032577980242381,0.2,10.032577980242381,0.1999999999999993,server_0,True,True
autoscale-python-pi,1683514605056,258,10.231930843000262,0.2,10.231930843000262,0.1999999999999993,server_0,True,True
autoscale-python-pi,1683514605056,266,10.40840097612647,0.2,10.40840097612647,0.1999999999999993,server_0,True,True
autoscale-python-pi,1683514605056,274,10.555804201883179,0.2,10.555804201883179,0.1999999999999993,server_0,True,True
autoscale-python-pi,1683514605056,282,10.671967968803578,0.2,10.671967968803578,0.1999999999999993,server_0,True,True
autoscale-python-pi,1683514605056,290,10.90209219600223,0.2,10.90209219600223,0.1999999999999993,server_0,True,True
autoscale-python-pi,1683514605056,298,11.20331061351976,0.2,11.20331061351976,0.1999999999999993,server_0,True,True
autoscale-python-pi,1683514605056,306,11.519228462457388,0.2,11.519228462457388,0.1999999999999993,server_0,True,True
autoscale-python-pi,1683514605056,314,11.806355496846221,0.2,11.806355496846221,0.1999999999999993,server_0,True,True
autoscale-python-pi,1683514605056,322,11.938442651086683,0.2,11.938442651086683,0.1999999999999993,server_0,True,True
autoscale-python-pi,1683514605056,330,12.092182875444157,0.2,12.092182875444157,0.1999999999999993,server_0,True,True
autoscale-python-pi,1683514605056,338,12.261329524956913,0.2,12.261329524956913,0.1999999999999993,server_0,True,True
autoscale-python-pi,1683514605056,346,12.498088293249298,0.2,12.498088293249298,0.1999999999999993,server_0,True,True
autoscale-python-pi,1683514605056,354,12.8016423479457,0.2,12.8016423479457,0.1999999999999993,server_0,True,True
autoscale-python-pi,1683514605056,362,13.105602295192984,0.2,13.105602295192984,0.1999999999999993,server_0,True,True
autoscale-python-pi,1683514605056,370,13.315652461725847,0.2,13.315652461725847,0.1999999999999993,server_0,True,True
autoscale-python-pi,1683514605056,378,13.433381992190533,0.2,13.433381992190533,0.1999999999999993,server_0,True,True
autoscale-python-pi,1683514605056,386,13.663286564965894,0.2,13.663286564965894,0.1999999999999993,server_0,True,True
autoscale-python-pi,1683514605056,394,13.893328291076607,0.2,13.893328291076607,0.1999999999999993,server_0,True,True
autoscale-python-pi,1683514605056,402,14.026232560413835,0.2,14.026232560413835,0.1999999999999993,server_0,True,True
autoscale-python-pi,1683514605056,410,14.1663502343181,0.2,14.1663502343181,0.1999999999999993,server_0,True,True
autoscale-python-pi,1683514605056,418,14.334893043414295,0.2,14.334893043414295,0.1999999999999993,server_0,True,True
autoscale-python-pi,1683514605056,426,14.473302889365868,0.2,14.473302889365868,0.1999999999999993,server_0,True,True
autoscale-python-pi,1683514605056,434,14.587002547151481,0.2,14.587002547151481,0.1999999999999993,server_0,True,True
autoscale-python-pi,1683514605056,442,14.748428433990338,0.2,14.748428433990338,0.1999999999999993,server_0,True,True
autoscale-python-pi,1683514605056,450,14.945314515772596,0.2,14.945314515772596,0.1999999999999993,server_0,True,True
autoscale-python-pi,1683514605056,458,15.09941779169752,0.2,15.09941779169752,0.1999999999999993,server_0,True,True
autoscale-python-pi,1683514605056,466,15.291378518752492,0.2,15.291378518752492,0.1999999999999993,server_0,True,True
autoscale-python-pi,1683514605056,474,15.398095234373146,0.2,15.398095234373146,0.1999999999999993,server_0,True,True
autoscale-python-pi,1683514605056,482,15.570645796014109,0.2,15.570645796014109,0.1999999999999993,server_0,True,True
autoscale-python-pi,1683514605056,490,15.780598135563917,0.2,15.780598135563917,0.1999999999999993,server_0,True,True
autoscale-python-pi,1683514605056,498,15.993821067449133,0.2,15.993821067449133,0.1999999999999993,server_0,True,True
autoscale-python-pi,1683514605056,506,16.141574888278633,0.2,16.141574888278633,0.1999999999999993,server_0,True,True
autoscale-python-pi,1683514605056,514,16.22193453295508,0.2,16.22193453295508,0.1999999999999993,server_0,True,True
autoscale-python-pi,1683514605056,522,16.40993148875246,0.2,16.40993148875246,0.1999999999999993,server_0,True,True
autoscale-python-pi,1683514605056,530,16.659814199277324,0.2,16.659814199277324,0.1999999999999993,server_0,True,True
autoscale-python-pi,1683514605056,538,16.80275193319682,0.2,16.80275193319682,0.1999999999999993,server_0,True,True
autoscale-python-pi,1683514605056,546,17.006172904577944,0.2,17.006172904577944,0.1999999999999993,server_0,True,True
autoscale-python-pi,1683514605056,554,17.203011677671082,0.2,17.203011677671082,0.1999999999999993,server_0,True,True
autoscale-python-pi,1683514605056,562,17.51339347568117,0.2,17.51339347568117,0.1999999999999993,server_0,True,True
autoscale-python-pi,1683514605056,570,17.830467077896113,0.2,17.830467077896113,0.1999999999999993,server_0,True,True
autoscale-python-pi,1683514605056,578,17.8919160773496,0.2,17.8919160773496,0.1999999999999993,server_0,True,True
autoscale-python-pi,1683514605056,586,18.179411653594443,0.2,18.179411653594443,0.1999999999999993,server_0,True,True
autoscale-python-pi,1683514605056,594,18.394627486241333,0.2,18.394627486241333,0.1999999999999993,server_0,True,True
autoscale-python-pi,1683514605056,602,18.584542822217426,0.2,18.584542822217426,0.1999999999999993,server_0,True,True
autoscale-python-pi,1683514605056,610,18.747466101775284,0.2,18.747466101775284,0.1999999999999993,server_0,True,True
autoscale-python-pi,1683514605056,618,18.888211546051078,0.2,18.888211546051078,0.1999999999999993,server_0,True,True
autoscale-python-pi,1683514605056,626,19.02454591831377,0.2,19.02454591831377,0.1999999999999993,server_0,True,True
autoscale-python-pi,1683514605056,634,19.219122826360614,0.2,19.219122826360614,0.1999999999999993,server_0,True,True
autoscale-python-pi,1683514605056,642,19.424823800082965,0.2,19.424823800082965,0.1999999999999993,server_0,True,True
autoscale-python-pi,1683514605056,650,19.670374590024547,0.2,19.670374590024547,0.1999999999999993,server_0,True,True
autoscale-python-pi,1683514605056,658,20.074194843034523,0.2,20.074194843034523,0.1999999999999993,server_0,True,True
autoscale-python-pi,1683514605056,666,20.24070994044429,0.2,20.24070994044429,0.1999999999999993,server_0,True,True
autoscale-python-pi,1683514605056,674,20.75435393064369,0.2,20.75435393064369,0.1999999999999993,server_0,True,True
autoscale-python-pi,1683514605056,682,20.85364096272983,0.2,20.85364096272983,0.1999999999999993,server_0,True,True
autoscale-python-pi,1683514605056,690,20.943983271610225,0.2,20.943983271610225,0.1999999999999993,server_0,True,True
autoscale-python-pi,1683514605056,698,21.10662622023815,0.2,21.10662622023815,0.1999999999999993,server_0,True,True
autoscale-python-pi,1683514605056,706,21.275526870417874,0.2,21.275526870417874,0.1999999999999993,server_0,True,True
autoscale-python-pi,1683514605056,714,21.411018397592184,0.2,21.411018397592184,0.1999999999999993,server_0,True,True
autoscale-python-pi,1683514605056,722,21.597985208950494,0.2,21.597985208950494,0.1999999999999993,server_0,True,True
autoscale-python-pi,1683514605056,730,21.68888728975267,0.2,21.68888728975267,0.1999999999999993,server_0,True,True
autoscale-python-pi,1683514605056,738,22.069091343870923,0.2,22.069091343870923,0.1999999999999993,server_0,True,True
autoscale-python-pi,1683514605056,746,22.2713045329656,0.2,22.2713045329656,0.1999999999999993,server_0,True,True
autoscale-python-pi,1683514605056,754,22.487840226407958,0.2,22.487840226407958,0.1999999999999993,server_0,True,True
autoscale-python-pi,1683514605056,762,22.687173946069777,0.2,22.687173946069777,0.1999999999999993,server_0,True,True
autoscale-python-pi,1683514605056,770,22.90142690892857,0.2,22.90142690892857,0.1999999999999993,server_0,True,True
autoscale-python-pi,1683514605056,778,23.0594604653316,0.2,23.0594604653316,0.1999999999999993,server_0,True,True
autoscale-python-pi,1683514605056,786,23.530490906186273,0.2,23.530490906186273,0.1999999999999993,server_0,True,True
autoscale-python-pi,1683514605056,794,23.66884539126931,0.2,23.66884539126931,0.1999999999999993,server_0,True,True
autoscale-python-pi,1683514605056,802,23.89986887672894,0.2,23.89986887672894,0.1999999999999993,server_0,True,True
autoscale-python-pi,1683514605056,810,24.098827969730362,0.2,24.098827969730362,0.1999999999999993,server_0,True,True
autoscale-python-pi,1683514605056,818,24.249180461798666,0.2,24.249180461798666,0.1999999999999993,server_0,True,True
autoscale-python-pi,1683514605056,826,24.33833712786348,0.2,24.33833712786348,0.1999999999999993,server_0,True,True
autoscale-python-pi,1683514605056,834,24.580509351996366,0.2,24.580509351996366,0.1999999999999993,server_0,True,True
autoscale-python-pi,1683514605056,842,24.93199198638907,0.2,24.93199198638907,0.1999999999999993,server_0,True,True
autoscale-python-pi,1683514605056,850,25.16749469014965,0.2,25.16749469014965,0.1999999999999993,server_0,True,True
autoscale-python-pi,1683514605056,858,25.364309042707987,0.2,25.364309042707987,0.1999999999999993,server_0,True,True
autoscale-python-pi,1683514605056,866,25.58143357267805,0.2,25.58143357267805,0.1999999999999993,server_0,True,True
autoscale-python-pi,1683514605056,874,25.75424022543971,0.2,25.75424022543971,0.1999999999999993,server_0,True,True
autoscale-python-pi,1683514605056,882,25.97681808044908,0.2,25.97681808044908,0.1999999999999993,server_0,True,True
autoscale-python-pi,1683514605056,890,26.11739078315932,0.2,26.11739078315932,0.1999999999999993,server_0,True,True
autoscale-python-pi,1683514605056,898,26.465080979090786,0.2,26.465080979090786,0.1999999999999993,server_0,True,True
autoscale-python-pi,1683514605056,906,26.597237080201378,0.2,26.597237080201378,0.1999999999999993,server_0,True,True
autoscale-python-pi,1683514605056,914,26.846886334966754,0.2,26.846886334966754,0.1999999999999993,server_0,True,True
autoscale-python-pi,1683514605056,922,26.96733320907219,0.2,26.96733320907219,0.1999999999999993,server_0,True,True
autoscale-python-pi,1683514605056,930,27.076528323697804,0.2,27.076528323697804,0.1999999999999993,server_0,True,True
autoscale-python-pi,1683514605056,938,27.30395272694995,0.2,27.30395272694995,0.1999999999999993,server_0,True,True
autoscale-python-pi,1683514605056,946,27.538312097685285,0.2,27.538312097685285,0.1999999999999993,server_0,True,True
autoscale-python-pi,1683514605056,954,27.81191674328824,0.2,27.81191674328824,0.1999999999999993,server_0,True,True
autoscale-python-pi,1683514605056,962,27.98834431589551,0.2,27.98834431589551,0.1999999999999993,server_0,True,True
autoscale-python-pi,1683514605056,970,28.277432343286712,0.2,28.277432343286712,0.1999999999999993,server_0,True,True
autoscale-python-pi,1683514605056,978,28.489178067716797,0.2,28.489178067716797,0.1999999999999993,server_0,True,True
autoscale-python-pi,1683514605056,986,28.69471049156178,0.2,28.69471049156178,0.1999999999999993,server_0,True,True
autoscale-python-pi,1683514605056,994,28.90787322701118,0.2,28.90787322701118,0.1999999999999993,server_0,True,True
autoscale-python-pi,1683514605056,1002,29.08885772047794,0.2,29.08885772047794,0.1999999999999993,server_0,True,True
autoscale-python-pi,1683514605056,1010,29.23158992428675,0.2,29.23158992428675,0.1999999999999993,server_0,True,True
autoscale-python-pi,1683514605056,1018,29.438858211749956,0.2,29.438858211749956,0.1999999999999993,server_0,True,True
autoscale-python-pi,1683514605056,1026,29.600573970141216,0.2,29.600573970141216,0.1999999999999993,server_0,True,True
autoscale-python-pi,1683514605056,1034,29.790166279157464,0.2,29.790166279157464,0.1999999999999993,server_0,True,True
autoscale-python-pi,1683514605056,1042,30.000423013155306,0.2,30.000423013155306,0.1999999999999993,server_0,True,True
autoscale-python-pi,1683514605056,1050,30.1379021070056,0.2,30.1379021070056,0.1999999999999993,server_0,True,True
autoscale-python-pi,1683514605056,1058,30.359680785846262,0.2,30.359680785846262,0.1999999999999993,server_0,True,True
autoscale-python-pi,1683514605056,1066,30.506540374364267,0.2,30.506540374364267,0.1999999999999993,server_0,True,True
autoscale-python-pi,1683514605056,1074,30.87769553337752,0.2,30.87769553337752,0.1999999999999993,server_0,True,True
autoscale-python-pi,1683514605056,1082,31.086190328590526,0.2,31.086190328590526,0.1999999999999993,server_0,True,True
autoscale-python-pi,1683514605056,1090,31.295689878958257,0.2,31.295689878958257,0.1999999999999993,server_0,True,True
autoscale-python-pi,1683514605056,1098,31.500615440420084,0.2,31.500615440420084,0.1999999999999993,server_0,True,True
autoscale-python-pi,1683514605056,1106,31.66517395651671,0.2,31.66517395651671,0.1999999999999993,server_0,True,True
autoscale-python-pi,1683514605056,1114,31.74668311339381,0.2,31.74668311339381,0.1999999999999993,server_0,True,True
autoscale-python-pi,1683514605056,1122,31.908671669495966,0.2,31.908671669495966,0.20000000000000284,server_0,True,True
autoscale-python-pi,1683514605056,1130,32.17288146391289,0.2,32.17288146391289,0.20000000000000284,server_0,True,True
autoscale-python-pi,1683514605056,1138,32.297887357353275,0.2,32.297887357353275,0.20000000000000284,server_0,True,True
autoscale-python-pi,1683514605056,1146,32.538058834407195,0.2,32.538058834407195,0.20000000000000284,server_0,True,True
autoscale-python-pi,1683514605056,1154,32.68317029737624,0.2,32.68317029737624,0.20000000000000284,server_0,True,True
autoscale-python-pi,1683514605056,1162,33.071394529431,0.2,33.071394529431,0.20000000000000284,server_0,True,True
autoscale-python-pi,1683514605056,1170,33.258653744605574,0.2,33.258653744605574,0.20000000000000284,server_0,True,True
autoscale-python-pi,1683514605056,1178,33.45761941911397,0.2,33.45761941911397,0.20000000000000284,server_0,True,True
autoscale-python-pi,1683514605056,1186,33.66849708596482,0.2,33.66849708596482,0.20000000000000284,server_0,True,True
autoscale-python-pi,1683514605056,1194,33.9670670869668,0.2,33.9670670869668,0.20000000000000284,server_0,True,True
autoscale-python-pi,1683514605056,1202,34.10827261269943,0.2,34.10827261269943,0.20000000000000284,server_0,True,True
autoscale-python-pi,1683514605056,1210,34.18835747826683,0.2,34.18835747826683,0.20000000000000284,server_0,True,True
autoscale-python-pi,1683514605056,1218,34.32936865423858,0.2,34.32936865423858,0.20000000000000284,server_0,True,True
autoscale-python-pi,1683514605056,1226,34.558442847044674,0.2,34.558442847044674,0.20000000000000284,server_0,True,True
autoscale-python-pi,1683514605056,1234,34.80446248702714,0.2,34.80446248702714,0.20000000000000284,server_0,True,True
autoscale-python-pi,1683514605056,1242,34.906649902808226,0.2,34.906649902808226,0.20000000000000284,server_0,True,True
autoscale-python-pi,1683514605056,1250,35.06027357377047,0.2,35.06027357377047,0.20000000000000284,server_0,True,True
autoscale-python-pi,1683514605056,1258,35.30402206729857,0.2,35.30402206729857,0.20000000000000284,server_0,True,True
autoscale-python-pi,1683514605056,1266,35.49892287853592,0.2,35.49892287853592,0.20000000000000284,server_0,True,True
autoscale-python-pi,1683514605056,1274,35.59488598670859,0.2,35.59488598670859,0.20000000000000284,server_0,True,True
autoscale-python-pi,1683514605056,1282,35.68741920815628,0.2,35.68741920815628,0.20000000000000284,server_0,True,True
autoscale-python-pi,1683514605056,1290,35.963511614954875,0.2,35.963511614954875,0.20000000000000284,server_0,True,True
autoscale-python-pi,1683514605056,1298,36.20157238802798,0.2,36.20157238802798,0.20000000000000284,server_0,True,True
autoscale-python-pi,1683514605056,1306,36.31901248075851,0.2,36.31901248075851,0.20000000000000284,server_0,True,True
autoscale-python-pi,1683514605056,1314,36.478820117789155,0.2,36.478820117789155,0.20000000000000284,server_0,True,True
autoscale-python-pi,1683514605056,1322,36.60279878689542,0.2,36.60279878689542,0.20000000000000284,server_0,True,True
autoscale-python-pi,1683514605056,1330,36.78628055218679,0.2,36.78628055218679,0.20000000000000284,server_0,True,True
autoscale-python-pi,1683514605056,1338,37.105722895559964,0.2,37.105722895559964,0.20000000000000284,server_0,True,True
autoscale-python-pi,1683514605056,1346,37.297918163743496,0.2,37.297918163743496,0.20000000000000284,server_0,True,True
autoscale-python-pi,1683514605056,1354,37.487981159166914,0.2,37.487981159166914,0.20000000000000284,server_0,True,True
autoscale-python-pi,1683514605056,1362,37.78936806102705,0.2,37.78936806102705,0.20000000000000284,server_0,True,True
autoscale-python-pi,1683514605056,1370,38.00371977959987,0.2,38.00371977959987,0.20000000000000284,server_0,True,True
autoscale-python-pi,1683514605056,1378,38.21955417383061,0.2,38.21955417383061,0.20000000000000284,server_0,True,True
autoscale-python-pi,1683514605056,1386,38.58407512123154,0.2,38.58407512123154,0.20000000000000284,server_0,True,True
autoscale-python-pi,1683514605056,1394,38.728826658398816,0.2,38.728826658398816,0.20000000000000284,server_0,True,True
autoscale-python-pi,1683514605056,1402,38.83350942120689,0.2,38.83350942120689,0.20000000000000284,server_0,True,True
autoscale-python-pi,1683514605056,1410,38.97653609587616,0.2,38.97653609587616,0.20000000000000284,server_0,True,True
autoscale-python-pi,1683514605056,1418,39.12432767306507,0.2,39.12432767306507,0.20000000000000284,server_0,True,True
autoscale-python-pi,1683514605056,1426,39.30512358905367,0.2,39.30512358905367,0.20000000000000284,server_0,True,True
autoscale-python-pi,1683514605056,1434,39.578122674502296,0.2,39.578122674502296,0.20000000000000284,server_0,True,True
autoscale-python-pi,1683514605056,1442,39.795580493761335,0.2,39.795580493761335,0.20000000000000284,server_0,True,True
autoscale-python-pi,1683514605056,1450,39.977361239528186,0.2,39.977361239528186,0.20000000000000284,server_0,True,True
autoscale-python-pi,1683514605056,1458,40.18205174038578,0.2,40.18205174038578,0.20000000000000284,server_0,True,True
autoscale-python-pi,1683514605056,1466,40.54080985002769,0.2,40.54080985002769,0.20000000000000284,server_0,True,True
autoscale-python-pi,1683514605056,1474,40.80717818076466,0.2,40.80717818076466,0.20000000000000284,server_0,True,True
autoscale-python-pi,1683514605056,1482,40.97283528544323,0.2,40.97283528544323,0.20000000000000284,server_0,True,True
autoscale-python-pi,1683514605056,1490,41.21419566146214,0.2,41.21419566146214,0.20000000000000284,server_0,True,True
autoscale-python-pi,1683514605056,1498,41.52432029032245,0.2,41.52432029032245,0.20000000000000284,server_0,True,True
autoscale-python-pi,1683514605056,1506,41.71354683129735,0.2,41.71354683129735,0.20000000000000284,server_0,True,True
autoscale-python-pi,1683514605056,1514,41.89336272056258,0.2,41.89336272056258,0.20000000000000284,server_0,True,True
autoscale-python-pi,1683514605056,1522,42.12904965285407,0.2,42.12904965285407,0.20000000000000284,server_0,True,True
autoscale-python-pi,1683514605056,1530,42.27226424031855,0.2,42.27226424031855,0.20000000000000284,server_0,True,True
autoscale-python-pi,1683514605056,1538,42.51903550442937,0.2,42.51903550442937,0.20000000000000284,server_0,True,True
autoscale-python-pi,1683514605056,1546,42.71864127077123,0.2,42.71864127077123,0.20000000000000284,server_0,True,True
autoscale-python-pi,1683514605056,1554,42.89894856917018,0.2,42.89894856917018,0.20000000000000284,server_0,True,True
autoscale-python-pi,1683514605056,1562,43.065360627008296,0.2,43.065360627008296,0.20000000000000284,server_0,True,True
autoscale-python-pi,1683514605056,1570,43.28056501843815,0.2,43.28056501843815,0.20000000000000284,server_0,True,True
autoscale-python-pi,1683514605056,1578,43.47015129167352,0.2,43.47015129167352,0.20000000000000284,server_0,True,True
autoscale-python-pi,1683514605056,1586,43.58615157949522,0.2,43.58615157949522,0.20000000000000284,server_0,True,True
autoscale-python-pi,1683514605056,1594,43.76102074479362,0.2,43.76102074479362,0.20000000000000284,server_0,True,True
autoscale-python-pi,1683514605056,1602,43.941992243386316,0.2,43.941992243386316,0.20000000000000284,server_0,True,True
autoscale-python-pi,1683514605056,1610,44.11186288415364,0.2,44.11186288415364,0.20000000000000284,server_0,True,True
autoscale-python-pi,1683514605056,1618,44.27745992058838,0.2,44.27745992058838,0.20000000000000284,server_0,True,True
autoscale-python-pi,1683514605056,1626,44.49767407450216,0.2,44.49767407450216,0.20000000000000284,server_0,True,True
autoscale-python-pi,1683514605056,1634,44.81536359793646,0.2,44.81536359793646,0.20000000000000284,server_0,True,True
autoscale-python-pi,1683514605056,1642,44.945089432516646,0.2,44.945089432516646,0.20000000000000284,server_0,True,True
autoscale-python-pi,1683514605056,1650,45.08019191740763,0.2,45.08019191740763,0.20000000000000284,server_0,True,True
autoscale-python-pi,1683514605056,1658,45.23733950320856,0.2,45.23733950320856,0.20000000000000284,server_0,True,True
autoscale-python-pi,1683514605056,1666,45.402239649150026,0.2,45.402239649150026,0.20000000000000284,server_0,True,True
autoscale-python-pi,1683514605056,1674,45.547906609052205,0.2,45.547906609052205,0.20000000000000284,server_0,True,True
autoscale-python-pi,1683514605056,1682,45.67834312380415,0.2,45.67834312380415,0.20000000000000284,server_0,True,True
autoscale-python-pi,1683514605056,1690,45.890104039554316,0.2,45.890104039554316,0.20000000000000284,server_0,True,True
autoscale-python-pi,1683514605056,1698,46.132704041841045,0.2,46.132704041841045,0.20000000000000284,server_0,True,True
autoscale-python-pi,1683514605056,1706,46.333405528576364,0.2,46.333405528576364,0.20000000000000284,server_0,True,True
autoscale-python-pi,1683514605056,1714,46.50378654146285,0.2,46.50378654146285,0.20000000000000284,server_0,True,True
autoscale-python-pi,1683514605056,1722,46.7655312323141,0.2,46.7655312323141,0.20000000000000284,server_0,True,True
autoscale-python-pi,1683514605056,1730,47.01382881909996,0.2,47.01382881909996,0.20000000000000284,server_0,True,True
autoscale-python-pi,1683514605056,1738,47.14355482665671,0.2,47.14355482665671,0.20000000000000284,server_0,True,True
autoscale-python-pi,1683514605056,1746,47.38272234667553,0.2,47.38272234667553,0.20000000000000284,server_0,True,True
autoscale-python-pi,1683514605056,1754,47.73841533586666,0.2,47.73841533586666,0.20000000000000284,server_0,True,True
autoscale-python-pi,1683514605056,1762,47.978818061113195,0.2,47.978818061113195,0.20000000000000284,server_0,True,True
autoscale-python-pi,1683514605056,1770,48.22617227332455,0.2,48.22617227332455,0.20000000000000284,server_0,True,True
autoscale-python-pi,1683514605056,1778,48.547376424144545,0.2,48.547376424144545,0.20000000000000284,server_0,True,True
autoscale-python-pi,1683514605056,1786,48.711678388338186,0.2,48.711678388338186,0.20000000000000284,server_0,True,True
autoscale-python-pi,1683514605056,1794,48.849034070887335,0.2,48.849034070887335,0.20000000000000284,server_0,True,True
autoscale-python-pi,1683514605056,1802,48.91310590557945,0.2,48.91310590557945,0.20000000000000284,server_0,True,True
autoscale-python-pi,1683514605056,1810,49.078360834025204,0.2,49.078360834025204,0.20000000000000284,server_0,True,True
autoscale-python-pi,1683514605056,1818,49.26876517820019,0.2,49.26876517820019,0.20000000000000284,server_0,True,True
autoscale-python-pi,1683514605056,1826,49.477848019359456,0.2,49.477848019359456,0.20000000000000284,server_0,True,True
autoscale-python-pi,1683514605056,1834,49.577790702143474,0.2,49.577790702143474,0.20000000000000284,server_0,True,True
autoscale-python-pi,1683514605056,1842,49.818013546672816,0.2,49.818013546672816,0.20000000000000284,server_0,True,True
autoscale-python-pi,1683514605056,1850,50.18376469832766,0.2,50.18376469832766,0.20000000000000284,server_0,True,True
autoscale-python-pi,1683514605056,1858,50.410255412074584,0.2,50.410255412074584,0.20000000000000284,server_0,True,True
autoscale-python-pi,1683514605056,1866,50.512767371073096,0.2,50.512767371073096,0.20000000000000284,server_0,True,True
autoscale-python-pi,1683514605056,1874,50.60383328487464,0.2,50.60383328487464,0.20000000000000284,server_0,True,True
autoscale-python-pi,1683514605056,1882,50.75086061966818,0.2,50.75086061966818,0.20000000000000284,server_0,True,True
autoscale-python-pi,1683514605056,1890,50.90849779615816,0.2,50.90849779615816,0.20000000000000284,server_0,True,True
autoscale-python-pi,1683514605056,1898,51.079695475664366,0.2,51.079695475664366,0.20000000000000284,server_0,True,True
autoscale-python-pi,1683514605056,1906,51.22333025109002,0.2,51.22333025109002,0.20000000000000284,server_0,True,True
autoscale-python-pi,1683514605056,1914,51.36139138706285,0.2,51.36139138706285,0.20000000000000284,server_0,True,True
autoscale-python-pi,1683514605056,1922,51.54403653184395,0.2,51.54403653184395,0.20000000000000284,server_0,True,True
autoscale-python-pi,1683514605056,1930,51.775898516451925,0.2,51.775898516451925,0.20000000000000284,server_0,True,True
autoscale-python-pi,1683514605056,1938,51.91140891049939,0.2,51.91140891049939,0.20000000000000284,server_0,True,True
autoscale-python-pi,1683514605056,1946,52.06229347092925,0.2,52.06229347092925,0.20000000000000284,server_0,True,True
autoscale-python-pi,1683514605056,1954,52.19308939709681,0.2,52.19308939709681,0.20000000000000284,server_0,True,True
autoscale-python-pi,1683514605056,1962,52.428559234203156,0.2,52.428559234203156,0.20000000000000284,server_0,True,True
autoscale-python-pi,1683514605056,1970,52.703003558468694,0.2,52.703003558468694,0.20000000000000284,server_0,True,True
autoscale-python-pi,1683514605056,1978,52.93297420315548,0.2,52.93297420315548,0.20000000000000284,server_0,True,True
autoscale-python-pi,1683514605056,1986,53.19848624567777,0.2,53.19848624567777,0.20000000000000284,server_0,True,True
autoscale-python-pi,1683514605056,1994,53.475285510177464,0.2,53.475285510177464,0.20000000000000284,server_0,True,True
autoscale-python-pi,1683514712912,59,4.536888397295075,0.2,4.536888397295075,0.20000000000000018,server_0,True,True
autoscale-python-pi,1683514712912,67,4.759402464044674,0.2,4.759402464044674,0.20000000000000018,server_0,True,True
autoscale-python-pi,1683514712912,75,5.0281870544957785,0.2,5.0281870544957785,0.20000000000000018,server_0,True,True
autoscale-python-pi,1683514712912,83,5.2022424041339175,0.2,5.2022424041339175,0.20000000000000018,server_0,True,True
autoscale-python-pi,1683514712912,91,5.455624322058746,0.2,5.455624322058746,0.20000000000000018,server_0,True,True
autoscale-python-pi,1683514712912,99,5.827407429608867,0.2,5.827407429608867,0.20000000000000018,server_0,True,True
autoscale-python-pi,1683514712912,107,6.147029611256952,0.2,6.147029611256952,0.20000000000000018,server_0,True,True
autoscale-python-pi,1683514712912,115,6.2926379338254685,0.2,6.2926379338254685,0.20000000000000018,server_0,True,True
autoscale-python-pi,1683514712912,123,6.479443520558757,0.2,6.479443520558757,0.20000000000000018,server_0,True,True
autoscale-python-pi,1683514712912,131,6.805973931686638,0.2,6.805973931686638,0.20000000000000018,server_0,True,True
autoscale-python-pi,1683514712912,139,7.036306636447781,0.2,7.036306636447781,0.20000000000000018,server_0,True,True
autoscale-python-pi,1683514712912,147,7.472322122540932,0.2,7.472322122540932,0.20000000000000018,server_0,True,True
autoscale-python-pi,1683514712912,155,7.718872464496341,0.2,7.718872464496341,0.20000000000000018,server_0,True,True
autoscale-python-pi,1683514712912,163,7.860494351530072,0.2,7.860494351530072,0.1999999999999993,server_0,True,True
autoscale-python-pi,1683514712912,171,8.038345884939766,0.2,8.038345884939766,0.1999999999999993,server_0,True,True
autoscale-python-pi,1683514712912,179,8.19637947165887,0.2,8.19637947165887,0.1999999999999993,server_0,True,True
autoscale-python-pi,1683514712912,187,8.526883624065196,0.2,8.526883624065196,0.1999999999999993,server_0,True,True
autoscale-python-pi,1683514712912,195,8.685713975956938,0.2,8.685713975956938,0.1999999999999993,server_0,True,True
autoscale-python-pi,1683514712912,203,8.822825693126926,0.2,8.822825693126926,0.1999999999999993,server_0,True,True
autoscale-python-pi,1683514712912,211,9.152063269200386,0.2,9.152063269200386,0.1999999999999993,server_0,True,True
autoscale-python-pi,1683514712912,219,9.36156500515752,0.2,9.36156500515752,0.1999999999999993,server_0,True,True
autoscale-python-pi,1683514712912,227,9.540890968019696,0.2,9.540890968019696,0.1999999999999993,server_0,True,True
autoscale-python-pi,1683514712912,235,9.662907047453238,0.2,9.662907047453238,0.1999999999999993,server_0,True,True
autoscale-python-pi,1683514712912,243,9.865835110823884,0.2,9.865835110823884,0.1999999999999993,server_0,True,True
autoscale-python-pi,1683514712912,251,10.06212542686561,0.2,10.06212542686561,0.1999999999999993,server_0,True,True
autoscale-python-pi,1683514712912,259,10.262840735972398,0.2,10.262840735972398,0.1999999999999993,server_0,True,True
autoscale-python-pi,1683514712912,267,10.428600703236132,0.2,10.428600703236132,0.1999999999999993,server_0,True,True
autoscale-python-pi,1683514712912,275,10.559289958254322,0.2,10.559289958254322,0.1999999999999993,server_0,True,True
autoscale-python-pi,1683514712912,283,10.702377417966261,0.2,10.702377417966261,0.1999999999999993,server_0,True,True
autoscale-python-pi,1683514712912,291,10.918451205658917,0.2,10.918451205658917,0.1999999999999993,server_0,True,True
autoscale-python-pi,1683514712912,299,11.261015452891614,0.2,11.261015452891614,0.1999999999999993,server_0,True,True
autoscale-python-pi,1683514712912,307,11.602674042697574,0.2,11.602674042697574,0.1999999999999993,server_0,True,True
autoscale-python-pi,1683514712912,315,11.840579588898922,0.2,11.840579588898922,0.1999999999999993,server_0,True,True
autoscale-python-pi,1683514712912,323,11.964065779728948,0.2,11.964065779728948,0.1999999999999993,server_0,True,True
autoscale-python-pi,1683514712912,331,12.109423000830104,0.2,12.109423000830104,0.1999999999999993,server_0,True,True
autoscale-python-pi,1683514712912,339,12.272520782931029,0.2,12.272520782931029,0.1999999999999993,server_0,True,True
autoscale-python-pi,1683514712912,347,12.504955528913593,0.2,12.504955528913593,0.1999999999999993,server_0,True,True
autoscale-python-pi,1683514712912,355,12.837733080715912,0.2,12.837733080715912,0.1999999999999993,server_0,True,True
autoscale-python-pi,1683514712912,363,13.118669404480439,0.2,13.118669404480439,0.1999999999999993,server_0,True,True
autoscale-python-pi,1683514712912,371,13.319143051046218,0.2,13.319143051046218,0.1999999999999993,server_0,True,True
autoscale-python-pi,1683514712912,379,13.438599332757912,0.2,13.438599332757912,0.1999999999999993,server_0,True,True
autoscale-python-pi,1683514712912,387,13.672894106648222,0.2,13.672894106648222,0.1999999999999993,server_0,True,True
autoscale-python-pi,1683514712912,395,13.89528053104303,0.2,13.89528053104303,0.1999999999999993,server_0,True,True
autoscale-python-pi,1683514712912,403,14.043236504117873,0.2,14.043236504117873,0.1999999999999993,server_0,True,True
autoscale-python-pi,1683514712912,411,14.167628579230152,0.2,14.167628579230152,0.1999999999999993,server_0,True,True
autoscale-python-pi,1683514712912,419,14.339815547359779,0.2,14.339815547359779,0.1999999999999993,server_0,True,True
autoscale-python-pi,1683514712912,427,14.499058845220478,0.2,14.499058845220478,0.1999999999999993,server_0,True,True
autoscale-python-pi,1683514712912,435,14.626763332235656,0.2,14.626763332235656,0.1999999999999993,server_0,True,True
autoscale-python-pi,1683514712912,443,14.77579296434459,0.2,14.77579296434459,0.1999999999999993,server_0,True,True
autoscale-python-pi,1683514712912,451,14.967891720048415,0.2,14.967891720048415,0.1999999999999993,server_0,True,True
autoscale-python-pi,1683514712912,459,15.143106119198409,0.2,15.143106119198409,0.1999999999999993,server_0,True,True
autoscale-python-pi,1683514712912,467,15.299766905191467,0.2,15.299766905191467,0.1999999999999993,server_0,True,True
autoscale-python-pi,1683514712912,475,15.409852845551727,0.2,15.409852845551727,0.1999999999999993,server_0,True,True
autoscale-python-pi,1683514712912,483,15.598115084566055,0.2,15.598115084566055,0.1999999999999993,server_0,True,True
autoscale-python-pi,1683514712912,491,15.785743683898426,0.2,15.785743683898426,0.1999999999999993,server_0,True,True
autoscale-python-pi,1683514712912,499,16.04775701142005,0.2,16.04775701142005,0.1999999999999993,server_0,True,True
autoscale-python-pi,1683514712912,507,16.144635723520373,0.2,16.144635723520373,0.1999999999999993,server_0,True,True
autoscale-python-pi,1683514712912,515,16.228549065376725,0.2,16.228549065376725,0.1999999999999993,server_0,True,True
autoscale-python-pi,1683514712912,523,16.440884907777352,0.2,16.440884907777352,0.1999999999999993,server_0,True,True
autoscale-python-pi,1683514712912,531,16.693107330517993,0.2,16.693107330517993,0.1999999999999993,server_0,True,True
autoscale-python-pi,1683514712912,539,16.812434710830388,0.2,16.812434710830388,0.1999999999999993,server_0,True,True
autoscale-python-pi,1683514712912,547,17.024850338595343,0.2,17.024850338595343,0.1999999999999993,server_0,True,True
autoscale-python-pi,1683514712912,555,17.203858913907922,0.2,17.203858913907922,0.1999999999999993,server_0,True,True
autoscale-python-pi,1683514712912,563,17.58834258194882,0.2,17.58834258194882,0.1999999999999993,server_0,True,True
autoscale-python-pi,1683514712912,571,17.840420129049605,0.2,17.840420129049605,0.1999999999999993,server_0,True,True
autoscale-python-pi,1683514712912,579,17.968068513154233,0.2,17.968068513154233,0.1999999999999993,server_0,True,True
autoscale-python-pi,1683514712912,587,18.218646240360513,0.2,18.218646240360513,0.1999999999999993,server_0,True,True
autoscale-python-pi,1683514712912,595,18.429951556814107,0.2,18.429951556814107,0.1999999999999993,server_0,True,True
autoscale-python-pi,1683514712912,603,18.60004867641684,0.2,18.60004867641684,0.1999999999999993,server_0,True,True
autoscale-python-pi,1683514712912,611,18.749253735516685,0.2,18.749253735516685,0.1999999999999993,server_0,True,True
autoscale-python-pi,1683514712912,619,18.891834278332112,0.2,18.891834278332112,0.1999999999999993,server_0,True,True
autoscale-python-pi,1683514712912,627,19.040768562703537,0.2,19.040768562703537,0.1999999999999993,server_0,True,True
autoscale-python-pi,1683514712912,635,19.22963159826059,0.2,19.22963159826059,0.1999999999999993,server_0,True,True
autoscale-python-pi,1683514712912,643,19.466624333100974,0.2,19.466624333100974,0.1999999999999993,server_0,True,True
autoscale-python-pi,1683514712912,651,19.693021036644964,0.2,19.693021036644964,0.1999999999999993,server_0,True,True
autoscale-python-pi,1683514712912,659,20.10741964611643,0.2,20.10741964611643,0.1999999999999993,server_0,True,True
autoscale-python-pi,1683514712912,667,20.40934398902081,0.2,20.40934398902081,0.1999999999999993,server_0,True,True
autoscale-python-pi,1683514712912,675,20.782888296205343,0.2,20.782888296205343,0.1999999999999993,server_0,True,True
autoscale-python-pi,1683514712912,683,20.88561538066089,0.2,20.88561538066089,0.1999999999999993,server_0,True,True
autoscale-python-pi,1683514712912,691,21.00388449645511,0.2,21.00388449645511,0.1999999999999993,server_0,True,True
autoscale-python-pi,1683514712912,699,21.111077408690836,0.2,21.111077408690836,0.1999999999999993,server_0,True,True
autoscale-python-pi,1683514712912,707,21.27966936484958,0.2,21.27966936484958,0.1999999999999993,server_0,True,True
autoscale-python-pi,1683514712912,715,21.446746253264806,0.2,21.446746253264806,0.1999999999999993,server_0,True,True
autoscale-python-pi,1683514712912,723,21.60833661024062,0.2,21.60833661024062,0.1999999999999993,server_0,True,True
autoscale-python-pi,1683514712912,731,21.705863231934863,0.2,21.705863231934863,0.1999999999999993,server_0,True,True
autoscale-python-pi,1683514712912,739,22.114785408982073,0.2,22.114785408982073,0.1999999999999993,server_0,True,True
autoscale-python-pi,1683514712912,747,22.28622069468446,0.2,22.28622069468446,0.1999999999999993,server_0,True,True
autoscale-python-pi,1683514712912,755,22.496670600912484,0.2,22.496670600912484,0.1999999999999993,server_0,True,True
autoscale-python-pi,1683514712912,763,22.69792082354269,0.2,22.69792082354269,0.1999999999999993,server_0,True,True
autoscale-python-pi,1683514712912,771,22.946705251389073,0.2,22.946705251389073,0.1999999999999993,server_0,True,True
autoscale-python-pi,1683514712912,779,23.06934040552705,0.2,23.06934040552705,0.1999999999999993,server_0,True,True
autoscale-python-pi,1683514712912,787,23.537432658136307,0.2,23.537432658136307,0.1999999999999993,server_0,True,True
autoscale-python-pi,1683514712912,795,23.681342499572082,0.2,23.681342499572082,0.1999999999999993,server_0,True,True
autoscale-python-pi,1683514712912,803,23.969848202294067,0.2,23.969848202294067,0.1999999999999993,server_0,True,True
autoscale-python-pi,1683514712912,811,24.107731474034125,0.2,24.107731474034125,0.1999999999999993,server_0,True,True
autoscale-python-pi,1683514712912,819,24.25573668153999,0.2,24.25573668153999,0.1999999999999993,server_0,True,True
autoscale-python-pi,1683514712912,827,24.358732276880577,0.2,24.358732276880577,0.1999999999999993,server_0,True,True
autoscale-python-pi,1683514712912,835,24.70808105538203,0.2,24.70808105538203,0.1999999999999993,server_0,True,True
autoscale-python-pi,1683514712912,843,24.954696240342376,0.2,24.954696240342376,0.1999999999999993,server_0,True,True
autoscale-python-pi,1683514712912,851,25.177457326834375,0.2,25.177457326834375,0.1999999999999993,server_0,True,True
autoscale-python-pi,1683514712912,859,25.36875368958739,0.2,25.36875368958739,0.1999999999999993,server_0,True,True
autoscale-python-pi,1683514712912,867,25.649924886312547,0.2,25.649924886312547,0.1999999999999993,server_0,True,True
autoscale-python-pi,1683514712912,875,25.7804096372775,0.2,25.7804096372775,0.1999999999999993,server_0,True,True
autoscale-python-pi,1683514712912,883,25.98584753505147,0.2,25.98584753505147,0.1999999999999993,server_0,True,True
autoscale-python-pi,1683514712912,891,26.16482467309,0.2,26.16482467309,0.1999999999999993,server_0,True,True
autoscale-python-pi,1683514712912,899,26.501683322710317,0.2,26.501683322710317,0.1999999999999993,server_0,True,True
autoscale-python-pi,1683514712912,907,26.638475156242652,0.2,26.638475156242652,0.1999999999999993,server_0,True,True
autoscale-python-pi,1683514712912,915,26.872499919374924,0.2,26.872499919374924,0.1999999999999993,server_0,True,True
autoscale-python-pi,1683514712912,923,26.978836711351004,0.2,26.978836711351004,0.1999999999999993,server_0,True,True
autoscale-python-pi,1683514712912,931,27.08790120071803,0.2,27.08790120071803,0.1999999999999993,server_0,True,True
autoscale-python-pi,1683514712912,939,27.400599487232167,0.2,27.400599487232167,0.1999999999999993,server_0,True,True
autoscale-python-pi,1683514712912,947,27.64627799291124,0.2,27.64627799291124,0.1999999999999993,server_0,True,True
autoscale-python-pi,1683514712912,955,27.818257139738044,0.2,27.818257139738044,0.1999999999999993,server_0,True,True
autoscale-python-pi,1683514712912,963,28.006559124588115,0.2,28.006559124588115,0.1999999999999993,server_0,True,True
autoscale-python-pi,1683514712912,971,28.297283757554766,0.2,28.297283757554766,0.1999999999999993,server_0,True,True
autoscale-python-pi,1683514712912,979,28.59306952595557,0.2,28.59306952595557,0.1999999999999993,server_0,True,True
autoscale-python-pi,1683514712912,987,28.70788354793006,0.2,28.70788354793006,0.1999999999999993,server_0,True,True
autoscale-python-pi,1683514712912,995,28.913176978303035,0.2,28.913176978303035,0.1999999999999993,server_0,True,True
autoscale-python-pi,1683514712912,1003,29.10823303670657,0.2,29.10823303670657,0.1999999999999993,server_0,True,True
autoscale-python-pi,1683514712912,1011,29.265464837358376,0.2,29.265464837358376,0.1999999999999993,server_0,True,True
autoscale-python-pi,1683514712912,1019,29.537188904639464,0.2,29.537188904639464,0.1999999999999993,server_0,True,True
autoscale-python-pi,1683514712912,1027,29.607238758629723,0.2,29.607238758629723,0.1999999999999993,server_0,True,True
autoscale-python-pi,1683514712912,1035,29.79437214098944,0.2,29.79437214098944,0.1999999999999993,server_0,True,True
autoscale-python-pi,1683514712912,1043,30.034689701412763,0.2,30.034689701412763,0.1999999999999993,server_0,True,True
autoscale-python-pi,1683514712912,1051,30.187360215677387,0.2,30.187360215677387,0.1999999999999993,server_0,True,True
autoscale-python-pi,1683514712912,1059,30.368149413245316,0.2,30.368149413245316,0.1999999999999993,server_0,True,True
autoscale-python-pi,1683514712912,1067,30.569482196133745,0.2,30.569482196133745,0.1999999999999993,server_0,True,True
autoscale-python-pi,1683514712912,1075,30.877959752302885,0.2,30.877959752302885,0.1999999999999993,server_0,True,True
autoscale-python-pi,1683514712912,1083,31.090861786767913,0.2,31.090861786767913,0.1999999999999993,server_0,True,True
autoscale-python-pi,1683514712912,1091,31.36680528304246,0.2,31.36680528304246,0.1999999999999993,server_0,True,True
autoscale-python-pi,1683514712912,1099,31.513588175106864,0.2,31.513588175106864,0.1999999999999993,server_0,True,True
autoscale-python-pi,1683514712912,1107,31.665192156567535,0.2,31.665192156567535,0.1999999999999993,server_0,True,True
autoscale-python-pi,1683514712912,1115,31.749286138241413,0.2,31.749286138241413,0.1999999999999993,server_0,True,True
autoscale-python-pi,1683514712912,1123,31.947017229103103,0.2,31.947017229103103,0.20000000000000284,server_0,True,True
autoscale-python-pi,1683514712912,1131,32.18216204967175,0.2,32.18216204967175,0.20000000000000284,server_0,True,True
autoscale-python-pi,1683514712912,1139,32.32636296004387,0.2,32.32636296004387,0.20000000000000284,server_0,True,True
autoscale-python-pi,1683514712912,1147,32.54003239096625,0.2,32.54003239096625,0.20000000000000284,server_0,True,True
autoscale-python-pi,1683514712912,1155,32.74497496894397,0.2,32.74497496894397,0.20000000000000284,server_0,True,True
autoscale-python-pi,1683514712912,1163,33.10226746878824,0.2,33.10226746878824,0.20000000000000284,server_0,True,True
autoscale-python-pi,1683514712912,1171,33.35312759646829,0.2,33.35312759646829,0.20000000000000284,server_0,True,True
autoscale-python-pi,1683514712912,1179,33.46674581605182,0.2,33.46674581605182,0.20000000000000284,server_0,True,True
autoscale-python-pi,1683514712912,1187,33.68152843023855,0.2,33.68152843023855,0.20000000000000284,server_0,True,True
autoscale-python-pi,1683514712912,1195,33.97225414701051,0.2,33.97225414701051,0.20000000000000284,server_0,True,True
autoscale-python-pi,1683514712912,1203,34.11656829214022,0.2,34.11656829214022,0.20000000000000284,server_0,True,True
autoscale-python-pi,1683514712912,1211,34.21004491749634,0.2,34.21004491749634,0.20000000000000284,server_0,True,True
autoscale-python-pi,1683514712912,1219,34.35353655563233,0.2,34.35353655563233,0.20000000000000284,server_0,True,True
autoscale-python-pi,1683514712912,1227,34.566994307729395,0.2,34.566994307729395,0.20000000000000284,server_0,True,True
autoscale-python-pi,1683514712912,1235,34.81695097941214,0.2,34.81695097941214,0.20000000000000284,server_0,True,True
autoscale-python-pi,1683514712912,1243,34.911676785073304,0.2,34.911676785073304,0.20000000000000284,server_0,True,True
autoscale-python-pi,1683514712912,1251,35.085946889326564,0.2,35.085946889326564,0.20000000000000284,server_0,True,True
autoscale-python-pi,1683514712912,1259,35.31355922051464,0.2,35.31355922051464,0.20000000000000284,server_0,True,True
autoscale-python-pi,1683514712912,1267,35.523669137617205,0.2,35.523669137617205,0.20000000000000284,server_0,True,True
autoscale-python-pi,1683514712912,1275,35.61521108452081,0.2,35.61521108452081,0.20000000000000284,server_0,True,True
autoscale-python-pi,1683514712912,1283,35.72560497492879,0.2,35.72560497492879,0.20000000000000284,server_0,True,True
autoscale-python-pi,1683514712912,1291,36.01445418456481,0.2,36.01445418456481,0.20000000000000284,server_0,True,True
autoscale-python-pi,1683514712912,1299,36.216829581590424,0.2,36.216829581590424,0.20000000000000284,server_0,True,True
autoscale-python-pi,1683514712912,1307,36.324392550210185,0.2,36.324392550210185,0.20000000000000284,server_0,True,True
autoscale-python-pi,1683514712912,1315,36.4836839963166,0.2,36.4836839963166,0.20000000000000284,server_0,True,True
autoscale-python-pi,1683514712912,1323,36.62354027705821,0.2,36.62354027705821,0.20000000000000284,server_0,True,True
autoscale-python-pi,1683514712912,1331,36.83340261429026,0.2,36.83340261429026,0.20000000000000284,server_0,True,True
autoscale-python-pi,1683514712912,1339,37.11786196950962,0.2,37.11786196950962,0.20000000000000284,server_0,True,True
autoscale-python-pi,1683514712912,1347,37.31535298297334,0.2,37.31535298297334,0.20000000000000284,server_0,True,True
autoscale-python-pi,1683514712912,1355,37.5052194079602,0.2,37.5052194079602,0.20000000000000284,server_0,True,True
autoscale-python-pi,1683514712912,1363,37.82767304395822,0.2,37.82767304395822,0.20000000000000284,server_0,True,True
autoscale-python-pi,1683514712912,1371,38.005936743999385,0.2,38.005936743999385,0.20000000000000284,server_0,True,True
autoscale-python-pi,1683514712912,1379,38.24429124890112,0.2,38.24429124890112,0.20000000000000284,server_0,True,True
autoscale-python-pi,1683514712912,1387,38.59381099170387,0.2,38.59381099170387,0.20000000000000284,server_0,True,True
autoscale-python-pi,1683514712912,1395,38.73065243370514,0.2,38.73065243370514,0.20000000000000284,server_0,True,True
autoscale-python-pi,1683514712912,1403,38.853924743734765,0.2,38.853924743734765,0.20000000000000284,server_0,True,True
autoscale-python-pi,1683514712912,1411,39.0025251722389,0.2,39.0025251722389,0.20000000000000284,server_0,True,True
autoscale-python-pi,1683514712912,1419,39.13099601504459,0.2,39.13099601504459,0.20000000000000284,server_0,True,True
autoscale-python-pi,1683514712912,1427,39.326814682893044,0.2,39.326814682893044,0.20000000000000284,server_0,True,True
autoscale-python-pi,1683514712912,1435,39.58733723565846,0.2,39.58733723565846,0.20000000000000284,server_0,True,True
autoscale-python-pi,1683514712912,1443,39.85982762319849,0.2,39.85982762319849,0.20000000000000284,server_0,True,True
autoscale-python-pi,1683514712912,1451,39.9788493573226,0.2,39.9788493573226,0.20000000000000284,server_0,True,True
autoscale-python-pi,1683514712912,1459,40.18844923598067,0.2,40.18844923598067,0.20000000000000284,server_0,True,True
autoscale-python-pi,1683514712912,1467,40.56834627197523,0.2,40.56834627197523,0.20000000000000284,server_0,True,True
autoscale-python-pi,1683514712912,1475,40.83381012971685,0.2,40.83381012971685,0.20000000000000284,server_0,True,True
autoscale-python-pi,1683514712912,1483,41.01355296402522,0.2,41.01355296402522,0.20000000000000284,server_0,True,True
autoscale-python-pi,1683514712912,1491,41.22254714475771,0.2,41.22254714475771,0.20000000000000284,server_0,True,True
autoscale-python-pi,1683514712912,1499,41.52682115146356,0.2,41.52682115146356,0.20000000000000284,server_0,True,True
autoscale-python-pi,1683514712912,1507,41.730696837867974,0.2,41.730696837867974,0.20000000000000284,server_0,True,True
autoscale-python-pi,1683514712912,1515,41.89588119389182,0.2,41.89588119389182,0.20000000000000284,server_0,True,True
autoscale-python-pi,1683514712912,1523,42.15440219955991,0.2,42.15440219955991,0.20000000000000284,server_0,True,True
autoscale-python-pi,1683514712912,1531,42.31773311749772,0.2,42.31773311749772,0.20000000000000284,server_0,True,True
autoscale-python-pi,1683514712912,1539,42.52497371457251,0.2,42.52497371457251,0.20000000000000284,server_0,True,True
autoscale-python-pi,1683514712912,1547,42.736223939356385,0.2,42.736223939356385,0.20000000000000284,server_0,True,True
autoscale-python-pi,1683514712912,1555,42.908116302881595,0.2,42.908116302881595,0.20000000000000284,server_0,True,True
autoscale-python-pi,1683514712912,1563,43.098079632843714,0.2,43.098079632843714,0.20000000000000284,server_0,True,True
autoscale-python-pi,1683514712912,1571,43.28103652170789,0.2,43.28103652170789,0.20000000000000284,server_0,True,True
autoscale-python-pi,1683514712912,1579,43.472543668513445,0.2,43.472543668513445,0.20000000000000284,server_0,True,True
autoscale-python-pi,1683514712912,1587,43.588357877442974,0.2,43.588357877442974,0.20000000000000284,server_0,True,True
autoscale-python-pi,1683514712912,1595,43.780441301686345,0.2,43.780441301686345,0.20000000000000284,server_0,True,True
autoscale-python-pi,1683514712912,1603,43.98680881452712,0.2,43.98680881452712,0.20000000000000284,server_0,True,True
autoscale-python-pi,1683514712912,1611,44.125444542342194,0.2,44.125444542342194,0.20000000000000284,server_0,True,True
autoscale-python-pi,1683514712912,1619,44.296149186113055,0.2,44.296149186113055,0.20000000000000284,server_0,True,True
autoscale-python-pi,1683514712912,1627,44.504283804467775,0.2,44.504283804467775,0.20000000000000284,server_0,True,True
autoscale-python-pi,1683514712912,1635,44.8173403014918,0.2,44.8173403014918,0.20000000000000284,server_0,True,True
autoscale-python-pi,1683514712912,1643,44.96182348762111,0.2,44.96182348762111,0.20000000000000284,server_0,True,True
autoscale-python-pi,1683514712912,1651,45.15277489287382,0.2,45.15277489287382,0.20000000000000284,server_0,True,True
autoscale-python-pi,1683514712912,1659,45.24561297683679,0.2,45.24561297683679,0.20000000000000284,server_0,True,True
autoscale-python-pi,1683514712912,1667,45.40954863290669,0.2,45.40954863290669,0.20000000000000284,server_0,True,True
autoscale-python-pi,1683514712912,1675,45.5573665106712,0.2,45.5573665106712,0.20000000000000284,server_0,True,True
autoscale-python-pi,1683514712912,1683,45.67999015223057,0.2,45.67999015223057,0.20000000000000284,server_0,True,True
autoscale-python-pi,1683514712912,1691,45.91546115529655,0.2,45.91546115529655,0.20000000000000284,server_0,True,True
autoscale-python-pi,1683514712912,1699,46.13433257517743,0.2,46.13433257517743,0.20000000000000284,server_0,True,True
autoscale-python-pi,1683514712912,1707,46.36254153313793,0.2,46.36254153313793,0.20000000000000284,server_0,True,True
autoscale-python-pi,1683514712912,1715,46.569397650721776,0.2,46.569397650721776,0.20000000000000284,server_0,True,True
autoscale-python-pi,1683514712912,1723,46.78574453059177,0.2,46.78574453059177,0.20000000000000284,server_0,True,True
autoscale-python-pi,1683514712912,1731,47.02094498070687,0.2,47.02094498070687,0.20000000000000284,server_0,True,True
autoscale-python-pi,1683514712912,1739,47.15311641689956,0.2,47.15311641689956,0.20000000000000284,server_0,True,True
autoscale-python-pi,1683514712912,1747,47.439329518744856,0.2,47.439329518744856,0.20000000000000284,server_0,True,True
autoscale-python-pi,1683514712912,1755,47.73868951382712,0.2,47.73868951382712,0.20000000000000284,server_0,True,True
autoscale-python-pi,1683514712912,1763,47.9823282435029,0.2,47.9823282435029,0.20000000000000284,server_0,True,True
autoscale-python-pi,1683514712912,1771,48.249078799624186,0.2,48.249078799624186,0.20000000000000284,server_0,True,True
autoscale-python-pi,1683514712912,1779,48.568445330844234,0.2,48.568445330844234,0.20000000000000284,server_0,True,True
autoscale-python-pi,1683514712912,1787,48.727441749486125,0.2,48.727441749486125,0.20000000000000284,server_0,True,True
autoscale-python-pi,1683514712912,1795,48.8633332651481,0.2,48.8633332651481,0.20000000000000284,server_0,True,True
autoscale-python-pi,1683514712912,1803,48.962818724135346,0.2,48.962818724135346,0.20000000000000284,server_0,True,True
autoscale-python-pi,1683514712912,1811,49.09458243370683,0.2,49.09458243370683,0.20000000000000284,server_0,True,True
autoscale-python-pi,1683514712912,1819,49.28191516425872,0.2,49.28191516425872,0.20000000000000284,server_0,True,True
autoscale-python-pi,1683514712912,1827,49.490746926962714,0.2,49.490746926962714,0.20000000000000284,server_0,True,True
autoscale-python-pi,1683514712912,1835,49.59748170067232,0.2,49.59748170067232,0.20000000000000284,server_0,True,True
autoscale-python-pi,1683514712912,1843,49.8507872680439,0.2,49.8507872680439,0.20000000000000284,server_0,True,True
autoscale-python-pi,1683514712912,1851,50.19267125726744,0.2,50.19267125726744,0.20000000000000284,server_0,True,True
autoscale-python-pi,1683514712912,1859,50.41769352866198,0.2,50.41769352866198,0.20000000000000284,server_0,True,True
autoscale-python-pi,1683514712912,1867,50.51427800671876,0.2,50.51427800671876,0.20000000000000284,server_0,True,True
autoscale-python-pi,1683514712912,1875,50.63273123459793,0.2,50.63273123459793,0.20000000000000284,server_0,True,True
autoscale-python-pi,1683514712912,1883,50.802766314840575,0.2,50.802766314840575,0.20000000000000284,server_0,True,True
autoscale-python-pi,1683514712912,1891,50.94588107311273,0.2,50.94588107311273,0.20000000000000284,server_0,True,True
autoscale-python-pi,1683514712912,1899,51.087831317926565,0.2,51.087831317926565,0.20000000000000284,server_0,True,True
autoscale-python-pi,1683514712912,1907,51.224951743364855,0.2,51.224951743364855,0.20000000000000284,server_0,True,True
autoscale-python-pi,1683514712912,1915,51.37713054946774,0.2,51.37713054946774,0.20000000000000284,server_0,True,True
autoscale-python-pi,1683514712912,1923,51.63270608032178,0.2,51.63270608032178,0.20000000000000284,server_0,True,True
autoscale-python-pi,1683514712912,1931,51.80461425533675,0.2,51.80461425533675,0.20000000000000284,server_0,True,True
autoscale-python-pi,1683514712912,1939,51.926241843782925,0.2,51.926241843782925,0.20000000000000284,server_0,True,True
autoscale-python-pi,1683514712912,1947,52.080405105685685,0.2,52.080405105685685,0.20000000000000284,server_0,True,True
autoscale-python-pi,1683514712912,1955,52.202861869357314,0.2,52.202861869357314,0.20000000000000284,server_0,True,True
autoscale-python-pi,1683514712912,1963,52.44072396605217,0.2,52.44072396605217,0.20000000000000284,server_0,True,True
autoscale-python-pi,1683514712912,1971,52.74076413811152,0.2,52.74076413811152,0.20000000000000284,server_0,True,True
autoscale-python-pi,1683514712912,1979,53.02537537467186,0.2,53.02537537467186,0.20000000000000284,server_0,True,True
autoscale-python-pi,1683514712912,1987,53.20659938156235,0.2,53.20659938156235,0.20000000000000284,server_0,True,True
autoscale-python-pi,1683514712912,1995,53.476304720634744,0.2,53.476304720634744,0.20000000000000284,server_0,True,True
autoscale-python-pi,1683514715792,60,4.5851651698314795,0.2,4.5851651698314795,0.20000000000000018,server_0,True,True
autoscale-python-pi,1683514715792,68,4.8434870084123816,0.2,4.8434870084123816,0.20000000000000018,server_0,True,True
autoscale-python-pi,1683514715792,76,5.037959386869762,0.2,5.037959386869762,0.20000000000000018,server_0,True,True
autoscale-python-pi,1683514715792,84,5.269336638057213,0.2,5.269336638057213,0.20000000000000018,server_0,True,True
autoscale-python-pi,1683514715792,92,5.503182465417401,0.2,5.503182465417401,0.20000000000000018,server_0,True,True
autoscale-python-pi,1683514715792,100,5.843015676359688,0.2,5.843015676359688,0.20000000000000018,server_0,True,True
autoscale-python-pi,1683514715792,108,6.148762168173117,0.2,6.148762168173117,0.20000000000000018,server_0,True,True
autoscale-python-pi,1683514715792,116,6.314889634317891,0.2,6.314889634317891,0.20000000000000018,server_0,True,True
autoscale-python-pi,1683514715792,124,6.569269978151629,0.2,6.569269978151629,0.20000000000000018,server_0,True,True
autoscale-python-pi,1683514715792,132,6.874314562437659,0.2,6.874314562437659,0.20000000000000018,server_0,True,True
autoscale-python-pi,1683514715792,140,7.091979204056257,0.2,7.091979204056257,0.20000000000000018,server_0,True,True
autoscale-python-pi,1683514715792,148,7.472877920126033,0.2,7.472877920126033,0.20000000000000018,server_0,True,True
autoscale-python-pi,1683514715792,156,7.761609429224074,0.2,7.761609429224074,0.20000000000000018,server_0,True,True
autoscale-python-pi,1683514715792,164,7.874700857502924,0.2,7.874700857502924,0.20000000000000018,server_0,True,True
autoscale-python-pi,1683514715792,172,8.073109703638387,0.2,8.073109703638387,0.1999999999999993,server_0,True,True
autoscale-python-pi,1683514715792,180,8.234462924770535,0.2,8.234462924770535,0.1999999999999993,server_0,True,True
autoscale-python-pi,1683514715792,188,8.571465752796103,0.2,8.571465752796103,0.1999999999999993,server_0,True,True
autoscale-python-pi,1683514715792,196,8.691320329954479,0.2,8.691320329954479,0.1999999999999993,server_0,True,True
autoscale-python-pi,1683514715792,204,8.877923267680586,0.2,8.877923267680586,0.1999999999999993,server_0,True,True
autoscale-python-pi,1683514715792,212,9.153109042626962,0.2,9.153109042626962,0.1999999999999993,server_0,True,True
autoscale-python-pi,1683514715792,220,9.420656342088192,0.2,9.420656342088192,0.1999999999999993,server_0,True,True
autoscale-python-pi,1683514715792,228,9.5489885134885,0.2,9.5489885134885,0.1999999999999993,server_0,True,True
autoscale-python-pi,1683514715792,236,9.735011866521264,0.2,9.735011866521264,0.1999999999999993,server_0,True,True
autoscale-python-pi,1683514715792,244,9.883337732775644,0.2,9.883337732775644,0.1999999999999993,server_0,True,True
autoscale-python-pi,1683514715792,252,10.132632485290477,0.2,10.132632485290477,0.1999999999999993,server_0,True,True
autoscale-python-pi,1683514715792,260,10.266046379963043,0.2,10.266046379963043,0.1999999999999993,server_0,True,True
autoscale-python-pi,1683514715792,268,10.437952059384857,0.2,10.437952059384857,0.1999999999999993,server_0,True,True
autoscale-python-pi,1683514715792,276,10.56674424223075,0.2,10.56674424223075,0.1999999999999993,server_0,True,True
autoscale-python-pi,1683514715792,284,10.707934454733008,0.2,10.707934454733008,0.1999999999999993,server_0,True,True
autoscale-python-pi,1683514715792,292,10.953478737575535,0.2,10.953478737575535,0.1999999999999993,server_0,True,True
autoscale-python-pi,1683514715792,300,11.28113619211877,0.2,11.28113619211877,0.1999999999999993,server_0,True,True
autoscale-python-pi,1683514715792,308,11.643546098333706,0.2,11.643546098333706,0.1999999999999993,server_0,True,True
autoscale-python-pi,1683514715792,316,11.845606658211642,0.2,11.845606658211642,0.1999999999999993,server_0,True,True
autoscale-python-pi,1683514715792,324,11.9705396964645,0.2,11.9705396964645,0.1999999999999993,server_0,True,True
autoscale-python-pi,1683514715792,332,12.112758233513443,0.2,12.112758233513443,0.1999999999999993,server_0,True,True
autoscale-python-pi,1683514715792,340,12.321210319297727,0.2,12.321210319297727,0.1999999999999993,server_0,True,True
autoscale-python-pi,1683514715792,348,12.50698729513493,0.2,12.50698729513493,0.1999999999999993,server_0,True,True
autoscale-python-pi,1683514715792,356,12.886164787752598,0.2,12.886164787752598,0.1999999999999993,server_0,True,True
autoscale-python-pi,1683514715792,364,13.142199514121968,0.2,13.142199514121968,0.1999999999999993,server_0,True,True
autoscale-python-pi,1683514715792,372,13.328231318747104,0.2,13.328231318747104,0.1999999999999993,server_0,True,True
autoscale-python-pi,1683514715792,380,13.532086858352399,0.2,13.532086858352399,0.1999999999999993,server_0,True,True
autoscale-python-pi,1683514715792,388,13.680602887114823,0.2,13.680602887114823,0.1999999999999993,server_0,True,True
autoscale-python-pi,1683514715792,396,13.910917973328486,0.2,13.910917973328486,0.1999999999999993,server_0,True,True
autoscale-python-pi,1683514715792,404,14.0635975490874,0.2,14.0635975490874,0.1999999999999993,server_0,True,True
autoscale-python-pi,1683514715792,412,14.178518215270586,0.2,14.178518215270586,0.1999999999999993,server_0,True,True
autoscale-python-pi,1683514715792,420,14.389859324840835,0.2,14.389859324840835,0.1999999999999993,server_0,True,True
autoscale-python-pi,1683514715792,428,14.499092391557543,0.2,14.499092391557543,0.1999999999999993,server_0,True,True
autoscale-python-pi,1683514715792,436,14.642491450410516,0.2,14.642491450410516,0.1999999999999993,server_0,True,True
autoscale-python-pi,1683514715792,444,14.793469500040157,0.2,14.793469500040157,0.1999999999999993,server_0,True,True
autoscale-python-pi,1683514715792,452,14.978262750892545,0.2,14.978262750892545,0.1999999999999993,server_0,True,True
autoscale-python-pi,1683514715792,460,15.170663205869738,0.2,15.170663205869738,0.1999999999999993,server_0,True,True
autoscale-python-pi,1683514715792,468,15.32226374123824,0.2,15.32226374123824,0.1999999999999993,server_0,True,True
autoscale-python-pi,1683514715792,476,15.41676280720559,0.2,15.41676280720559,0.1999999999999993,server_0,True,True
autoscale-python-pi,1683514715792,484,15.604029406161136,0.2,15.604029406161136,0.1999999999999993,server_0,True,True
autoscale-python-pi,1683514715792,492,15.791069484450876,0.2,15.791069484450876,0.1999999999999993,server_0,True,True
autoscale-python-pi,1683514715792,500,16.047998114459244,0.2,16.047998114459244,0.1999999999999993,server_0,True,True
autoscale-python-pi,1683514715792,508,16.154550541181358,0.2,16.154550541181358,0.1999999999999993,server_0,True,True
autoscale-python-pi,1683514715792,516,16.25321077663352,0.2,16.25321077663352,0.1999999999999993,server_0,True,True
autoscale-python-pi,1683514715792,524,16.46961759725042,0.2,16.46961759725042,0.1999999999999993,server_0,True,True
autoscale-python-pi,1683514715792,532,16.732121262069494,0.2,16.732121262069494,0.1999999999999993,server_0,True,True
autoscale-python-pi,1683514715792,540,16.822998541281535,0.2,16.822998541281535,0.1999999999999993,server_0,True,True
autoscale-python-pi,1683514715792,548,17.080620084494043,0.2,17.080620084494043,0.1999999999999993,server_0,True,True
autoscale-python-pi,1683514715792,556,17.385780589364067,0.2,17.385780589364067,0.1999999999999993,server_0,True,True
autoscale-python-pi,1683514715792,564,17.59810614272534,0.2,17.59810614272534,0.1999999999999993,server_0,True,True
autoscale-python-pi,1683514715792,572,17.849947460537965,0.2,17.849947460537965,0.1999999999999993,server_0,True,True
autoscale-python-pi,1683514715792,580,17.97192009671398,0.2,17.97192009671398,0.1999999999999993,server_0,True,True
autoscale-python-pi,1683514715792,588,18.25162630759034,0.2,18.25162630759034,0.1999999999999993,server_0,True,True
autoscale-python-pi,1683514715792,596,18.434480228618167,0.2,18.434480228618167,0.1999999999999993,server_0,True,True
autoscale-python-pi,1683514715792,604,18.653707677574822,0.2,18.653707677574822,0.1999999999999993,server_0,True,True
autoscale-python-pi,1683514715792,612,18.751721255154095,0.2,18.751721255154095,0.1999999999999993,server_0,True,True
autoscale-python-pi,1683514715792,620,18.91268220467994,0.2,18.91268220467994,0.1999999999999993,server_0,True,True
autoscale-python-pi,1683514715792,628,19.049155237551574,0.2,19.049155237551574,0.1999999999999993,server_0,True,True
autoscale-python-pi,1683514715792,636,19.251805641078043,0.2,19.251805641078043,0.1999999999999993,server_0,True,True
autoscale-python-pi,1683514715792,644,19.52084420839248,0.2,19.52084420839248,0.1999999999999993,server_0,True,True
autoscale-python-pi,1683514715792,652,19.769033169343768,0.2,19.769033169343768,0.1999999999999993,server_0,True,True
autoscale-python-pi,1683514715792,660,20.119555306903106,0.2,20.119555306903106,0.1999999999999993,server_0,True,True
autoscale-python-pi,1683514715792,668,20.42342284520436,0.2,20.42342284520436,0.1999999999999993,server_0,True,True
autoscale-python-pi,1683514715792,676,20.782943891407914,0.2,20.782943891407914,0.1999999999999993,server_0,True,True
autoscale-python-pi,1683514715792,684,20.886565402924262,0.2,20.886565402924262,0.1999999999999993,server_0,True,True
autoscale-python-pi,1683514715792,692,21.011210074468806,0.2,21.011210074468806,0.1999999999999993,server_0,True,True
autoscale-python-pi,1683514715792,700,21.137538388931596,0.2,21.137538388931596,0.1999999999999993,server_0,True,True
autoscale-python-pi,1683514715792,708,21.284547448887267,0.2,21.284547448887267,0.1999999999999993,server_0,True,True
autoscale-python-pi,1683514715792,716,21.532845117681173,0.2,21.532845117681173,0.1999999999999993,server_0,True,True
autoscale-python-pi,1683514715792,724,21.625811709423672,0.2,21.625811709423672,0.1999999999999993,server_0,True,True
autoscale-python-pi,1683514715792,732,21.707416198526605,0.2,21.707416198526605,0.1999999999999993,server_0,True,True
autoscale-python-pi,1683514715792,740,22.126644385506673,0.2,22.126644385506673,0.1999999999999993,server_0,True,True
autoscale-python-pi,1683514715792,748,22.2970601852378,0.2,22.2970601852378,0.1999999999999993,server_0,True,True
autoscale-python-pi,1683514715792,756,22.517178105297344,0.2,22.517178105297344,0.1999999999999993,server_0,True,True
autoscale-python-pi,1683514715792,764,22.724801373268903,0.2,22.724801373268903,0.1999999999999993,server_0,True,True
autoscale-python-pi,1683514715792,772,22.959337989211875,0.2,22.959337989211875,0.1999999999999993,server_0,True,True
autoscale-python-pi,1683514715792,780,23.12809535784744,0.2,23.12809535784744,0.1999999999999993,server_0,True,True
autoscale-python-pi,1683514715792,788,23.54700829580972,0.2,23.54700829580972,0.1999999999999993,server_0,True,True
autoscale-python-pi,1683514715792,796,23.68443719959288,0.2,23.68443719959288,0.1999999999999993,server_0,True,True
autoscale-python-pi,1683514715792,804,24.01424946415957,0.2,24.01424946415957,0.1999999999999993,server_0,True,True
autoscale-python-pi,1683514715792,812,24.136939916837665,0.2,24.136939916837665,0.1999999999999993,server_0,True,True
autoscale-python-pi,1683514715792,820,24.28500973079776,0.2,24.28500973079776,0.1999999999999993,server_0,True,True
autoscale-python-pi,1683514715792,828,24.415065387294916,0.2,24.415065387294916,0.1999999999999993,server_0,True,True
autoscale-python-pi,1683514715792,836,24.711790465221533,0.2,24.711790465221533,0.1999999999999993,server_0,True,True
autoscale-python-pi,1683514715792,844,25.00560528436126,0.2,25.00560528436126,0.1999999999999993,server_0,True,True
autoscale-python-pi,1683514715792,852,25.180037542021534,0.2,25.180037542021534,0.1999999999999993,server_0,True,True
autoscale-python-pi,1683514715792,860,25.381882835378537,0.2,25.381882835378537,0.1999999999999993,server_0,True,True
autoscale-python-pi,1683514715792,868,25.67834321782419,0.2,25.67834321782419,0.1999999999999993,server_0,True,True
autoscale-python-pi,1683514715792,876,25.783552961300472,0.2,25.783552961300472,0.1999999999999993,server_0,True,True
autoscale-python-pi,1683514715792,884,26.02981033285093,0.2,26.02981033285093,0.1999999999999993,server_0,True,True
autoscale-python-pi,1683514715792,892,26.234334178941197,0.2,26.234334178941197,0.1999999999999993,server_0,True,True
autoscale-python-pi,1683514715792,900,26.525910761459535,0.2,26.525910761459535,0.1999999999999993,server_0,True,True
autoscale-python-pi,1683514715792,908,26.6613208208642,0.2,26.6613208208642,0.1999999999999993,server_0,True,True
autoscale-python-pi,1683514715792,916,26.87847312054678,0.2,26.87847312054678,0.1999999999999993,server_0,True,True
autoscale-python-pi,1683514715792,924,26.986803723495903,0.2,26.986803723495903,0.1999999999999993,server_0,True,True
autoscale-python-pi,1683514715792,932,27.120656216284118,0.2,27.120656216284118,0.1999999999999993,server_0,True,True
autoscale-python-pi,1683514715792,940,27.411014449025764,0.2,27.411014449025764,0.1999999999999993,server_0,True,True
autoscale-python-pi,1683514715792,948,27.647986655007937,0.2,27.647986655007937,0.1999999999999993,server_0,True,True
autoscale-python-pi,1683514715792,956,27.823863526762594,0.2,27.823863526762594,0.1999999999999993,server_0,True,True
autoscale-python-pi,1683514715792,964,28.01244228428962,0.2,28.01244228428962,0.1999999999999993,server_0,True,True
autoscale-python-pi,1683514715792,972,28.311342026316773,0.2,28.311342026316773,0.1999999999999993,server_0,True,True
autoscale-python-pi,1683514715792,980,28.604178336003894,0.2,28.604178336003894,0.1999999999999993,server_0,True,True
autoscale-python-pi,1683514715792,988,28.7528653481693,0.2,28.7528653481693,0.1999999999999993,server_0,True,True
autoscale-python-pi,1683514715792,996,28.926487484203065,0.2,28.926487484203065,0.1999999999999993,server_0,True,True
autoscale-python-pi,1683514715792,1004,29.132331825550185,0.2,29.132331825550185,0.1999999999999993,server_0,True,True
autoscale-python-pi,1683514715792,1012,29.292410200164305,0.2,29.292410200164305,0.1999999999999993,server_0,True,True
autoscale-python-pi,1683514715792,1020,29.547250938557905,0.2,29.547250938557905,0.1999999999999993,server_0,True,True
autoscale-python-pi,1683514715792,1028,29.61400469592539,0.2,29.61400469592539,0.1999999999999993,server_0,True,True
autoscale-python-pi,1683514715792,1036,29.85930090295248,0.2,29.85930090295248,0.1999999999999993,server_0,True,True
autoscale-python-pi,1683514715792,1044,30.04318372117584,0.2,30.04318372117584,0.1999999999999993,server_0,True,True
autoscale-python-pi,1683514715792,1052,30.217552939691668,0.2,30.217552939691668,0.1999999999999993,server_0,True,True
autoscale-python-pi,1683514715792,1060,30.38679871639773,0.2,30.38679871639773,0.1999999999999993,server_0,True,True
autoscale-python-pi,1683514715792,1068,30.62436310460038,0.2,30.62436310460038,0.1999999999999993,server_0,True,True
autoscale-python-pi,1683514715792,1076,30.933966730434342,0.2,30.933966730434342,0.1999999999999993,server_0,True,True
autoscale-python-pi,1683514715792,1084,31.11082126604077,0.2,31.11082126604077,0.1999999999999993,server_0,True,True
autoscale-python-pi,1683514715792,1092,31.389238145794447,0.2,31.389238145794447,0.1999999999999993,server_0,True,True
autoscale-python-pi,1683514715792,1100,31.523302604479134,0.2,31.523302604479134,0.1999999999999993,server_0,True,True
autoscale-python-pi,1683514715792,1108,31.67566894914374,0.2,31.67566894914374,0.1999999999999993,server_0,True,True
autoscale-python-pi,1683514715792,1116,31.749891591835144,0.2,31.749891591835144,0.1999999999999993,server_0,True,True
autoscale-python-pi,1683514715792,1124,31.971734163807117,0.2,31.971734163807117,0.1999999999999993,server_0,True,True
autoscale-python-pi,1683514715792,1132,32.19909565676757,0.2,32.19909565676757,0.20000000000000284,server_0,True,True
autoscale-python-pi,1683514715792,1140,32.342922380077106,0.2,32.342922380077106,0.20000000000000284,server_0,True,True
autoscale-python-pi,1683514715792,1148,32.56694510798876,0.2,32.56694510798876,0.20000000000000284,server_0,True,True
autoscale-python-pi,1683514715792,1156,32.91763563372998,0.2,32.91763563372998,0.20000000000000284,server_0,True,True
autoscale-python-pi,1683514715792,1164,33.16881400742299,0.2,33.16881400742299,0.20000000000000284,server_0,True,True
autoscale-python-pi,1683514715792,1172,33.37416400081689,0.2,33.37416400081689,0.20000000000000284,server_0,True,True
autoscale-python-pi,1683514715792,1180,33.4783044620905,0.2,33.4783044620905,0.20000000000000284,server_0,True,True
autoscale-python-pi,1683514715792,1188,33.69091838879769,0.2,33.69091838879769,0.20000000000000284,server_0,True,True
autoscale-python-pi,1683514715792,1196,34.03320605416476,0.2,34.03320605416476,0.20000000000000284,server_0,True,True
autoscale-python-pi,1683514715792,1204,34.119671654808684,0.2,34.119671654808684,0.20000000000000284,server_0,True,True
autoscale-python-pi,1683514715792,1212,34.21775757232974,0.2,34.21775757232974,0.20000000000000284,server_0,True,True
autoscale-python-pi,1683514715792,1220,34.36394589561887,0.2,34.36394589561887,0.20000000000000284,server_0,True,True
autoscale-python-pi,1683514715792,1228,34.57895139109942,0.2,34.57895139109942,0.20000000000000284,server_0,True,True
autoscale-python-pi,1683514715792,1236,34.828735305733176,0.2,34.828735305733176,0.20000000000000284,server_0,True,True
autoscale-python-pi,1683514715792,1244,34.91314550114584,0.2,34.91314550114584,0.20000000000000284,server_0,True,True
autoscale-python-pi,1683514715792,1252,35.105741007199924,0.2,35.105741007199924,0.20000000000000284,server_0,True,True
autoscale-python-pi,1683514715792,1260,35.344524064549184,0.2,35.344524064549184,0.20000000000000284,server_0,True,True
autoscale-python-pi,1683514715792,1268,35.52444285189256,0.2,35.52444285189256,0.20000000000000284,server_0,True,True
autoscale-python-pi,1683514715792,1276,35.6251419034046,0.2,35.6251419034046,0.20000000000000284,server_0,True,True
autoscale-python-pi,1683514715792,1284,35.77050875647915,0.2,35.77050875647915,0.20000000000000284,server_0,True,True
autoscale-python-pi,1683514715792,1292,36.03444461138601,0.2,36.03444461138601,0.20000000000000284,server_0,True,True
autoscale-python-pi,1683514715792,1300,36.21699097942923,0.2,36.21699097942923,0.20000000000000284,server_0,True,True
autoscale-python-pi,1683514715792,1308,36.32765746395571,0.2,36.32765746395571,0.20000000000000284,server_0,True,True
autoscale-python-pi,1683514715792,1316,36.49652980016633,0.2,36.49652980016633,0.20000000000000284,server_0,True,True
autoscale-python-pi,1683514715792,1324,36.62640061332729,0.2,36.62640061332729,0.20000000000000284,server_0,True,True
autoscale-python-pi,1683514715792,1332,36.83423332799323,0.2,36.83423332799323,0.20000000000000284,server_0,True,True
autoscale-python-pi,1683514715792,1340,37.14705254192803,0.2,37.14705254192803,0.20000000000000284,server_0,True,True
autoscale-python-pi,1683514715792,1348,37.36888211124535,0.2,37.36888211124535,0.20000000000000284,server_0,True,True
autoscale-python-pi,1683514715792,1356,37.52102428823193,0.2,37.52102428823193,0.20000000000000284,server_0,True,True
autoscale-python-pi,1683514715792,1364,37.886460636539326,0.2,37.886460636539326,0.20000000000000284,server_0,True,True
autoscale-python-pi,1683514715792,1372,38.0406160455255,0.2,38.0406160455255,0.20000000000000284,server_0,True,True
autoscale-python-pi,1683514715792,1380,38.278507874370185,0.2,38.278507874370185,0.20000000000000284,server_0,True,True
autoscale-python-pi,1683514715792,1388,38.594512536689706,0.2,38.594512536689706,0.20000000000000284,server_0,True,True
autoscale-python-pi,1683514715792,1396,38.766067805791586,0.2,38.766067805791586,0.20000000000000284,server_0,True,True
autoscale-python-pi,1683514715792,1404,38.864589724419986,0.2,38.864589724419986,0.20000000000000284,server_0,True,True
autoscale-python-pi,1683514715792,1412,39.02655000465722,0.2,39.02655000465722,0.20000000000000284,server_0,True,True
autoscale-python-pi,1683514715792,1420,39.14518526414097,0.2,39.14518526414097,0.20000000000000284,server_0,True,True
autoscale-python-pi,1683514715792,1428,39.37351729249309,0.2,39.37351729249309,0.20000000000000284,server_0,True,True
autoscale-python-pi,1683514715792,1436,39.611477784178376,0.2,39.611477784178376,0.20000000000000284,server_0,True,True
autoscale-python-pi,1683514715792,1444,39.877813235437785,0.2,39.877813235437785,0.20000000000000284,server_0,True,True
autoscale-python-pi,1683514715792,1452,40.04474927746735,0.2,40.04474927746735,0.20000000000000284,server_0,True,True
autoscale-python-pi,1683514715792,1460,40.22320673182524,0.2,40.22320673182524,0.20000000000000284,server_0,True,True
autoscale-python-pi,1683514715792,1468,40.58174583605732,0.2,40.58174583605732,0.20000000000000284,server_0,True,True
autoscale-python-pi,1683514715792,1476,40.84458021616447,0.2,40.84458021616447,0.20000000000000284,server_0,True,True
autoscale-python-pi,1683514715792,1484,41.052201393033414,0.2,41.052201393033414,0.20000000000000284,server_0,True,True
autoscale-python-pi,1683514715792,1492,41.35064731812672,0.2,41.35064731812672,0.20000000000000284,server_0,True,True
autoscale-python-pi,1683514715792,1500,41.53681955009449,0.2,41.53681955009449,0.20000000000000284,server_0,True,True
autoscale-python-pi,1683514715792,1508,41.82220307024743,0.2,41.82220307024743,0.20000000000000284,server_0,True,True
autoscale-python-pi,1683514715792,1516,41.90926838558643,0.2,41.90926838558643,0.20000000000000284,server_0,True,True
autoscale-python-pi,1683514715792,1524,42.17527694109581,0.2,42.17527694109581,0.20000000000000284,server_0,True,True
autoscale-python-pi,1683514715792,1532,42.379210307212915,0.2,42.379210307212915,0.20000000000000284,server_0,True,True
autoscale-python-pi,1683514715792,1540,42.563261245486,0.2,42.563261245486,0.20000000000000284,server_0,True,True
autoscale-python-pi,1683514715792,1548,42.739771428767696,0.2,42.739771428767696,0.20000000000000284,server_0,True,True
autoscale-python-pi,1683514715792,1556,42.93064408807498,0.2,42.93064408807498,0.20000000000000284,server_0,True,True
autoscale-python-pi,1683514715792,1564,43.14378838618323,0.2,43.14378838618323,0.20000000000000284,server_0,True,True
autoscale-python-pi,1683514715792,1572,43.28659127919764,0.2,43.28659127919764,0.20000000000000284,server_0,True,True
autoscale-python-pi,1683514715792,1580,43.50097827469544,0.2,43.50097827469544,0.20000000000000284,server_0,True,True
autoscale-python-pi,1683514715792,1588,43.60709619412651,0.2,43.60709619412651,0.20000000000000284,server_0,True,True
autoscale-python-pi,1683514715792,1596,43.79762732142161,0.2,43.79762732142161,0.20000000000000284,server_0,True,True
autoscale-python-pi,1683514715792,1604,43.99335889666399,0.2,43.99335889666399,0.20000000000000284,server_0,True,True
autoscale-python-pi,1683514715792,1612,44.147092614243824,0.2,44.147092614243824,0.20000000000000284,server_0,True,True
autoscale-python-pi,1683514715792,1620,44.35012245589224,0.2,44.35012245589224,0.20000000000000284,server_0,True,True
autoscale-python-pi,1683514715792,1628,44.53910579688918,0.2,44.53910579688918,0.20000000000000284,server_0,True,True
autoscale-python-pi,1683514715792,1636,44.84101017788808,0.2,44.84101017788808,0.20000000000000284,server_0,True,True
autoscale-python-pi,1683514715792,1644,44.96224371134533,0.2,44.96224371134533,0.20000000000000284,server_0,True,True
autoscale-python-pi,1683514715792,1652,45.15317203132305,0.2,45.15317203132305,0.20000000000000284,server_0,True,True
autoscale-python-pi,1683514715792,1660,45.28258125294101,0.2,45.28258125294101,0.20000000000000284,server_0,True,True
autoscale-python-pi,1683514715792,1668,45.42287524220046,0.2,45.42287524220046,0.20000000000000284,server_0,True,True
autoscale-python-pi,1683514715792,1676,45.56303395631285,0.2,45.56303395631285,0.20000000000000284,server_0,True,True
autoscale-python-pi,1683514715792,1684,45.68375516630069,0.2,45.68375516630069,0.20000000000000284,server_0,True,True
autoscale-python-pi,1683514715792,1692,45.926111370863374,0.2,45.926111370863374,0.20000000000000284,server_0,True,True
autoscale-python-pi,1683514715792,1700,46.1517274771283,0.2,46.1517274771283,0.20000000000000284,server_0,True,True
autoscale-python-pi,1683514715792,1708,46.36390525028924,0.2,46.36390525028924,0.20000000000000284,server_0,True,True
autoscale-python-pi,1683514715792,1716,46.59571055388451,0.2,46.59571055388451,0.20000000000000284,server_0,True,True
autoscale-python-pi,1683514715792,1724,46.85563725516808,0.2,46.85563725516808,0.20000000000000284,server_0,True,True
autoscale-python-pi,1683514715792,1732,47.02368113131556,0.2,47.02368113131556,0.20000000000000284,server_0,True,True
autoscale-python-pi,1683514715792,1740,47.164664117676026,0.2,47.164664117676026,0.20000000000000284,server_0,True,True
autoscale-python-pi,1683514715792,1748,47.544331337341156,0.2,47.544331337341156,0.20000000000000284,server_0,True,True
autoscale-python-pi,1683514715792,1756,47.76485959863812,0.2,47.76485959863812,0.20000000000000284,server_0,True,True
autoscale-python-pi,1683514715792,1764,48.076936067911944,0.2,48.076936067911944,0.20000000000000284,server_0,True,True
autoscale-python-pi,1683514715792,1772,48.29247876672023,0.2,48.29247876672023,0.20000000000000284,server_0,True,True
autoscale-python-pi,1683514715792,1780,48.57543330971574,0.2,48.57543330971574,0.20000000000000284,server_0,True,True
autoscale-python-pi,1683514715792,1788,48.74236109438068,0.2,48.74236109438068,0.20000000000000284,server_0,True,True
autoscale-python-pi,1683514715792,1796,48.882250520639,0.2,48.882250520639,0.20000000000000284,server_0,True,True
autoscale-python-pi,1683514715792,1804,48.984593228283835,0.2,48.984593228283835,0.20000000000000284,server_0,True,True
autoscale-python-pi,1683514715792,1812,49.11684825542736,0.2,49.11684825542736,0.20000000000000284,server_0,True,True
autoscale-python-pi,1683514715792,1820,49.28255070838319,0.2,49.28255070838319,0.20000000000000284,server_0,True,True
autoscale-python-pi,1683514715792,1828,49.49153402593055,0.2,49.49153402593055,0.20000000000000284,server_0,True,True
autoscale-python-pi,1683514715792,1836,49.61955267839857,0.2,49.61955267839857,0.20000000000000284,server_0,True,True
autoscale-python-pi,1683514715792,1844,49.852702193931485,0.2,49.852702193931485,0.20000000000000284,server_0,True,True
autoscale-python-pi,1683514715792,1852,50.21880396420345,0.2,50.21880396420345,0.20000000000000284,server_0,True,True
autoscale-python-pi,1683514715792,1860,50.42224833495944,0.2,50.42224833495944,0.20000000000000284,server_0,True,True
autoscale-python-pi,1683514715792,1868,50.540091552931976,0.2,50.540091552931976,0.20000000000000284,server_0,True,True
autoscale-python-pi,1683514715792,1876,50.67170600526992,0.2,50.67170600526992,0.20000000000000284,server_0,True,True
autoscale-python-pi,1683514715792,1884,50.80406982071162,0.2,50.80406982071162,0.20000000000000284,server_0,True,True
autoscale-python-pi,1683514715792,1892,50.971053885704016,0.2,50.971053885704016,0.20000000000000284,server_0,True,True
autoscale-python-pi,1683514715792,1900,51.10914363046886,0.2,51.10914363046886,0.20000000000000284,server_0,True,True
autoscale-python-pi,1683514715792,1908,51.231064459669504,0.2,51.231064459669504,0.20000000000000284,server_0,True,True
autoscale-python-pi,1683514715792,1916,51.38687601915046,0.2,51.38687601915046,0.20000000000000284,server_0,True,True
autoscale-python-pi,1683514715792,1924,51.65106541745091,0.2,51.65106541745091,0.20000000000000284,server_0,True,True
autoscale-python-pi,1683514715792,1932,51.806813380178816,0.2,51.806813380178816,0.20000000000000284,server_0,True,True
autoscale-python-pi,1683514715792,1940,51.95155691399031,0.2,51.95155691399031,0.20000000000000284,server_0,True,True
autoscale-python-pi,1683514715792,1948,52.12164178144661,0.2,52.12164178144661,0.20000000000000284,server_0,True,True
autoscale-python-pi,1683514715792,1956,52.245550697856444,0.2,52.245550697856444,0.20000000000000284,server_0,True,True
autoscale-python-pi,1683514715792,1964,52.494950327525245,0.2,52.494950327525245,0.20000000000000284,server_0,True,True
autoscale-python-pi,1683514715792,1972,52.76668635963126,0.2,52.76668635963126,0.20000000000000284,server_0,True,True
autoscale-python-pi,1683514715792,1980,53.053754599797365,0.2,53.053754599797365,0.20000000000000284,server_0,True,True
autoscale-python-pi,1683514715792,1988,53.307175049077706,0.2,53.307175049077706,0.20000000000000284,server_0,True,True
autoscale-python-pi,1683514715792,1996,53.49348003015599,0.2,53.49348003015599,0.20000000000000284,server_0,True,True
autoscale-python-pi,1683514916944,64,4.658212192242194,0.2,4.658212192242194,0.20000000000000018,server_0,True,True
autoscale-python-pi,1683514916944,72,4.957385871893365,0.2,4.957385871893365,0.20000000000000018,server_0,True,True
autoscale-python-pi,1683514916944,80,5.1350416960286145,0.2,5.1350416960286145,0.20000000000000018,server_0,True,True
autoscale-python-pi,1683514916944,88,5.386656988475265,0.2,5.386656988475265,0.20000000000000018,server_0,True,True
autoscale-python-pi,1683514916944,96,5.720173918463773,0.2,5.720173918463773,0.20000000000000018,server_0,True,True
autoscale-python-pi,1683514916944,104,6.067793330167612,0.2,6.067793330167612,0.20000000000000018,server_0,True,True
autoscale-python-pi,1683514916944,112,6.216455339618054,0.2,6.216455339618054,0.20000000000000018,server_0,True,True
autoscale-python-pi,1683514916944,120,6.406521777167814,0.2,6.406521777167814,0.20000000000000018,server_0,True,True
autoscale-python-pi,1683514916944,128,6.722998186543877,0.2,6.722998186543877,0.20000000000000018,server_0,True,True
autoscale-python-pi,1683514916944,136,6.947653627033145,0.2,6.947653627033145,0.20000000000000018,server_0,True,True
autoscale-python-pi,1683514916944,144,7.416450383960067,0.2,7.416450383960067,0.20000000000000018,server_0,True,True
autoscale-python-pi,1683514916944,152,7.536598725744653,0.2,7.536598725744653,0.20000000000000018,server_0,True,True
autoscale-python-pi,1683514916944,160,7.824388154703617,0.2,7.824388154703617,0.20000000000000018,server_0,True,True
autoscale-python-pi,1683514916944,168,7.980840691428554,0.2,7.980840691428554,0.1999999999999993,server_0,True,True
autoscale-python-pi,1683514916944,176,8.166211896405342,0.2,8.166211896405342,0.1999999999999993,server_0,True,True
autoscale-python-pi,1683514916944,184,8.305103740465237,0.2,8.305103740465237,0.1999999999999993,server_0,True,True
autoscale-python-pi,1683514916944,192,8.654499491019804,0.2,8.654499491019804,0.1999999999999993,server_0,True,True
autoscale-python-pi,1683514916944,200,8.755828520368592,0.2,8.755828520368592,0.1999999999999993,server_0,True,True
autoscale-python-pi,1683514916944,208,9.108369812183874,0.2,9.108369812183874,0.1999999999999993,server_0,True,True
autoscale-python-pi,1683514916944,216,9.316790417810264,0.2,9.316790417810264,0.1999999999999993,server_0,True,True
autoscale-python-pi,1683514916944,224,9.453192490075729,0.2,9.453192490075729,0.1999999999999993,server_0,True,True
autoscale-python-pi,1683514916944,232,9.617904439933618,0.2,9.617904439933618,0.1999999999999993,server_0,True,True
autoscale-python-pi,1683514916944,240,9.768741861174005,0.2,9.768741861174005,0.1999999999999993,server_0,True,True
autoscale-python-pi,1683514916944,248,9.993122867249943,0.2,9.993122867249943,0.1999999999999993,server_0,True,True
autoscale-python-pi,1683514916944,256,10.205799053182695,0.2,10.205799053182695,0.1999999999999993,server_0,True,True
autoscale-python-pi,1683514916944,264,10.331112679847513,0.2,10.331112679847513,0.1999999999999993,server_0,True,True
autoscale-python-pi,1683514916944,272,10.541365375867917,0.2,10.541365375867917,0.1999999999999993,server_0,True,True
autoscale-python-pi,1683514916944,280,10.648265292286773,0.2,10.648265292286773,0.1999999999999993,server_0,True,True
autoscale-python-pi,1683514916944,288,10.865085918308194,0.2,10.865085918308194,0.1999999999999993,server_0,True,True
autoscale-python-pi,1683514916944,296,11.081711194406694,0.2,11.081711194406694,0.1999999999999993,server_0,True,True
autoscale-python-pi,1683514916944,304,11.411484139038494,0.2,11.411484139038494,0.1999999999999993,server_0,True,True
autoscale-python-pi,1683514916944,312,11.747253108551426,0.2,11.747253108551426,0.1999999999999993,server_0,True,True
autoscale-python-pi,1683514916944,320,11.908316654807553,0.2,11.908316654807553,0.1999999999999993,server_0,True,True
autoscale-python-pi,1683514916944,328,12.006286168349575,0.2,12.006286168349575,0.1999999999999993,server_0,True,True
autoscale-python-pi,1683514916944,336,12.167593248160346,0.2,12.167593248160346,0.1999999999999993,server_0,True,True
autoscale-python-pi,1683514916944,344,12.490344834249555,0.2,12.490344834249555,0.1999999999999993,server_0,True,True
autoscale-python-pi,1683514916944,352,12.785777556781918,0.2,12.785777556781918,0.1999999999999993,server_0,True,True
autoscale-python-pi,1683514916944,360,13.069496176817946,0.2,13.069496176817946,0.1999999999999993,server_0,True,True
autoscale-python-pi,1683514916944,368,13.288874738542528,0.2,13.288874738542528,0.1999999999999993,server_0,True,True
autoscale-python-pi,1683514916944,376,13.411464382340274,0.2,13.411464382340274,0.1999999999999993,server_0,True,True
autoscale-python-pi,1683514916944,384,13.5928504186005,0.2,13.5928504186005,0.1999999999999993,server_0,True,True
autoscale-python-pi,1683514916944,392,13.862851124039075,0.2,13.862851124039075,0.1999999999999993,server_0,True,True
autoscale-python-pi,1683514916944,400,13.970488977869163,0.2,13.970488977869163,0.1999999999999993,server_0,True,True
autoscale-python-pi,1683514916944,408,14.119961919511427,0.2,14.119961919511427,0.1999999999999993,server_0,True,True
autoscale-python-pi,1683514916944,416,14.256889059603866,0.2,14.256889059603866,0.1999999999999993,server_0,True,True
autoscale-python-pi,1683514916944,424,14.43633869742049,0.2,14.43633869742049,0.1999999999999993,server_0,True,True
autoscale-python-pi,1683514916944,432,14.5427674270972,0.2,14.5427674270972,0.1999999999999993,server_0,True,True
autoscale-python-pi,1683514916944,440,14.705381637944198,0.2,14.705381637944198,0.1999999999999993,server_0,True,True
autoscale-python-pi,1683514916944,448,14.84205315179045,0.2,14.84205315179045,0.1999999999999993,server_0,True,True
autoscale-python-pi,1683514916944,456,15.075200458824968,0.2,15.075200458824968,0.1999999999999993,server_0,True,True
autoscale-python-pi,1683514916944,464,15.259166656586741,0.2,15.259166656586741,0.1999999999999993,server_0,True,True
autoscale-python-pi,1683514916944,472,15.389373830581151,0.2,15.389373830581151,0.1999999999999993,server_0,True,True
autoscale-python-pi,1683514916944,480,15.49417770755525,0.2,15.49417770755525,0.1999999999999993,server_0,True,True
autoscale-python-pi,1683514916944,488,15.736191170164457,0.2,15.736191170164457,0.1999999999999993,server_0,True,True
autoscale-python-pi,1683514916944,496,15.940726299923735,0.2,15.940726299923735,0.1999999999999993,server_0,True,True
autoscale-python-pi,1683514916944,504,16.095577378855555,0.2,16.095577378855555,0.1999999999999993,server_0,True,True
autoscale-python-pi,1683514916944,512,16.209826445928314,0.2,16.209826445928314,0.1999999999999993,server_0,True,True
autoscale-python-pi,1683514916944,520,16.37322614482891,0.2,16.37322614482891,0.1999999999999993,server_0,True,True
autoscale-python-pi,1683514916944,528,16.551118919660382,0.2,16.551118919660382,0.1999999999999993,server_0,True,True
autoscale-python-pi,1683514916944,536,16.782081164202,0.2,16.782081164202,0.1999999999999993,server_0,True,True
autoscale-python-pi,1683514916944,544,16.97576314313515,0.2,16.97576314313515,0.1999999999999993,server_0,True,True
autoscale-python-pi,1683514916944,552,17.182408761385396,0.2,17.182408761385396,0.1999999999999993,server_0,True,True
autoscale-python-pi,1683514916944,560,17.46056186454019,0.2,17.46056186454019,0.1999999999999993,server_0,True,True
autoscale-python-pi,1683514916944,568,17.723062792912263,0.2,17.723062792912263,0.1999999999999993,server_0,True,True
autoscale-python-pi,1683514916944,576,17.889134880387555,0.2,17.889134880387555,0.1999999999999993,server_0,True,True
autoscale-python-pi,1683514916944,584,18.11415581748687,0.2,18.11415581748687,0.1999999999999993,server_0,True,True
autoscale-python-pi,1683514916944,592,18.364005945387945,0.2,18.364005945387945,0.1999999999999993,server_0,True,True
autoscale-python-pi,1683514916944,600,18.5112430107083,0.2,18.5112430107083,0.1999999999999993,server_0,True,True
autoscale-python-pi,1683514916944,608,18.707062389710494,0.2,18.707062389710494,0.1999999999999993,server_0,True,True
autoscale-python-pi,1683514916944,616,18.853326141937327,0.2,18.853326141937327,0.1999999999999993,server_0,True,True
autoscale-python-pi,1683514916944,624,18.98703194200586,0.2,18.98703194200586,0.1999999999999993,server_0,True,True
autoscale-python-pi,1683514916944,632,19.174771019967014,0.2,19.174771019967014,0.1999999999999993,server_0,True,True
autoscale-python-pi,1683514916944,640,19.35540454762871,0.2,19.35540454762871,0.1999999999999993,server_0,True,True
autoscale-python-pi,1683514916944,648,19.611235690324623,0.2,19.611235690324623,0.1999999999999993,server_0,True,True
autoscale-python-pi,1683514916944,656,19.93304587907328,0.2,19.93304587907328,0.1999999999999993,server_0,True,True
autoscale-python-pi,1683514916944,664,20.203183463298434,0.2,20.203183463298434,0.1999999999999993,server_0,True,True
autoscale-python-pi,1683514916944,672,20.57291213784366,0.2,20.57291213784366,0.1999999999999993,server_0,True,True
autoscale-python-pi,1683514916944,680,20.836166447130573,0.2,20.836166447130573,0.1999999999999993,server_0,True,True
autoscale-python-pi,1683514916944,688,20.913812597544943,0.2,20.913812597544943,0.1999999999999993,server_0,True,True
autoscale-python-pi,1683514916944,696,21.065913295123153,0.2,21.065913295123153,0.1999999999999993,server_0,True,True
autoscale-python-pi,1683514916944,704,21.2283754144872,0.2,21.2283754144872,0.1999999999999993,server_0,True,True
autoscale-python-pi,1683514916944,712,21.32963665166352,0.2,21.32963665166352,0.1999999999999993,server_0,True,True
autoscale-python-pi,1683514916944,720,21.55666864730229,0.2,21.55666864730229,0.1999999999999993,server_0,True,True
autoscale-python-pi,1683514916944,728,21.686980747886253,0.2,21.686980747886253,0.1999999999999993,server_0,True,True
autoscale-python-pi,1683514916944,736,21.971916164450704,0.2,21.971916164450704,0.1999999999999993,server_0,True,True
autoscale-python-pi,1683514916944,744,22.20418904524173,0.2,22.20418904524173,0.1999999999999993,server_0,True,True
autoscale-python-pi,1683514916944,752,22.427588211886068,0.2,22.427588211886068,0.1999999999999993,server_0,True,True
autoscale-python-pi,1683514916944,760,22.6062777961335,0.2,22.6062777961335,0.1999999999999993,server_0,True,True
autoscale-python-pi,1683514916944,768,22.759515626147884,0.2,22.759515626147884,0.1999999999999993,server_0,True,True
autoscale-python-pi,1683514916944,776,23.025625436095968,0.2,23.025625436095968,0.1999999999999993,server_0,True,True
autoscale-python-pi,1683514916944,784,23.362241297859633,0.2,23.362241297859633,0.1999999999999993,server_0,True,True
autoscale-python-pi,1683514916944,792,23.641556050746225,0.2,23.641556050746225,0.1999999999999993,server_0,True,True
autoscale-python-pi,1683514916944,800,23.847185511412764,0.2,23.847185511412764,0.1999999999999993,server_0,True,True
autoscale-python-pi,1683514916944,808,24.047595156417284,0.2,24.047595156417284,0.1999999999999993,server_0,True,True
autoscale-python-pi,1683514916944,816,24.206855291861736,0.2,24.206855291861736,0.1999999999999993,server_0,True,True
autoscale-python-pi,1683514916944,824,24.316795798438463,0.2,24.316795798438463,0.1999999999999993,server_0,True,True
autoscale-python-pi,1683514916944,832,24.528356531064944,0.2,24.528356531064944,0.1999999999999993,server_0,True,True
autoscale-python-pi,1683514916944,840,24.861009838729895,0.2,24.861009838729895,0.1999999999999993,server_0,True,True
autoscale-python-pi,1683514916944,848,25.075571957501392,0.2,25.075571957501392,0.1999999999999993,server_0,True,True
autoscale-python-pi,1683514916944,856,25.274032016977536,0.2,25.274032016977536,0.1999999999999993,server_0,True,True
autoscale-python-pi,1683514916944,864,25.520182461471148,0.2,25.520182461471148,0.1999999999999993,server_0,True,True
autoscale-python-pi,1683514916944,872,25.738697142801342,0.2,25.738697142801342,0.1999999999999993,server_0,True,True
autoscale-python-pi,1683514916944,880,25.92417521837434,0.2,25.92417521837434,0.1999999999999993,server_0,True,True
autoscale-python-pi,1683514916944,888,26.0886244748373,0.2,26.0886244748373,0.1999999999999993,server_0,True,True
autoscale-python-pi,1683514916944,896,26.438902251965555,0.2,26.438902251965555,0.1999999999999993,server_0,True,True
autoscale-python-pi,1683514916944,904,26.574770825310104,0.2,26.574770825310104,0.1999999999999993,server_0,True,True
autoscale-python-pi,1683514916944,912,26.768174993976846,0.2,26.768174993976846,0.1999999999999993,server_0,True,True
autoscale-python-pi,1683514916944,920,26.955322488608125,0.2,26.955322488608125,0.1999999999999993,server_0,True,True
autoscale-python-pi,1683514916944,928,27.03376843962874,0.2,27.03376843962874,0.1999999999999993,server_0,True,True
autoscale-python-pi,1683514916944,936,27.253002997348382,0.2,27.253002997348382,0.1999999999999993,server_0,True,True
autoscale-python-pi,1683514916944,944,27.470844906763993,0.2,27.470844906763993,0.1999999999999993,server_0,True,True
autoscale-python-pi,1683514916944,952,27.752877801479848,0.2,27.752877801479848,0.1999999999999993,server_0,True,True
autoscale-python-pi,1683514916944,960,27.98458368428471,0.2,27.98458368428471,0.1999999999999993,server_0,True,True
autoscale-python-pi,1683514916944,968,28.14292419119409,0.2,28.14292419119409,0.1999999999999993,server_0,True,True
autoscale-python-pi,1683514916944,976,28.458154685573824,0.2,28.458154685573824,0.1999999999999993,server_0,True,True
autoscale-python-pi,1683514916944,984,28.636665505284213,0.2,28.636665505284213,0.1999999999999993,server_0,True,True
autoscale-python-pi,1683514916944,992,28.872262516080937,0.2,28.872262516080937,0.1999999999999993,server_0,True,True
autoscale-python-pi,1683514916944,1000,29.035818089581387,0.2,29.035818089581387,0.1999999999999993,server_0,True,True
autoscale-python-pi,1683514916944,1008,29.216512910683583,0.2,29.216512910683583,0.1999999999999993,server_0,True,True
autoscale-python-pi,1683514916944,1016,29.36957569741782,0.2,29.36957569741782,0.1999999999999993,server_0,True,True
autoscale-python-pi,1683514916944,1024,29.568310779793414,0.2,29.568310779793414,0.1999999999999993,server_0,True,True
autoscale-python-pi,1683514916944,1032,29.69285266853719,0.2,29.69285266853719,0.1999999999999993,server_0,True,True
autoscale-python-pi,1683514916944,1040,29.96744775761022,0.2,29.96744775761022,0.1999999999999993,server_0,True,True
autoscale-python-pi,1683514916944,1048,30.081632964687415,0.2,30.081632964687415,0.1999999999999993,server_0,True,True
autoscale-python-pi,1683514916944,1056,30.332262526479642,0.2,30.332262526479642,0.1999999999999993,server_0,True,True
autoscale-python-pi,1683514916944,1064,30.479023553692556,0.2,30.479023553692556,0.1999999999999993,server_0,True,True
autoscale-python-pi,1683514916944,1072,30.725946275562027,0.2,30.725946275562027,0.1999999999999993,server_0,True,True
autoscale-python-pi,1683514916944,1080,31.057641440943243,0.2,31.057641440943243,0.1999999999999993,server_0,True,True
autoscale-python-pi,1683514916944,1088,31.206583006808007,0.2,31.206583006808007,0.1999999999999993,server_0,True,True
autoscale-python-pi,1683514916944,1096,31.46573645963413,0.2,31.46573645963413,0.1999999999999993,server_0,True,True
autoscale-python-pi,1683514916944,1104,31.5814582515447,0.2,31.5814582515447,0.1999999999999993,server_0,True,True
autoscale-python-pi,1683514916944,1112,31.735940773972107,0.2,31.735940773972107,0.1999999999999993,server_0,True,True
autoscale-python-pi,1683514916944,1120,31.90043797583979,0.2,31.90043797583979,0.1999999999999993,server_0,True,True
autoscale-python-pi,1683514916944,1128,32.095085285875584,0.2,32.095085285875584,0.20000000000000284,server_0,True,True
autoscale-python-pi,1683514916944,1136,32.26745177903632,0.2,32.26745177903632,0.20000000000000284,server_0,True,True
autoscale-python-pi,1683514916944,1144,32.44863584224045,0.2,32.44863584224045,0.20000000000000284,server_0,True,True
autoscale-python-pi,1683514916944,1152,32.6782838466507,0.2,32.6782838466507,0.20000000000000284,server_0,True,True
autoscale-python-pi,1683514916944,1160,32.99043579364735,0.2,32.99043579364735,0.20000000000000284,server_0,True,True
autoscale-python-pi,1683514916944,1168,33.240498089624154,0.2,33.240498089624154,0.20000000000000284,server_0,True,True
autoscale-python-pi,1683514916944,1176,33.41461648044068,0.2,33.41461648044068,0.20000000000000284,server_0,True,True
autoscale-python-pi,1683514916944,1184,33.55238521469877,0.2,33.55238521469877,0.20000000000000284,server_0,True,True
autoscale-python-pi,1683514916944,1192,33.84439104825777,0.2,33.84439104825777,0.20000000000000284,server_0,True,True
autoscale-python-pi,1683514916944,1200,34.07202732840678,0.2,34.07202732840678,0.20000000000000284,server_0,True,True
autoscale-python-pi,1683514916944,1208,34.17645219882186,0.2,34.17645219882186,0.20000000000000284,server_0,True,True
autoscale-python-pi,1683514916944,1216,34.28507281176904,0.2,34.28507281176904,0.20000000000000284,server_0,True,True
autoscale-python-pi,1683514916944,1224,34.51566552136095,0.2,34.51566552136095,0.20000000000000284,server_0,True,True
autoscale-python-pi,1683514916944,1232,34.74937125811343,0.2,34.74937125811343,0.20000000000000284,server_0,True,True
autoscale-python-pi,1683514916944,1240,34.866037031863016,0.2,34.866037031863016,0.20000000000000284,server_0,True,True
autoscale-python-pi,1683514916944,1248,34.99281198041566,0.2,34.99281198041566,0.20000000000000284,server_0,True,True
autoscale-python-pi,1683514916944,1256,35.152948095665955,0.2,35.152948095665955,0.20000000000000284,server_0,True,True
autoscale-python-pi,1683514916944,1264,35.45761407694149,0.2,35.45761407694149,0.20000000000000284,server_0,True,True
autoscale-python-pi,1683514916944,1272,35.5805797022367,0.2,35.5805797022367,0.20000000000000284,server_0,True,True
autoscale-python-pi,1683514916944,1280,35.68523490370412,0.2,35.68523490370412,0.20000000000000284,server_0,True,True
autoscale-python-pi,1683514916944,1288,35.891116928370046,0.2,35.891116928370046,0.20000000000000284,server_0,True,True
autoscale-python-pi,1683514916944,1296,36.181820231567976,0.2,36.181820231567976,0.20000000000000284,server_0,True,True
autoscale-python-pi,1683514916944,1304,36.26871233586413,0.2,36.26871233586413,0.20000000000000284,server_0,True,True
autoscale-python-pi,1683514916944,1312,36.42748675102619,0.2,36.42748675102619,0.20000000000000284,server_0,True,True
autoscale-python-pi,1683514916944,1320,36.56498114435501,0.2,36.56498114435501,0.20000000000000284,server_0,True,True
autoscale-python-pi,1683514916944,1328,36.730838492312046,0.2,36.730838492312046,0.20000000000000284,server_0,True,True
autoscale-python-pi,1683514916944,1336,36.986604715012604,0.2,36.986604715012604,0.20000000000000284,server_0,True,True
autoscale-python-pi,1683514916944,1344,37.25189803857767,0.2,37.25189803857767,0.20000000000000284,server_0,True,True
autoscale-python-pi,1683514916944,1352,37.45967567069643,0.2,37.45967567069643,0.20000000000000284,server_0,True,True
autoscale-python-pi,1683514916944,1360,37.74069069127056,0.2,37.74069069127056,0.20000000000000284,server_0,True,True
autoscale-python-pi,1683514916944,1368,37.9419376404498,0.2,37.9419376404498,0.20000000000000284,server_0,True,True
autoscale-python-pi,1683514916944,1376,38.20251205100023,0.2,38.20251205100023,0.20000000000000284,server_0,True,True
autoscale-python-pi,1683514916944,1384,38.47740917066808,0.2,38.47740917066808,0.20000000000000284,server_0,True,True
autoscale-python-pi,1683514916944,1392,38.6828063722499,0.2,38.6828063722499,0.20000000000000284,server_0,True,True
autoscale-python-pi,1683514916944,1400,38.81583568287858,0.2,38.81583568287858,0.20000000000000284,server_0,True,True
autoscale-python-pi,1683514916944,1408,38.937594816868526,0.2,38.937594816868526,0.20000000000000284,server_0,True,True
autoscale-python-pi,1683514916944,1416,39.102244815741706,0.2,39.102244815741706,0.20000000000000284,server_0,True,True
autoscale-python-pi,1683514916944,1424,39.27003411225502,0.2,39.27003411225502,0.20000000000000284,server_0,True,True
autoscale-python-pi,1683514916944,1432,39.50173260456455,0.2,39.50173260456455,0.20000000000000284,server_0,True,True
autoscale-python-pi,1683514916944,1440,39.72950533863426,0.2,39.72950533863426,0.20000000000000284,server_0,True,True
autoscale-python-pi,1683514916944,1448,39.957834527496786,0.2,39.957834527496786,0.20000000000000284,server_0,True,True
autoscale-python-pi,1683514916944,1456,40.1275013204957,0.2,40.1275013204957,0.20000000000000284,server_0,True,True
autoscale-python-pi,1683514916944,1464,40.46187210284723,0.2,40.46187210284723,0.20000000000000284,server_0,True,True
autoscale-python-pi,1683514916944,1472,40.744732766434105,0.2,40.744732766434105,0.20000000000000284,server_0,True,True
autoscale-python-pi,1683514916944,1480,40.913230578720324,0.2,40.913230578720324,0.20000000000000284,server_0,True,True
autoscale-python-pi,1683514916944,1488,41.20762494603904,0.2,41.20762494603904,0.20000000000000284,server_0,True,True
autoscale-python-pi,1683514916944,1496,41.454605396128535,0.2,41.454605396128535,0.20000000000000284,server_0,True,True
autoscale-python-pi,1683514916944,1504,41.704796502448445,0.2,41.704796502448445,0.20000000000000284,server_0,True,True
autoscale-python-pi,1683514916944,1512,41.886561103557874,0.2,41.886561103557874,0.20000000000000284,server_0,True,True
autoscale-python-pi,1683514916944,1520,42.03106380431349,0.2,42.03106380431349,0.20000000000000284,server_0,True,True
autoscale-python-pi,1683514916944,1528,42.24267639350842,0.2,42.24267639350842,0.20000000000000284,server_0,True,True
autoscale-python-pi,1683514916944,1536,42.5078102087848,0.2,42.5078102087848,0.20000000000000284,server_0,True,True
autoscale-python-pi,1683514916944,1544,42.64234601928864,0.2,42.64234601928864,0.20000000000000284,server_0,True,True
autoscale-python-pi,1683514916944,1552,42.87050010480473,0.2,42.87050010480473,0.20000000000000284,server_0,True,True
autoscale-python-pi,1683514916944,1560,42.99024473573232,0.2,42.99024473573232,0.20000000000000284,server_0,True,True
autoscale-python-pi,1683514916944,1568,43.268552759382565,0.2,43.268552759382565,0.20000000000000284,server_0,True,True
autoscale-python-pi,1683514916944,1576,43.369176478801656,0.2,43.369176478801656,0.20000000000000284,server_0,True,True
autoscale-python-pi,1683514916944,1584,43.57673180330097,0.2,43.57673180330097,0.20000000000000284,server_0,True,True
autoscale-python-pi,1683514916944,1592,43.7348216924484,0.2,43.7348216924484,0.20000000000000284,server_0,True,True
autoscale-python-pi,1683514916944,1600,43.88952279344095,0.2,43.88952279344095,0.20000000000000284,server_0,True,True
autoscale-python-pi,1683514916944,1608,44.10705293760662,0.2,44.10705293760662,0.20000000000000284,server_0,True,True
autoscale-python-pi,1683514916944,1616,44.22705807982462,0.2,44.22705807982462,0.20000000000000284,server_0,True,True
autoscale-python-pi,1683514916944,1624,44.47803525662305,0.2,44.47803525662305,0.20000000000000284,server_0,True,True
autoscale-python-pi,1683514916944,1632,44.779260860382934,0.2,44.779260860382934,0.20000000000000284,server_0,True,True
autoscale-python-pi,1683514916944,1640,44.891913780190954,0.2,44.891913780190954,0.20000000000000284,server_0,True,True
autoscale-python-pi,1683514916944,1648,45.00415383024851,0.2,45.00415383024851,0.20000000000000284,server_0,True,True
autoscale-python-pi,1683514916944,1656,45.205150949547864,0.2,45.205150949547864,0.20000000000000284,server_0,True,True
autoscale-python-pi,1683514916944,1664,45.3357447450313,0.2,45.3357447450313,0.20000000000000284,server_0,True,True
autoscale-python-pi,1683514916944,1672,45.528237382735064,0.2,45.528237382735064,0.20000000000000284,server_0,True,True
autoscale-python-pi,1683514916944,1680,45.658403486087266,0.2,45.658403486087266,0.20000000000000284,server_0,True,True
autoscale-python-pi,1683514916944,1688,45.859130189292216,0.2,45.859130189292216,0.20000000000000284,server_0,True,True
autoscale-python-pi,1683514916944,1696,46.053125241080416,0.2,46.053125241080416,0.20000000000000284,server_0,True,True
autoscale-python-pi,1683514916944,1704,46.24469628443682,0.2,46.24469628443682,0.20000000000000284,server_0,True,True
autoscale-python-pi,1683514916944,1712,46.41070082095075,0.2,46.41070082095075,0.20000000000000284,server_0,True,True
autoscale-python-pi,1683514916944,1720,46.710018864333435,0.2,46.710018864333435,0.20000000000000284,server_0,True,True
autoscale-python-pi,1683514916944,1728,46.94328664548796,0.2,46.94328664548796,0.20000000000000284,server_0,True,True
autoscale-python-pi,1683514916944,1736,47.10037901757017,0.2,47.10037901757017,0.20000000000000284,server_0,True,True
autoscale-python-pi,1683514916944,1744,47.279703138963846,0.2,47.279703138963846,0.20000000000000284,server_0,True,True
autoscale-python-pi,1683514916944,1752,47.670200807354085,0.2,47.670200807354085,0.20000000000000284,server_0,True,True
autoscale-python-pi,1683514916944,1760,47.862785753759134,0.2,47.862785753759134,0.20000000000000284,server_0,True,True
autoscale-python-pi,1683514916944,1768,48.184518569615,0.2,48.184518569615,0.20000000000000284,server_0,True,True
autoscale-python-pi,1683514916944,1776,48.443940230267586,0.2,48.443940230267586,0.20000000000000284,server_0,True,True
autoscale-python-pi,1683514916944,1784,48.67248000671567,0.2,48.67248000671567,0.20000000000000284,server_0,True,True
autoscale-python-pi,1683514916944,1792,48.80867355831161,0.2,48.80867355831161,0.20000000000000284,server_0,True,True
autoscale-python-pi,1683514916944,1800,48.90702283376396,0.2,48.90702283376396,0.20000000000000284,server_0,True,True
autoscale-python-pi,1683514916944,1808,49.01962984793178,0.2,49.01962984793178,0.20000000000000284,server_0,True,True
autoscale-python-pi,1683514916944,1816,49.167014179135144,0.2,49.167014179135144,0.20000000000000284,server_0,True,True
autoscale-python-pi,1683514916944,1824,49.39020530120701,0.2,49.39020530120701,0.20000000000000284,server_0,True,True
autoscale-python-pi,1683514916944,1832,49.560524572452785,0.2,49.560524572452785,0.20000000000000284,server_0,True,True
autoscale-python-pi,1683514916944,1840,49.700970427436076,0.2,49.700970427436076,0.20000000000000284,server_0,True,True
autoscale-python-pi,1683514916944,1848,50.09438840959488,0.2,50.09438840959488,0.20000000000000284,server_0,True,True
autoscale-python-pi,1683514916944,1856,50.36443934544426,0.2,50.36443934544426,0.20000000000000284,server_0,True,True
autoscale-python-pi,1683514916944,1864,50.49904140768504,0.2,50.49904140768504,0.20000000000000284,server_0,True,True
autoscale-python-pi,1683514916944,1872,50.56596563417559,0.2,50.56596563417559,0.20000000000000284,server_0,True,True
autoscale-python-pi,1683514916944,1880,50.744582975967596,0.2,50.744582975967596,0.20000000000000284,server_0,True,True
autoscale-python-pi,1683514916944,1888,50.886974262892245,0.2,50.886974262892245,0.20000000000000284,server_0,True,True
autoscale-python-pi,1683514916944,1896,51.05967028668566,0.2,51.05967028668566,0.20000000000000284,server_0,True,True
autoscale-python-pi,1683514916944,1904,51.20690039782571,0.2,51.20690039782571,0.20000000000000284,server_0,True,True
autoscale-python-pi,1683514916944,1912,51.35484553679128,0.2,51.35484553679128,0.20000000000000284,server_0,True,True
autoscale-python-pi,1683514916944,1920,51.44935860549387,0.2,51.44935860549387,0.20000000000000284,server_0,True,True
autoscale-python-pi,1683514916944,1928,51.761978783388805,0.2,51.761978783388805,0.20000000000000284,server_0,True,True
autoscale-python-pi,1683514916944,1936,51.86294858931716,0.2,51.86294858931716,0.20000000000000284,server_0,True,True
autoscale-python-pi,1683514916944,1944,52.03853302848024,0.2,52.03853302848024,0.20000000000000284,server_0,True,True
autoscale-python-pi,1683514916944,1952,52.14960644118717,0.2,52.14960644118717,0.20000000000000284,server_0,True,True
autoscale-python-pi,1683514916944,1960,52.38873993263881,0.2,52.38873993263881,0.20000000000000284,server_0,True,True
autoscale-python-pi,1683514916944,1968,52.68939853239488,0.2,52.68939853239488,0.20000000000000284,server_0,True,True
autoscale-python-pi,1683514916944,1976,52.85676476031981,0.2,52.85676476031981,0.20000000000000284,server_0,True,True
autoscale-python-pi,1683514916944,1984,53.120809800103714,0.2,53.120809800103714,0.20000000000000284,server_0,True,True
autoscale-python-pi,1683514916944,1992,53.39516808639895,0.2,53.39516808639895,0.20000000000000284,server_0,True,True
autoscale-python-pi,1683514916944,2000,53.5918171212351,0.2,53.5918171212351,0.20000000000000284,server_0,True,True
autoscale-python-pi,1683514918848,65,4.710569918020388,0.2,4.710569918020388,0.20000000000000018,server_0,True,True
autoscale-python-pi,1683514918848,73,4.960162054280371,0.2,4.960162054280371,0.20000000000000018,server_0,True,True
autoscale-python-pi,1683514918848,81,5.176210734407074,0.2,5.176210734407074,0.20000000000000018,server_0,True,True
autoscale-python-pi,1683514918848,89,5.3963514497554534,0.2,5.3963514497554534,0.20000000000000018,server_0,True,True
autoscale-python-pi,1683514918848,97,5.785597322518996,0.2,5.785597322518996,0.20000000000000018,server_0,True,True
autoscale-python-pi,1683514918848,105,6.068966194116925,0.2,6.068966194116925,0.20000000000000018,server_0,True,True
autoscale-python-pi,1683514918848,113,6.217599333294395,0.2,6.217599333294395,0.20000000000000018,server_0,True,True
autoscale-python-pi,1683514918848,121,6.422499213233742,0.2,6.422499213233742,0.20000000000000018,server_0,True,True
autoscale-python-pi,1683514918848,129,6.7414274449068525,0.2,6.7414274449068525,0.20000000000000018,server_0,True,True
autoscale-python-pi,1683514918848,137,6.970744238623945,0.2,6.970744238623945,0.20000000000000018,server_0,True,True
autoscale-python-pi,1683514918848,145,7.428771853879633,0.2,7.428771853879633,0.20000000000000018,server_0,True,True
autoscale-python-pi,1683514918848,153,7.576595266489553,0.2,7.576595266489553,0.20000000000000018,server_0,True,True
autoscale-python-pi,1683514918848,161,7.829006123577378,0.2,7.829006123577378,0.20000000000000018,server_0,True,True
autoscale-python-pi,1683514918848,169,8.006248997495724,0.2,8.006248997495724,0.1999999999999993,server_0,True,True
autoscale-python-pi,1683514918848,177,8.168298990833735,0.2,8.168298990833735,0.1999999999999993,server_0,True,True
autoscale-python-pi,1683514918848,185,8.361862128963434,0.2,8.361862128963434,0.1999999999999993,server_0,True,True
autoscale-python-pi,1683514918848,193,8.679218703324622,0.2,8.679218703324622,0.1999999999999993,server_0,True,True
autoscale-python-pi,1683514918848,201,8.799900527598385,0.2,8.799900527598385,0.1999999999999993,server_0,True,True
autoscale-python-pi,1683514918848,209,9.121502368039469,0.2,9.121502368039469,0.1999999999999993,server_0,True,True
autoscale-python-pi,1683514918848,217,9.31736270131748,0.2,9.31736270131748,0.1999999999999993,server_0,True,True
autoscale-python-pi,1683514918848,225,9.454289144703715,0.2,9.454289144703715,0.1999999999999993,server_0,True,True
autoscale-python-pi,1683514918848,233,9.622036411271031,0.2,9.622036411271031,0.1999999999999993,server_0,True,True
autoscale-python-pi,1683514918848,241,9.770588989544871,0.2,9.770588989544871,0.1999999999999993,server_0,True,True
autoscale-python-pi,1683514918848,249,10.003526101368049,0.2,10.003526101368049,0.1999999999999993,server_0,True,True
autoscale-python-pi,1683514918848,257,10.219269893000842,0.2,10.219269893000842,0.1999999999999993,server_0,True,True
autoscale-python-pi,1683514918848,265,10.380620959783998,0.2,10.380620959783998,0.1999999999999993,server_0,True,True
autoscale-python-pi,1683514918848,273,10.542363785546335,0.2,10.542363785546335,0.1999999999999993,server_0,True,True
autoscale-python-pi,1683514918848,281,10.64840613138237,0.2,10.64840613138237,0.1999999999999993,server_0,True,True
autoscale-python-pi,1683514918848,289,10.891072991905943,0.2,10.891072991905943,0.1999999999999993,server_0,True,True
autoscale-python-pi,1683514918848,297,11.184522344604867,0.2,11.184522344604867,0.1999999999999993,server_0,True,True
autoscale-python-pi,1683514918848,305,11.442692534809941,0.2,11.442692534809941,0.1999999999999993,server_0,True,True
autoscale-python-pi,1683514918848,313,11.764887810074558,0.2,11.764887810074558,0.1999999999999993,server_0,True,True
autoscale-python-pi,1683514918848,321,11.936896808386392,0.2,11.936896808386392,0.1999999999999993,server_0,True,True
autoscale-python-pi,1683514918848,329,12.011968569612728,0.2,12.011968569612728,0.1999999999999993,server_0,True,True
autoscale-python-pi,1683514918848,337,12.245207212282894,0.2,12.245207212282894,0.1999999999999993,server_0,True,True
autoscale-python-pi,1683514918848,345,12.497244974076452,0.2,12.497244974076452,0.1999999999999993,server_0,True,True
autoscale-python-pi,1683514918848,353,12.78804359458007,0.2,12.78804359458007,0.1999999999999993,server_0,True,True
autoscale-python-pi,1683514918848,361,13.086387028432494,0.2,13.086387028432494,0.1999999999999993,server_0,True,True
autoscale-python-pi,1683514918848,369,13.315387524622812,0.2,13.315387524622812,0.1999999999999993,server_0,True,True
autoscale-python-pi,1683514918848,377,13.412256926996475,0.2,13.412256926996475,0.1999999999999993,server_0,True,True
autoscale-python-pi,1683514918848,385,13.661880757982715,0.2,13.661880757982715,0.1999999999999993,server_0,True,True
autoscale-python-pi,1683514918848,393,13.874241635105967,0.2,13.874241635105967,0.1999999999999993,server_0,True,True
autoscale-python-pi,1683514918848,401,14.025358966515544,0.2,14.025358966515544,0.1999999999999993,server_0,True,True
autoscale-python-pi,1683514918848,409,14.155334621561105,0.2,14.155334621561105,0.1999999999999993,server_0,True,True
autoscale-python-pi,1683514918848,417,14.28555857456342,0.2,14.28555857456342,0.1999999999999993,server_0,True,True
autoscale-python-pi,1683514918848,425,14.465095183323493,0.2,14.465095183323493,0.1999999999999993,server_0,True,True
autoscale-python-pi,1683514918848,433,14.570336011884947,0.2,14.570336011884947,0.1999999999999993,server_0,True,True
autoscale-python-pi,1683514918848,441,14.724990094118999,0.2,14.724990094118999,0.1999999999999993,server_0,True,True
autoscale-python-pi,1683514918848,449,14.845493300266114,0.2,14.845493300266114,0.1999999999999993,server_0,True,True
autoscale-python-pi,1683514918848,457,15.086581026243216,0.2,15.086581026243216,0.1999999999999993,server_0,True,True
autoscale-python-pi,1683514918848,465,15.264874844631914,0.2,15.264874844631914,0.1999999999999993,server_0,True,True
autoscale-python-pi,1683514918848,473,15.396576262336794,0.2,15.396576262336794,0.1999999999999993,server_0,True,True
autoscale-python-pi,1683514918848,481,15.555486275522306,0.2,15.555486275522306,0.1999999999999993,server_0,True,True
autoscale-python-pi,1683514918848,489,15.758668975193325,0.2,15.758668975193325,0.1999999999999993,server_0,True,True
autoscale-python-pi,1683514918848,497,15.990163984635915,0.2,15.990163984635915,0.20000000000000107,server_0,True,True
autoscale-python-pi,1683514918848,505,16.12169284553475,0.2,16.12169284553475,0.1999999999999993,server_0,True,True
autoscale-python-pi,1683514918848,513,16.215518538776717,0.2,16.215518538776717,0.1999999999999993,server_0,True,True
autoscale-python-pi,1683514918848,521,16.374341090264107,0.2,16.374341090264107,0.1999999999999993,server_0,True,True
autoscale-python-pi,1683514918848,529,16.599511157140416,0.2,16.599511157140416,0.1999999999999993,server_0,True,True
autoscale-python-pi,1683514918848,537,16.80035807638325,0.2,16.80035807638325,0.1999999999999993,server_0,True,True
autoscale-python-pi,1683514918848,545,17.003751146877537,0.2,17.003751146877537,0.1999999999999993,server_0,True,True
autoscale-python-pi,1683514918848,553,17.193121230363346,0.2,17.193121230363346,0.1999999999999993,server_0,True,True
autoscale-python-pi,1683514918848,561,17.502667467013687,0.2,17.502667467013687,0.1999999999999993,server_0,True,True
autoscale-python-pi,1683514918848,569,17.76521689894749,0.2,17.76521689894749,0.1999999999999993,server_0,True,True
autoscale-python-pi,1683514918848,577,17.889453755628992,0.2,17.889453755628992,0.1999999999999993,server_0,True,True
autoscale-python-pi,1683514918848,585,18.15387998098524,0.2,18.15387998098524,0.1999999999999993,server_0,True,True
autoscale-python-pi,1683514918848,593,18.380807151671455,0.2,18.380807151671455,0.1999999999999993,server_0,True,True
autoscale-python-pi,1683514918848,601,18.52549931656492,0.2,18.52549931656492,0.1999999999999993,server_0,True,True
autoscale-python-pi,1683514918848,609,18.725145282936502,0.2,18.725145282936502,0.1999999999999993,server_0,True,True
autoscale-python-pi,1683514918848,617,18.8717788747074,0.2,18.8717788747074,0.1999999999999993,server_0,True,True
autoscale-python-pi,1683514918848,625,19.01590928826906,0.2,19.01590928826906,0.1999999999999993,server_0,True,True
autoscale-python-pi,1683514918848,633,19.192870539680477,0.2,19.192870539680477,0.1999999999999993,server_0,True,True
autoscale-python-pi,1683514918848,641,19.402779951537145,0.2,19.402779951537145,0.1999999999999993,server_0,True,True
autoscale-python-pi,1683514918848,649,19.614734426563835,0.2,19.614734426563835,0.1999999999999993,server_0,True,True
autoscale-python-pi,1683514918848,657,20.020534206622568,0.2,20.020534206622568,0.1999999999999993,server_0,True,True
autoscale-python-pi,1683514918848,665,20.221055514595434,0.2,20.221055514595434,0.1999999999999993,server_0,True,True
autoscale-python-pi,1683514918848,673,20.588029539518427,0.2,20.588029539518427,0.1999999999999993,server_0,True,True
autoscale-python-pi,1683514918848,681,20.849318392594082,0.2,20.849318392594082,0.1999999999999993,server_0,True,True
autoscale-python-pi,1683514918848,689,20.916968911340643,0.2,20.916968911340643,0.1999999999999993,server_0,True,True
autoscale-python-pi,1683514918848,697,21.088707571973696,0.2,21.088707571973696,0.1999999999999993,server_0,True,True
autoscale-python-pi,1683514918848,705,21.274586273429108,0.2,21.274586273429108,0.1999999999999993,server_0,True,True
autoscale-python-pi,1683514918848,713,21.391270321960214,0.2,21.391270321960214,0.1999999999999993,server_0,True,True
autoscale-python-pi,1683514918848,721,21.59756284259857,0.2,21.59756284259857,0.1999999999999993,server_0,True,True
autoscale-python-pi,1683514918848,729,21.687260797896602,0.2,21.687260797896602,0.1999999999999993,server_0,True,True
autoscale-python-pi,1683514918848,737,21.989599090728213,0.2,21.989599090728213,0.1999999999999993,server_0,True,True
autoscale-python-pi,1683514918848,745,22.26942551476837,0.2,22.26942551476837,0.1999999999999993,server_0,True,True
autoscale-python-pi,1683514918848,753,22.46776676012397,0.2,22.46776676012397,0.1999999999999993,server_0,True,True
autoscale-python-pi,1683514918848,761,22.671354367157093,0.2,22.671354367157093,0.1999999999999993,server_0,True,True
autoscale-python-pi,1683514918848,769,22.824435192302904,0.2,22.824435192302904,0.1999999999999993,server_0,True,True
autoscale-python-pi,1683514918848,777,23.02850188316143,0.2,23.02850188316143,0.1999999999999993,server_0,True,True
autoscale-python-pi,1683514918848,785,23.471220134494388,0.2,23.471220134494388,0.1999999999999993,server_0,True,True
autoscale-python-pi,1683514918848,793,23.64523990130734,0.2,23.64523990130734,0.1999999999999993,server_0,True,True
autoscale-python-pi,1683514918848,801,23.87072502605292,0.2,23.87072502605292,0.1999999999999993,server_0,True,True
autoscale-python-pi,1683514918848,809,24.04910343266544,0.2,24.04910343266544,0.1999999999999993,server_0,True,True
autoscale-python-pi,1683514918848,817,24.208503373479264,0.2,24.208503373479264,0.1999999999999993,server_0,True,True
autoscale-python-pi,1683514918848,825,24.321029346794067,0.2,24.321029346794067,0.1999999999999993,server_0,True,True
autoscale-python-pi,1683514918848,833,24.574189451033728,0.2,24.574189451033728,0.1999999999999993,server_0,True,True
autoscale-python-pi,1683514918848,841,24.898965849109683,0.2,24.898965849109683,0.1999999999999993,server_0,True,True
autoscale-python-pi,1683514918848,849,25.136747818993754,0.2,25.136747818993754,0.1999999999999993,server_0,True,True
autoscale-python-pi,1683514918848,857,25.289951286649597,0.2,25.289951286649597,0.1999999999999993,server_0,True,True
autoscale-python-pi,1683514918848,865,25.55295530499616,0.2,25.55295530499616,0.1999999999999993,server_0,True,True
autoscale-python-pi,1683514918848,873,25.740896294698864,0.2,25.740896294698864,0.1999999999999993,server_0,True,True
autoscale-python-pi,1683514918848,881,25.955119058122865,0.2,25.955119058122865,0.1999999999999993,server_0,True,True
autoscale-python-pi,1683514918848,889,26.100794889231008,0.2,26.100794889231008,0.1999999999999993,server_0,True,True
autoscale-python-pi,1683514918848,897,26.446302017997215,0.2,26.446302017997215,0.1999999999999993,server_0,True,True
autoscale-python-pi,1683514918848,905,26.593472232070262,0.2,26.593472232070262,0.1999999999999993,server_0,True,True
autoscale-python-pi,1683514918848,913,26.806783480561084,0.2,26.806783480561084,0.1999999999999993,server_0,True,True
autoscale-python-pi,1683514918848,921,26.957976047159615,0.2,26.957976047159615,0.1999999999999993,server_0,True,True
autoscale-python-pi,1683514918848,929,27.034355950100135,0.2,27.034355950100135,0.1999999999999993,server_0,True,True
autoscale-python-pi,1683514918848,937,27.290034760933075,0.2,27.290034760933075,0.1999999999999993,server_0,True,True
autoscale-python-pi,1683514918848,945,27.512652340557693,0.2,27.512652340557693,0.1999999999999993,server_0,True,True
autoscale-python-pi,1683514918848,953,27.774930645026267,0.2,27.774930645026267,0.1999999999999993,server_0,True,True
autoscale-python-pi,1683514918848,961,27.985066070965747,0.2,27.985066070965747,0.1999999999999993,server_0,True,True
autoscale-python-pi,1683514918848,969,28.256789938505584,0.2,28.256789938505584,0.1999999999999993,server_0,True,True
autoscale-python-pi,1683514918848,977,28.48041854242239,0.2,28.48041854242239,0.1999999999999993,server_0,True,True
autoscale-python-pi,1683514918848,985,28.670526016605194,0.2,28.670526016605194,0.1999999999999993,server_0,True,True
autoscale-python-pi,1683514918848,993,28.881959173504004,0.2,28.881959173504004,0.1999999999999993,server_0,True,True
autoscale-python-pi,1683514918848,1001,29.051557458110583,0.2,29.051557458110583,0.1999999999999993,server_0,True,True
autoscale-python-pi,1683514918848,1009,29.230448004550077,0.2,29.230448004550077,0.1999999999999993,server_0,True,True
autoscale-python-pi,1683514918848,1017,29.41231095818186,0.2,29.41231095818186,0.1999999999999993,server_0,True,True
autoscale-python-pi,1683514918848,1025,29.57600099664767,0.2,29.57600099664767,0.1999999999999993,server_0,True,True
autoscale-python-pi,1683514918848,1033,29.715536412265003,0.2,29.715536412265003,0.1999999999999993,server_0,True,True
autoscale-python-pi,1683514918848,1041,29.995331684737064,0.2,29.995331684737064,0.1999999999999993,server_0,True,True
autoscale-python-pi,1683514918848,1049,30.094582544906395,0.2,30.094582544906395,0.1999999999999993,server_0,True,True
autoscale-python-pi,1683514918848,1057,30.358633928822385,0.2,30.358633928822385,0.1999999999999993,server_0,True,True
autoscale-python-pi,1683514918848,1065,30.495818551092608,0.2,30.495818551092608,0.1999999999999993,server_0,True,True
autoscale-python-pi,1683514918848,1073,30.83127791175857,0.2,30.83127791175857,0.1999999999999993,server_0,True,True
autoscale-python-pi,1683514918848,1081,31.059160944472175,0.2,31.059160944472175,0.1999999999999993,server_0,True,True
autoscale-python-pi,1683514918848,1089,31.247981762562745,0.2,31.247981762562745,0.1999999999999993,server_0,True,True
autoscale-python-pi,1683514918848,1097,31.469503432534943,0.2,31.469503432534943,0.1999999999999993,server_0,True,True
autoscale-python-pi,1683514918848,1105,31.599954942508692,0.2,31.599954942508692,0.1999999999999993,server_0,True,True
autoscale-python-pi,1683514918848,1113,31.73647546314364,0.2,31.73647546314364,0.1999999999999993,server_0,True,True
autoscale-python-pi,1683514918848,1121,31.901443411810316,0.2,31.901443411810316,0.1999999999999993,server_0,True,True
autoscale-python-pi,1683514918848,1129,32.16730656358724,0.2,32.16730656358724,0.20000000000000284,server_0,True,True
autoscale-python-pi,1683514918848,1137,32.282425264028774,0.2,32.282425264028774,0.20000000000000284,server_0,True,True
autoscale-python-pi,1683514918848,1145,32.531355350317654,0.2,32.531355350317654,0.20000000000000284,server_0,True,True
autoscale-python-pi,1683514918848,1153,32.681504420144385,0.2,32.681504420144385,0.20000000000000284,server_0,True,True
autoscale-python-pi,1683514918848,1161,33.0576315712856,0.2,33.0576315712856,0.20000000000000284,server_0,True,True
autoscale-python-pi,1683514918848,1169,33.254345043436466,0.2,33.254345043436466,0.20000000000000284,server_0,True,True
autoscale-python-pi,1683514918848,1177,33.43798276670757,0.2,33.43798276670757,0.20000000000000284,server_0,True,True
autoscale-python-pi,1683514918848,1185,33.590670147493825,0.2,33.590670147493825,0.20000000000000284,server_0,True,True
autoscale-python-pi,1683514918848,1193,33.878432124126874,0.2,33.878432124126874,0.20000000000000284,server_0,True,True
autoscale-python-pi,1683514918848,1201,34.09624503193133,0.2,34.09624503193133,0.20000000000000284,server_0,True,True
autoscale-python-pi,1683514918848,1209,34.18677236771564,0.2,34.18677236771564,0.20000000000000284,server_0,True,True
autoscale-python-pi,1683514918848,1217,34.3181332876342,0.2,34.3181332876342,0.20000000000000284,server_0,True,True
autoscale-python-pi,1683514918848,1225,34.53264151670769,0.2,34.53264151670769,0.20000000000000284,server_0,True,True
autoscale-python-pi,1683514918848,1233,34.783314369184176,0.2,34.783314369184176,0.20000000000000284,server_0,True,True
autoscale-python-pi,1683514918848,1241,34.87111405546524,0.2,34.87111405546524,0.20000000000000284,server_0,True,True
autoscale-python-pi,1683514918848,1249,35.02118120295037,0.2,35.02118120295037,0.20000000000000284,server_0,True,True
autoscale-python-pi,1683514918848,1257,35.20700878027541,0.2,35.20700878027541,0.20000000000000284,server_0,True,True
autoscale-python-pi,1683514918848,1265,35.47754099537656,0.2,35.47754099537656,0.20000000000000284,server_0,True,True
autoscale-python-pi,1683514918848,1273,35.58739012463577,0.2,35.58739012463577,0.20000000000000284,server_0,True,True
autoscale-python-pi,1683514918848,1281,35.68704451420074,0.2,35.68704451420074,0.20000000000000284,server_0,True,True
autoscale-python-pi,1683514918848,1289,35.938033324629295,0.2,35.938033324629295,0.20000000000000284,server_0,True,True
autoscale-python-pi,1683514918848,1297,36.186136140928966,0.2,36.186136140928966,0.20000000000000284,server_0,True,True
autoscale-python-pi,1683514918848,1305,36.29374728947702,0.2,36.29374728947702,0.20000000000000284,server_0,True,True
autoscale-python-pi,1683514918848,1313,36.46271061725381,0.2,36.46271061725381,0.20000000000000284,server_0,True,True
autoscale-python-pi,1683514918848,1321,36.59663180514917,0.2,36.59663180514917,0.20000000000000284,server_0,True,True
autoscale-python-pi,1683514918848,1329,36.75366354203854,0.2,36.75366354203854,0.20000000000000284,server_0,True,True
autoscale-python-pi,1683514918848,1337,37.09259033702974,0.2,37.09259033702974,0.20000000000000284,server_0,True,True
autoscale-python-pi,1683514918848,1345,37.28326494792551,0.2,37.28326494792551,0.20000000000000284,server_0,True,True
autoscale-python-pi,1683514918848,1353,37.48478679212875,0.2,37.48478679212875,0.20000000000000284,server_0,True,True
autoscale-python-pi,1683514918848,1361,37.77917750203176,0.2,37.77917750203176,0.20000000000000284,server_0,True,True
autoscale-python-pi,1683514918848,1369,37.96525773340875,0.2,37.96525773340875,0.20000000000000284,server_0,True,True
autoscale-python-pi,1683514918848,1377,38.21886981532148,0.2,38.21886981532148,0.20000000000000284,server_0,True,True
autoscale-python-pi,1683514918848,1385,38.51995297453284,0.2,38.51995297453284,0.20000000000000284,server_0,True,True
autoscale-python-pi,1683514918848,1393,38.70490728943437,0.2,38.70490728943437,0.20000000000000284,server_0,True,True
autoscale-python-pi,1683514918848,1401,38.829331466669636,0.2,38.829331466669636,0.20000000000000284,server_0,True,True
autoscale-python-pi,1683514918848,1409,38.95165547656978,0.2,38.95165547656978,0.20000000000000284,server_0,True,True
autoscale-python-pi,1683514918848,1417,39.11630177068984,0.2,39.11630177068984,0.20000000000000284,server_0,True,True
autoscale-python-pi,1683514918848,1425,39.29934792333952,0.2,39.29934792333952,0.20000000000000284,server_0,True,True
autoscale-python-pi,1683514918848,1433,39.53730846709228,0.2,39.53730846709228,0.20000000000000284,server_0,True,True
autoscale-python-pi,1683514918848,1441,39.78722767537151,0.2,39.78722767537151,0.20000000000000284,server_0,True,True
autoscale-python-pi,1683514918848,1449,39.974570393379146,0.2,39.974570393379146,0.20000000000000284,server_0,True,True
autoscale-python-pi,1683514918848,1457,40.16332175305161,0.2,40.16332175305161,0.20000000000000284,server_0,True,True
autoscale-python-pi,1683514918848,1465,40.46503836209857,0.2,40.46503836209857,0.20000000000000284,server_0,True,True
autoscale-python-pi,1683514918848,1473,40.76621073835659,0.2,40.76621073835659,0.20000000000000284,server_0,True,True
autoscale-python-pi,1683514918848,1481,40.97158093676913,0.2,40.97158093676913,0.20000000000000284,server_0,True,True
autoscale-python-pi,1683514918848,1489,41.21213393091838,0.2,41.21213393091838,0.20000000000000284,server_0,True,True
autoscale-python-pi,1683514918848,1497,41.517061663231274,0.2,41.517061663231274,0.20000000000000284,server_0,True,True
autoscale-python-pi,1683514918848,1505,41.709432496218305,0.2,41.709432496218305,0.20000000000000284,server_0,True,True
autoscale-python-pi,1683514918848,1513,41.887640733841515,0.2,41.887640733841515,0.20000000000000284,server_0,True,True
autoscale-python-pi,1683514918848,1521,42.06643485167,0.2,42.06643485167,0.20000000000000284,server_0,True,True
autoscale-python-pi,1683514918848,1529,42.25308558879286,0.2,42.25308558879286,0.20000000000000284,server_0,True,True
autoscale-python-pi,1683514918848,1537,42.51561152464367,0.2,42.51561152464367,0.20000000000000284,server_0,True,True
autoscale-python-pi,1683514918848,1545,42.64966712137153,0.2,42.64966712137153,0.20000000000000284,server_0,True,True
autoscale-python-pi,1683514918848,1553,42.89104202203316,0.2,42.89104202203316,0.20000000000000284,server_0,True,True
autoscale-python-pi,1683514918848,1561,43.04769722693596,0.2,43.04769722693596,0.20000000000000284,server_0,True,True
autoscale-python-pi,1683514918848,1569,43.27655550117177,0.2,43.27655550117177,0.20000000000000284,server_0,True,True
autoscale-python-pi,1683514918848,1577,43.4570216964907,0.2,43.4570216964907,0.20000000000000284,server_0,True,True
autoscale-python-pi,1683514918848,1585,43.58187261441918,0.2,43.58187261441918,0.20000000000000284,server_0,True,True
autoscale-python-pi,1683514918848,1593,43.74768467636108,0.2,43.74768467636108,0.20000000000000284,server_0,True,True
autoscale-python-pi,1683514918848,1601,43.913811630099985,0.2,43.913811630099985,0.20000000000000284,server_0,True,True
autoscale-python-pi,1683514918848,1609,44.107723450120496,0.2,44.107723450120496,0.20000000000000284,server_0,True,True
autoscale-python-pi,1683514918848,1617,44.25332502088835,0.2,44.25332502088835,0.20000000000000284,server_0,True,True
autoscale-python-pi,1683514918848,1625,44.489520153439784,0.2,44.489520153439784,0.20000000000000284,server_0,True,True
autoscale-python-pi,1683514918848,1633,44.77993306702703,0.2,44.77993306702703,0.20000000000000284,server_0,True,True
autoscale-python-pi,1683514918848,1641,44.91032974198471,0.2,44.91032974198471,0.20000000000000284,server_0,True,True
autoscale-python-pi,1683514918848,1649,45.01198723300043,0.2,45.01198723300043,0.20000000000000284,server_0,True,True
autoscale-python-pi,1683514918848,1657,45.23523626814989,0.2,45.23523626814989,0.20000000000000284,server_0,True,True
autoscale-python-pi,1683514918848,1665,45.386215943488324,0.2,45.386215943488324,0.20000000000000284,server_0,True,True
autoscale-python-pi,1683514918848,1673,45.54234512393422,0.2,45.54234512393422,0.20000000000000284,server_0,True,True
autoscale-python-pi,1683514918848,1681,45.67372512468932,0.2,45.67372512468932,0.20000000000000284,server_0,True,True
autoscale-python-pi,1683514918848,1689,45.862554134258126,0.2,45.862554134258126,0.20000000000000284,server_0,True,True
autoscale-python-pi,1683514918848,1697,46.12520184408935,0.2,46.12520184408935,0.20000000000000284,server_0,True,True
autoscale-python-pi,1683514918848,1705,46.32914723896137,0.2,46.32914723896137,0.20000000000000284,server_0,True,True
autoscale-python-pi,1683514918848,1713,46.4861114358821,0.2,46.4861114358821,0.20000000000000284,server_0,True,True
autoscale-python-pi,1683514918848,1721,46.74232560104289,0.2,46.74232560104289,0.20000000000000284,server_0,True,True
autoscale-python-pi,1683514918848,1729,46.94749370767277,0.2,46.94749370767277,0.20000000000000284,server_0,True,True
autoscale-python-pi,1683514918848,1737,47.13224289324024,0.2,47.13224289324024,0.20000000000000284,server_0,True,True
autoscale-python-pi,1683514918848,1745,47.35705571502754,0.2,47.35705571502754,0.20000000000000284,server_0,True,True
autoscale-python-pi,1683514918848,1753,47.72334443639337,0.2,47.72334443639337,0.20000000000000284,server_0,True,True
autoscale-python-pi,1683514918848,1761,47.96366954761358,0.2,47.96366954761358,0.20000000000000284,server_0,True,True
autoscale-python-pi,1683514918848,1769,48.221595629622165,0.2,48.221595629622165,0.20000000000000284,server_0,True,True
autoscale-python-pi,1683514918848,1777,48.51327264732306,0.2,48.51327264732306,0.20000000000000284,server_0,True,True
autoscale-python-pi,1683514918848,1785,48.70119371719642,0.2,48.70119371719642,0.20000000000000284,server_0,True,True
autoscale-python-pi,1683514918848,1793,48.83358224552098,0.2,48.83358224552098,0.20000000000000284,server_0,True,True
autoscale-python-pi,1683514918848,1801,48.90825047281579,0.2,48.90825047281579,0.20000000000000284,server_0,True,True
autoscale-python-pi,1683514918848,1809,49.05309217519526,0.2,49.05309217519526,0.20000000000000284,server_0,True,True
autoscale-python-pi,1683514918848,1817,49.20807546875525,0.2,49.20807546875525,0.20000000000000284,server_0,True,True
autoscale-python-pi,1683514918848,1825,49.45358014992642,0.2,49.45358014992642,0.20000000000000284,server_0,True,True
autoscale-python-pi,1683514918848,1833,49.56170453685074,0.2,49.56170453685074,0.20000000000000284,server_0,True,True
autoscale-python-pi,1683514918848,1841,49.79326630687043,0.2,49.79326630687043,0.20000000000000284,server_0,True,True
autoscale-python-pi,1683514918848,1849,50.16561600174041,0.2,50.16561600174041,0.20000000000000284,server_0,True,True
autoscale-python-pi,1683514918848,1857,50.37278204994072,0.2,50.37278204994072,0.20000000000000284,server_0,True,True
autoscale-python-pi,1683514918848,1865,50.5125071342289,0.2,50.5125071342289,0.20000000000000284,server_0,True,True
autoscale-python-pi,1683514918848,1873,50.593248534968566,0.2,50.593248534968566,0.20000000000000284,server_0,True,True
autoscale-python-pi,1683514918848,1881,50.7460718058015,0.2,50.7460718058015,0.20000000000000284,server_0,True,True
autoscale-python-pi,1683514918848,1889,50.90416613706203,0.2,50.90416613706203,0.20000000000000284,server_0,True,True
autoscale-python-pi,1683514918848,1897,51.07786037215815,0.2,51.07786037215815,0.20000000000000284,server_0,True,True
autoscale-python-pi,1683514918848,1905,51.21688748516448,0.2,51.21688748516448,0.20000000000000284,server_0,True,True
autoscale-python-pi,1683514918848,1913,51.358999882453034,0.2,51.358999882453034,0.20000000000000284,server_0,True,True
autoscale-python-pi,1683514918848,1921,51.49559321183765,0.2,51.49559321183765,0.20000000000000284,server_0,True,True
autoscale-python-pi,1683514918848,1929,51.76905896282111,0.2,51.76905896282111,0.20000000000000284,server_0,True,True
autoscale-python-pi,1683514918848,1937,51.90474866179895,0.2,51.90474866179895,0.20000000000000284,server_0,True,True
autoscale-python-pi,1683514918848,1945,52.04830230663651,0.2,52.04830230663651,0.20000000000000284,server_0,True,True
autoscale-python-pi,1683514918848,1953,52.19235684826882,0.2,52.19235684826882,0.20000000000000284,server_0,True,True
autoscale-python-pi,1683514918848,1961,52.39317715672305,0.2,52.39317715672305,0.20000000000000284,server_0,True,True
autoscale-python-pi,1683514918848,1969,52.69492649184186,0.2,52.69492649184186,0.20000000000000284,server_0,True,True
autoscale-python-pi,1683514918848,1977,52.90625194636931,0.2,52.90625194636931,0.20000000000000284,server_0,True,True
autoscale-python-pi,1683514918848,1985,53.18559567302345,0.2,53.18559567302345,0.20000000000000284,server_0,True,True
autoscale-python-pi,1683514918848,1993,53.43895341730243,0.2,53.43895341730243,0.20000000000000284,server_0,True,True
