time,simtime,t_exec,function_name,request_id,node_name,replica_id
2026-07-07 18:18:40.509468,3.0133824978566586,0.2,autoscale-python-pi,1,server_0,1683514605056
2026-07-07 18:18:40.509503,3.1143803016053,0.2,autoscale-python-pi,2,server_0,1683514605056
2026-07-07 18:18:40.509530,3.213217677653192,0.2,autoscale-python-pi,3,server_0,1683514605056
2026-07-07 18:18:40.509573,3.265157267798581,0.2,autoscale-python-pi,4,server_0,1683514605056
2026-07-07 18:18:40.509608,3.33164423145473,0.2,autoscale-python-pi,5,server_0,1683514605056
2026-07-07 18:18:40.509631,3.369381398719986,0.2,autoscale-python-pi,6,server_0,1683514605056
2026-07-07 18:18:40.509653,3.3723359355117317,0.2,autoscale-python-pi,7,server_0,1683514605056
2026-07-07 18:18:40.509672,3.373085499207122,0.2,autoscale-python-pi,8,server_0,1683514605056
2026-07-07 18:18:40.509693,3.388301048502054,0.2,autoscale-python-pi,9,server_0,1683514605056
2026-07-07 18:18:40.509711,3.3887529820174978,0.2,autoscale-python-pi,10,server_0,1683514605056
2026-07-07 18:18:40.509728,3.3899922160930562,0.2,autoscale-python-pi,11,server_0,1683514605056
2026-07-07 18:18:40.509759,3.4329653227672328,0.2,autoscale-python-pi,12,server_0,1683514605056
2026-07-07 18:18:40.509782,3.4419984446431604,0.2,autoscale-python-pi,13,server_0,1683514605056
2026-07-07 18:18:40.509809,3.4704673993537987,0.2,autoscale-python-pi,14,server_0,1683514605056
2026-07-07 18:18:40.509830,3.4880797693209575,0.2,autoscale-python-pi,15,server_0,1683514605056
2026-07-07 18:18:40.509850,3.5016063580509216,0.2,autoscale-python-pi,16,server_0,1683514605056
2026-07-07 18:18:40.509868,3.515263922596633,0.2,autoscale-python-pi,17,server_0,1683514605056
2026-07-07 18:18:40.509924,3.581583568851247,0.2,autoscale-python-pi,18,server_0,1683514605056
2026-07-07 18:18:40.509970,3.5951211362557656,0.2,autoscale-python-pi,19,server_0,1683514605056
2026-07-07 18:18:40.509987,3.601023827974458,0.2,autoscale-python-pi,20,server_0,1683514605056
2026-07-07 18:18:40.510017,3.641852991551865,0.2,autoscale-python-pi,21,server_0,1683514605056
2026-07-07 18:18:40.510055,3.6775979000336108,0.2,autoscale-python-pi,22,server_0,1683514605056
2026-07-07 18:18:40.510081,3.69774052436248,0.2,autoscale-python-pi,23,server_0,1683514605056
2026-07-07 18:18:40.510109,3.7035582403167258,0.2,autoscale-python-pi,24,server_0,1683514605056
2026-07-07 18:18:40.510137,3.7506659915041936,0.2,autoscale-python-pi,25,server_0,1683514605056
2026-07-07 18:18:40.510155,3.763694231134306,0.2,autoscale-python-pi,26,server_0,1683514605056
2026-07-07 18:18:40.510182,3.787461189534541,0.2,autoscale-python-pi,27,server_0,1683514605056
2026-07-07 18:18:40.510224,3.811455809078422,0.2,autoscale-python-pi,28,server_0,1683514605056
2026-07-07 18:18:40.510253,3.8513214572923697,0.2,autoscale-python-pi,29,server_0,1683514605056
2026-07-07 18:18:40.510271,3.869620361978091,0.2,autoscale-python-pi,30,server_0,1683514605056
2026-07-07 18:18:40.510297,3.895710314155004,0.2,autoscale-python-pi,31,server_0,1683514605056
2026-07-07 18:18:40.510333,3.9435453710138795,0.2,autoscale-python-pi,32,server_0,1683514605056
2026-07-07 18:18:40.510359,3.9555758479222756,0.2,autoscale-python-pi,33,server_0,1683514605056
2026-07-07 18:18:40.510385,3.9668187418317924,0.2,autoscale-python-pi,34,server_0,1683514605056
2026-07-07 18:18:40.510404,3.977480459960487,0.2,autoscale-python-pi,35,server_0,1683514605056
2026-07-07 18:18:40.510434,3.9928335480780177,0.2,autoscale-python-pi,36,server_0,1683514605056
2026-07-07 18:18:40.513017,4.040514138578047,0.2,autoscale-python-pi,37,server_0,1683514605056
2026-07-07 18:18:40.513049,4.047671610570661,0.2,autoscale-python-pi,38,server_0,1683514605056
2026-07-07 18:18:40.513092,4.063711045842526,0.2,autoscale-python-pi,39,server_0,1683514605056
2026-07-07 18:18:40.513119,4.066318356023452,0.2,autoscale-python-pi,40,server_0,1683514605056
2026-07-07 18:18:40.513180,4.125915393206417,0.2,autoscale-python-pi,41,server_0,1683514605056
2026-07-07 18:18:40.513208,4.131766644661076,0.2,autoscale-python-pi,42,server_0,1683514605056
2026-07-07 18:18:40.513286,4.168988739658729,0.2,autoscale-python-pi,43,server_0,1683514605056
2026-07-07 18:18:40.513350,4.207481053809106,0.2,autoscale-python-pi,44,server_0,1683514605056
2026-07-07 18:18:40.513379,4.210931017647033,0.2,autoscale-python-pi,45,server_0,1683514605056
2026-07-07 18:18:40.513407,4.219894370799724,0.2,autoscale-python-pi,46,server_0,1683514605056
2026-07-07 18:18:40.513462,4.2605682084634635,0.2,autoscale-python-pi,47,server_0,1683514605056
2026-07-07 18:18:40.513489,4.262081005302859,0.2,autoscale-python-pi,48,server_0,1683514605056
2026-07-07 18:18:40.513517,4.2626130713699,0.2,autoscale-python-pi,49,server_0,1683514605056
2026-07-07 18:18:40.513576,4.2757392195373525,0.2,autoscale-python-pi,50,server_0,1683514605056
2026-07-07 18:18:40.513605,4.277592608844244,0.2,autoscale-python-pi,51,server_0,1683514605056
2026-07-07 18:18:40.513636,4.289269658444504,0.2,autoscale-python-pi,52,server_0,1683514605056
2026-07-07 18:18:40.513697,4.351835853386698,0.2,autoscale-python-pi,53,server_0,1683514605056
2026-07-07 18:18:40.513777,4.362766218678543,0.2,autoscale-python-pi,54,server_0,1683514605056
2026-07-07 18:18:40.513853,4.389229858051525,0.2,autoscale-python-pi,55,server_0,1683514605056
2026-07-07 18:18:40.513943,4.421682247100021,0.2,autoscale-python-pi,56,server_0,1683514605056
2026-07-07 18:18:40.514031,4.4741830614441085,0.2,autoscale-python-pi,57,server_0,1683514605056
2026-07-07 18:18:40.514263,4.529808546096574,0.2,autoscale-python-pi,58,server_0,1683514605056
2026-07-07 18:18:40.514289,4.536888397295075,0.2,autoscale-python-pi,59,server_0,1683514712912
2026-07-07 18:18:40.514339,4.5851651698314795,0.2,autoscale-python-pi,60,server_0,1683514715792
2026-07-07 18:18:40.514386,4.639028850100458,0.2,autoscale-python-pi,61,server_0,1683514558624
2026-07-07 18:18:40.514408,4.644757616566863,0.2,autoscale-python-pi,62,server_0,1683514562272
2026-07-07 18:18:40.514429,4.647349687888395,0.2,autoscale-python-pi,63,server_0,1683514322544
2026-07-07 18:18:40.514451,4.658212192242194,0.2,autoscale-python-pi,64,server_0,1683514916944
2026-07-07 18:18:40.514485,4.710569918020388,0.2,autoscale-python-pi,65,server_0,1683514918848
2026-07-07 18:18:40.514507,4.72543577890558,0.2,autoscale-python-pi,66,server_0,1683514605056
2026-07-07 18:18:40.514551,4.759402464044674,0.2,autoscale-python-pi,67,server_0,1683514712912
2026-07-07 18:18:40.514591,4.8434870084123816,0.2,autoscale-python-pi,68,server_0,1683514715792
2026-07-07 18:18:40.514636,4.886324235443057,0.2,autoscale-python-pi,69,server_0,1683514558624
2026-07-07 18:18:40.514657,4.893473215632273,0.2,autoscale-python-pi,70,server_0,1683514562272
2026-07-07 18:18:40.514686,4.918218078754839,0.2,autoscale-python-pi,71,server_0,1683514322544
2026-07-07 18:18:40.514725,4.957385871893365,0.2,autoscale-python-pi,72,server_0,1683514916944
2026-07-07 18:18:40.514756,4.960162054280371,0.2,autoscale-python-pi,73,server_0,1683514918848
2026-07-07 18:18:40.514914,5.014521175282393,0.2,autoscale-python-pi,74,server_0,1683514605056
2026-07-07 18:18:40.514938,5.0281870544957785,0.2,autoscale-python-pi,75,server_0,1683514712912
2026-07-07 18:18:40.514959,5.037959386869762,0.2,autoscale-python-pi,76,server_0,1683514715792
2026-07-07 18:18:40.514990,5.068906428174314,0.2,autoscale-python-pi,77,server_0,1683514558624
2026-07-07 18:18:40.515016,5.077843420183353,0.2,autoscale-python-pi,78,server_0,1683514562272
2026-07-07 18:18:40.515061,5.112626630506689,0.2,autoscale-python-pi,79,server_0,1683514322544
2026-07-07 18:18:40.515113,5.1350416960286145,0.2,autoscale-python-pi,80,server_0,1683514916944
2026-07-07 18:18:40.515178,5.176210734407074,0.2,autoscale-python-pi,81,server_0,1683514918848
2026-07-07 18:18:40.515215,5.179085680217192,0.2,autoscale-python-pi,82,server_0,1683514605056
2026-07-07 18:18:40.515255,5.2022424041339175,0.2,autoscale-python-pi,83,server_0,1683514712912
2026-07-07 18:18:40.515351,5.269336638057213,0.2,autoscale-python-pi,84,server_0,1683514715792
2026-07-07 18:18:40.515406,5.2852911376669125,0.2,autoscale-python-pi,85,server_0,1683514558624
2026-07-07 18:18:40.515464,5.328250287901666,0.2,autoscale-python-pi,86,server_0,1683514562272
2026-07-07 18:18:40.515520,5.3351086909002134,0.2,autoscale-python-pi,87,server_0,1683514322544
2026-07-07 18:18:40.515589,5.386656988475265,0.2,autoscale-python-pi,88,server_0,1683514916944
2026-07-07 18:18:40.515627,5.3963514497554534,0.2,autoscale-python-pi,89,server_0,1683514918848
2026-07-07 18:18:40.515687,5.418146253755179,0.2,autoscale-python-pi,90,server_0,1683514605056
2026-07-07 18:18:40.515761,5.455624322058746,0.2,autoscale-python-pi,91,server_0,1683514712912
2026-07-07 18:18:40.515826,5.503182465417401,0.2,autoscale-python-pi,92,server_0,1683514715792
2026-07-07 18:18:40.515862,5.525526563274694,0.2,autoscale-python-pi,93,server_0,1683514558624
2026-07-07 18:18:40.515990,5.6788224594184324,0.2,autoscale-python-pi,94,server_0,1683514562272
2026-07-07 18:18:40.516042,5.709238512345049,0.2,autoscale-python-pi,95,server_0,1683514322544
2026-07-07 18:18:40.516077,5.720173918463773,0.2,autoscale-python-pi,96,server_0,1683514916944
2026-07-07 18:18:40.516132,5.785597322518996,0.2,autoscale-python-pi,97,server_0,1683514918848
2026-07-07 18:18:40.516167,5.8054606302842195,0.2,autoscale-python-pi,98,server_0,1683514605056
2026-07-07 18:18:40.516203,5.827407429608867,0.2,autoscale-python-pi,99,server_0,1683514712912
2026-07-07 18:18:40.516238,5.843015676359688,0.2,autoscale-python-pi,100,server_0,1683514715792
2026-07-07 18:18:40.516292,5.896355454753063,0.2,autoscale-python-pi,101,server_0,1683514558624
2026-07-07 18:18:40.516349,5.920051978032956,0.2,autoscale-python-pi,102,server_0,1683514562272
2026-07-07 18:18:40.516710,6.042107039621667,0.2,autoscale-python-pi,103,server_0,1683514322544
2026-07-07 18:18:40.516771,6.067793330167612,0.2,autoscale-python-pi,104,server_0,1683514916944
2026-07-07 18:18:40.516810,6.068966194116925,0.2,autoscale-python-pi,105,server_0,1683514918848
2026-07-07 18:18:40.516867,6.1016604985340095,0.2,autoscale-python-pi,106,server_0,1683514605056
2026-07-07 18:18:40.516922,6.147029611256952,0.2,autoscale-python-pi,107,server_0,1683514712912
2026-07-07 18:18:40.516959,6.148762168173117,0.2,autoscale-python-pi,108,server_0,1683514715792
2026-07-07 18:18:40.516996,6.152652555055235,0.2,autoscale-python-pi,109,server_0,1683514558624
2026-07-07 18:18:40.517085,6.1825313438629035,0.2,autoscale-python-pi,110,server_0,1683514562272
2026-07-07 18:18:40.517115,6.193728265519762,0.2,autoscale-python-pi,111,server_0,1683514322544
2026-07-07 18:18:40.517146,6.216455339618054,0.2,autoscale-python-pi,112,server_0,1683514916944
2026-07-07 18:18:40.517173,6.217599333294395,0.2,autoscale-python-pi,113,server_0,1683514918848
2026-07-07 18:18:40.517198,6.239729961514926,0.2,autoscale-python-pi,114,server_0,1683514605056
2026-07-07 18:18:40.517265,6.2926379338254685,0.2,autoscale-python-pi,115,server_0,1683514712912
2026-07-07 18:18:40.517304,6.314889634317891,0.2,autoscale-python-pi,116,server_0,1683514715792
2026-07-07 18:18:40.517338,6.328337226177178,0.2,autoscale-python-pi,117,server_0,1683514558624
2026-07-07 18:18:40.517373,6.3409676598927796,0.2,autoscale-python-pi,118,server_0,1683514562272
2026-07-07 18:18:40.517456,6.361250256120224,0.2,autoscale-python-pi,119,server_0,1683514322544
2026-07-07 18:18:40.517563,6.406521777167814,0.2,autoscale-python-pi,120,server_0,1683514916944
2026-07-07 18:18:40.517637,6.422499213233742,0.2,autoscale-python-pi,121,server_0,1683514918848
2026-07-07 18:18:40.517681,6.440196760871634,0.2,autoscale-python-pi,122,server_0,1683514605056
2026-07-07 18:18:40.517714,6.479443520558757,0.2,autoscale-python-pi,123,server_0,1683514712912
2026-07-07 18:18:40.517797,6.569269978151629,0.2,autoscale-python-pi,124,server_0,1683514715792
2026-07-07 18:18:40.517819,6.573210119512022,0.2,autoscale-python-pi,125,server_0,1683514558624
2026-07-07 18:18:40.517849,6.607417413349812,0.2,autoscale-python-pi,126,server_0,1683514562272
2026-07-07 18:18:40.517910,6.719725728024182,0.2,autoscale-python-pi,127,server_0,1683514322544
2026-07-07 18:18:40.517931,6.722998186543877,0.2,autoscale-python-pi,128,server_0,1683514916944
2026-07-07 18:18:40.517954,6.7414274449068525,0.2,autoscale-python-pi,129,server_0,1683514918848
2026-07-07 18:18:40.518004,6.775093065730375,0.2,autoscale-python-pi,130,server_0,1683514605056
2026-07-07 18:18:40.518034,6.805973931686638,0.2,autoscale-python-pi,131,server_0,1683514712912
2026-07-07 18:18:40.518074,6.874314562437659,0.2,autoscale-python-pi,132,server_0,1683514715792
2026-07-07 18:18:40.518105,6.883783681836403,0.2,autoscale-python-pi,133,server_0,1683514558624
2026-07-07 18:18:40.518166,6.934357745891785,0.2,autoscale-python-pi,134,server_0,1683514562272
2026-07-07 18:18:40.518214,6.943564057067045,0.2,autoscale-python-pi,135,server_0,1683514322544
2026-07-07 18:18:40.518248,6.947653627033145,0.2,autoscale-python-pi,136,server_0,1683514916944
2026-07-07 18:18:40.518283,6.970744238623945,0.2,autoscale-python-pi,137,server_0,1683514918848
2026-07-07 18:18:40.518343,6.993131218029932,0.2,autoscale-python-pi,138,server_0,1683514605056
2026-07-07 18:18:40.518909,7.036306636447781,0.2,autoscale-python-pi,139,server_0,1683514712912
2026-07-07 18:18:40.519180,7.091979204056257,0.2,autoscale-python-pi,140,server_0,1683514715792
2026-07-07 18:18:40.519520,7.274602597943051,0.2,autoscale-python-pi,141,server_0,1683514558624
2026-07-07 18:18:40.519582,7.374723736440204,0.2,autoscale-python-pi,142,server_0,1683514562272
2026-07-07 18:18:40.519617,7.404874172876175,0.2,autoscale-python-pi,143,server_0,1683514322544
2026-07-07 18:18:40.519664,7.416450383960067,0.2,autoscale-python-pi,144,server_0,1683514916944
2026-07-07 18:18:40.519738,7.428771853879633,0.2,autoscale-python-pi,145,server_0,1683514918848
2026-07-07 18:18:40.519821,7.472188388465801,0.2,autoscale-python-pi,146,server_0,1683514605056
2026-07-07 18:18:40.519870,7.472322122540932,0.2,autoscale-python-pi,147,server_0,1683514712912
2026-07-07 18:18:40.519905,7.472877920126033,0.2,autoscale-python-pi,148,server_0,1683514715792
2026-07-07 18:18:40.519972,7.489470428379217,0.2,autoscale-python-pi,149,server_0,1683514558624
2026-07-07 18:18:40.520012,7.513740829463255,0.2,autoscale-python-pi,150,server_0,1683514562272
2026-07-07 18:18:40.520055,7.514925858696165,0.2,autoscale-python-pi,151,server_0,1683514322544
2026-07-07 18:18:40.520117,7.536598725744653,0.2,autoscale-python-pi,152,server_0,1683514916944
2026-07-07 18:18:40.520193,7.576595266489553,0.2,autoscale-python-pi,153,server_0,1683514918848
2026-07-07 18:18:40.520376,7.6735401398391785,0.2,autoscale-python-pi,154,server_0,1683514605056
2026-07-07 18:18:40.520480,7.718872464496341,0.2,autoscale-python-pi,155,server_0,1683514712912
2026-07-07 18:18:40.520549,7.761609429224074,0.2,autoscale-python-pi,156,server_0,1683514715792
2026-07-07 18:18:40.520620,7.795487211977862,0.2,autoscale-python-pi,157,server_0,1683514558624
2026-07-07 18:18:40.520666,7.809205335578207,0.2,autoscale-python-pi,158,server_0,1683514562272
2026-07-07 18:18:40.520720,7.810386158271243,0.2,autoscale-python-pi,159,server_0,1683514322544
2026-07-07 18:18:40.520762,7.824388154703617,0.2,autoscale-python-pi,160,server_0,1683514916944
2026-07-07 18:18:40.520798,7.829006123577378,0.2,autoscale-python-pi,161,server_0,1683514918848
2026-07-07 18:18:40.520834,7.837739643125271,0.2,autoscale-python-pi,162,server_0,1683514605056
2026-07-07 18:18:40.520873,7.860494351530072,0.2,autoscale-python-pi,163,server_0,1683514712912
2026-07-07 18:18:40.520926,7.874700857502924,0.2,autoscale-python-pi,164,server_0,1683514715792
2026-07-07 18:18:40.520965,7.875026441706494,0.2,autoscale-python-pi,165,server_0,1683514558624
2026-07-07 18:18:40.520999,7.89831473936275,0.2,autoscale-python-pi,166,server_0,1683514562272
2026-07-07 18:18:40.521050,7.925426078459486,0.2,autoscale-python-pi,167,server_0,1683514322544
2026-07-07 18:18:40.521102,7.980840691428554,0.2,autoscale-python-pi,168,server_0,1683514916944
2026-07-07 18:18:40.521384,8.006248997495724,0.2,autoscale-python-pi,169,server_0,1683514918848
2026-07-07 18:18:40.521451,8.01456129374644,0.2,autoscale-python-pi,170,server_0,1683514605056
2026-07-07 18:18:40.521531,8.038345884939766,0.2,autoscale-python-pi,171,server_0,1683514712912
2026-07-07 18:18:40.521577,8.073109703638387,0.2,autoscale-python-pi,172,server_0,1683514715792
2026-07-07 18:18:40.521642,8.093791461426445,0.2,autoscale-python-pi,173,server_0,1683514558624
2026-07-07 18:18:40.521693,8.100424565311338,0.2,autoscale-python-pi,174,server_0,1683514562272
2026-07-07 18:18:40.521725,8.106413257782707,0.2,autoscale-python-pi,175,server_0,1683514322544
2026-07-07 18:18:40.521770,8.166211896405342,0.2,autoscale-python-pi,176,server_0,1683514916944
2026-07-07 18:18:40.521806,8.168298990833735,0.2,autoscale-python-pi,177,server_0,1683514918848
2026-07-07 18:18:40.521857,8.191162156119994,0.2,autoscale-python-pi,178,server_0,1683514605056
2026-07-07 18:18:40.521892,8.19637947165887,0.2,autoscale-python-pi,179,server_0,1683514712912
2026-07-07 18:18:40.521953,8.234462924770535,0.2,autoscale-python-pi,180,server_0,1683514715792
2026-07-07 18:18:40.522010,8.288516254673022,0.2,autoscale-python-pi,181,server_0,1683514558624
2026-07-07 18:18:40.522042,8.289076625893832,0.2,autoscale-python-pi,182,server_0,1683514562272
2026-07-07 18:18:40.522073,8.290089654046247,0.2,autoscale-python-pi,183,server_0,1683514322544
2026-07-07 18:18:40.522131,8.305103740465237,0.2,autoscale-python-pi,184,server_0,1683514916944
2026-07-07 18:18:40.522178,8.361862128963434,0.2,autoscale-python-pi,185,server_0,1683514918848
2026-07-07 18:18:40.522281,8.481235372522821,0.2,autoscale-python-pi,186,server_0,1683514605056
2026-07-07 18:18:40.522372,8.526883624065196,0.2,autoscale-python-pi,187,server_0,1683514712912
2026-07-07 18:18:40.522421,8.571465752796103,0.2,autoscale-python-pi,188,server_0,1683514715792
2026-07-07 18:18:40.522453,8.589313588145451,0.2,autoscale-python-pi,189,server_0,1683514558624
2026-07-07 18:18:40.522488,8.59616256004848,0.2,autoscale-python-pi,190,server_0,1683514562272
2026-07-07 18:18:40.522522,8.59749536586987,0.2,autoscale-python-pi,191,server_0,1683514322544
2026-07-07 18:18:40.522553,8.654499491019804,0.2,autoscale-python-pi,192,server_0,1683514916944
2026-07-07 18:18:40.522585,8.679218703324622,0.2,autoscale-python-pi,193,server_0,1683514918848
2026-07-07 18:18:40.522644,8.68343813721642,0.2,autoscale-python-pi,194,server_0,1683514605056
2026-07-07 18:18:40.522681,8.685713975956938,0.2,autoscale-python-pi,195,server_0,1683514712912
2026-07-07 18:18:40.522711,8.691320329954479,0.2,autoscale-python-pi,196,server_0,1683514715792
2026-07-07 18:18:40.522747,8.715299553690485,0.2,autoscale-python-pi,197,server_0,1683514558624
2026-07-07 18:18:40.522800,8.739316869560751,0.2,autoscale-python-pi,198,server_0,1683514562272
2026-07-07 18:18:40.522836,8.752022928607413,0.2,autoscale-python-pi,199,server_0,1683514322544
2026-07-07 18:18:40.523261,8.755828520368592,0.2,autoscale-python-pi,200,server_0,1683514916944
2026-07-07 18:18:40.523354,8.799900527598385,0.2,autoscale-python-pi,201,server_0,1683514918848
2026-07-07 18:18:40.523410,8.806215335808997,0.2,autoscale-python-pi,202,server_0,1683514605056
2026-07-07 18:18:40.523480,8.822825693126926,0.2,autoscale-python-pi,203,server_0,1683514712912
2026-07-07 18:18:40.523540,8.877923267680586,0.2,autoscale-python-pi,204,server_0,1683514715792
2026-07-07 18:18:40.523609,8.898257042298013,0.2,autoscale-python-pi,205,server_0,1683514558624
2026-07-07 18:18:40.523654,8.94762436727472,0.2,autoscale-python-pi,206,server_0,1683514562272
2026-07-07 18:18:40.523704,8.977514946238255,0.2,autoscale-python-pi,207,server_0,1683514322544
2026-07-07 18:18:40.523906,9.108369812183874,0.2,autoscale-python-pi,208,server_0,1683514916944
2026-07-07 18:18:40.523928,9.121502368039469,0.2,autoscale-python-pi,209,server_0,1683514918848
2026-07-07 18:18:40.523951,9.146833528735668,0.2,autoscale-python-pi,210,server_0,1683514605056
2026-07-07 18:18:40.523982,9.152063269200386,0.2,autoscale-python-pi,211,server_0,1683514712912
2026-07-07 18:18:40.524003,9.153109042626962,0.2,autoscale-python-pi,212,server_0,1683514715792
2026-07-07 18:18:40.524036,9.200349224551855,0.2,autoscale-python-pi,213,server_0,1683514558624
2026-07-07 18:18:40.524056,9.237112158262603,0.2,autoscale-python-pi,214,server_0,1683514562272
2026-07-07 18:18:40.524076,9.245905774891911,0.2,autoscale-python-pi,215,server_0,1683514322544
2026-07-07 18:18:40.524105,9.316790417810264,0.2,autoscale-python-pi,216,server_0,1683514916944
2026-07-07 18:18:40.524126,9.31736270131748,0.2,autoscale-python-pi,217,server_0,1683514918848
2026-07-07 18:18:40.524193,9.354780101508064,0.2,autoscale-python-pi,218,server_0,1683514605056
2026-07-07 18:18:40.524250,9.36156500515752,0.2,autoscale-python-pi,219,server_0,1683514712912
2026-07-07 18:18:40.524294,9.420656342088192,0.2,autoscale-python-pi,220,server_0,1683514715792
2026-07-07 18:18:40.524317,9.429925693414953,0.2,autoscale-python-pi,221,server_0,1683514558624
2026-07-07 18:18:40.524338,9.430557830305863,0.2,autoscale-python-pi,222,server_0,1683514562272
2026-07-07 18:18:40.524369,9.437448281378002,0.2,autoscale-python-pi,223,server_0,1683514322544
2026-07-07 18:18:40.524399,9.453192490075729,0.2,autoscale-python-pi,224,server_0,1683514916944
2026-07-07 18:18:40.524419,9.454289144703715,0.2,autoscale-python-pi,225,server_0,1683514918848
2026-07-07 18:18:40.524461,9.52966363192548,0.2,autoscale-python-pi,226,server_0,1683514605056
2026-07-07 18:18:40.524481,9.540890968019696,0.2,autoscale-python-pi,227,server_0,1683514712912
2026-07-07 18:18:40.524501,9.5489885134885,0.2,autoscale-python-pi,228,server_0,1683514715792
2026-07-07 18:18:40.524525,9.55052352717153,0.2,autoscale-python-pi,229,server_0,1683514558624
2026-07-07 18:18:40.524546,9.55214338288581,0.2,autoscale-python-pi,230,server_0,1683514562272
2026-07-07 18:18:40.524575,9.557192904858827,0.2,autoscale-python-pi,231,server_0,1683514322544
2026-07-07 18:18:40.524605,9.617904439933618,0.2,autoscale-python-pi,232,server_0,1683514916944
2026-07-07 18:18:40.524634,9.622036411271031,0.2,autoscale-python-pi,233,server_0,1683514918848
2026-07-07 18:18:40.524680,9.643109253806971,0.2,autoscale-python-pi,234,server_0,1683514605056
2026-07-07 18:18:40.524719,9.662907047453238,0.2,autoscale-python-pi,235,server_0,1683514712912
2026-07-07 18:18:40.524749,9.735011866521264,0.2,autoscale-python-pi,236,server_0,1683514715792
2026-07-07 18:18:40.524775,9.7367138362806,0.2,autoscale-python-pi,237,server_0,1683514558624
2026-07-07 18:18:40.524843,9.76013380482217,0.2,autoscale-python-pi,238,server_0,1683514562272
2026-07-07 18:18:40.524864,9.765211321461479,0.2,autoscale-python-pi,239,server_0,1683514322544
2026-07-07 18:18:40.524884,9.768741861174005,0.2,autoscale-python-pi,240,server_0,1683514916944
2026-07-07 18:18:40.524903,9.770588989544871,0.2,autoscale-python-pi,241,server_0,1683514918848
2026-07-07 18:18:40.524956,9.849743385276785,0.2,autoscale-python-pi,242,server_0,1683514605056
2026-07-07 18:18:40.524988,9.865835110823884,0.2,autoscale-python-pi,243,server_0,1683514712912
2026-07-07 18:18:40.525008,9.883337732775644,0.2,autoscale-python-pi,244,server_0,1683514715792
2026-07-07 18:18:40.525036,9.889452129293034,0.2,autoscale-python-pi,245,server_0,1683514558624
2026-07-07 18:18:40.525058,9.924259324349539,0.2,autoscale-python-pi,246,server_0,1683514562272
2026-07-07 18:18:40.525098,9.937251217748075,0.2,autoscale-python-pi,247,server_0,1683514322544
2026-07-07 18:18:40.525155,9.993122867249943,0.2,autoscale-python-pi,248,server_0,1683514916944
2026-07-07 18:18:40.525401,10.003526101368049,0.2,autoscale-python-pi,249,server_0,1683514918848
2026-07-07 18:18:40.525430,10.032577980242381,0.2,autoscale-python-pi,250,server_0,1683514605056
2026-07-07 18:18:40.525475,10.06212542686561,0.2,autoscale-python-pi,251,server_0,1683514712912
2026-07-07 18:18:40.525547,10.132632485290477,0.2,autoscale-python-pi,252,server_0,1683514715792
2026-07-07 18:18:40.525579,10.141213895235982,0.2,autoscale-python-pi,253,server_0,1683514558624
2026-07-07 18:18:40.525608,10.142330416006219,0.2,autoscale-python-pi,254,server_0,1683514562272
2026-07-07 18:18:40.525632,10.15799313635893,0.2,autoscale-python-pi,255,server_0,1683514322544
2026-07-07 18:18:40.525678,10.205799053182695,0.2,autoscale-python-pi,256,server_0,1683514916944
2026-07-07 18:18:40.525708,10.219269893000842,0.2,autoscale-python-pi,257,server_0,1683514918848
2026-07-07 18:18:40.525735,10.231930843000262,0.2,autoscale-python-pi,258,server_0,1683514605056
2026-07-07 18:18:40.525780,10.262840735972398,0.2,autoscale-python-pi,259,server_0,1683514712912
2026-07-07 18:18:40.525802,10.266046379963043,0.2,autoscale-python-pi,260,server_0,1683514715792
2026-07-07 18:18:40.525831,10.296603675411589,0.2,autoscale-python-pi,261,server_0,1683514558624
2026-07-07 18:18:40.525858,10.301155432486182,0.2,autoscale-python-pi,262,server_0,1683514562272
2026-07-07 18:18:40.525894,10.303485789446905,0.2,autoscale-python-pi,263,server_0,1683514322544
2026-07-07 18:18:40.525920,10.331112679847513,0.2,autoscale-python-pi,264,server_0,1683514916944
2026-07-07 18:18:40.525994,10.380620959783998,0.2,autoscale-python-pi,265,server_0,1683514918848
2026-07-07 18:18:40.526035,10.40840097612647,0.2,autoscale-python-pi,266,server_0,1683514605056
2026-07-07 18:18:40.526079,10.428600703236132,0.2,autoscale-python-pi,267,server_0,1683514712912
2026-07-07 18:18:40.526118,10.437952059384857,0.2,autoscale-python-pi,268,server_0,1683514715792
2026-07-07 18:18:40.526150,10.465593532166283,0.2,autoscale-python-pi,269,server_0,1683514558624
2026-07-07 18:18:40.526247,10.485580994944502,0.2,autoscale-python-pi,270,server_0,1683514562272
2026-07-07 18:18:40.526356,10.511055652031379,0.2,autoscale-python-pi,271,server_0,1683514322544
2026-07-07 18:18:40.526393,10.541365375867917,0.2,autoscale-python-pi,272,server_0,1683514916944
2026-07-07 18:18:40.526416,10.542363785546335,0.2,autoscale-python-pi,273,server_0,1683514918848
2026-07-07 18:18:40.526451,10.555804201883179,0.2,autoscale-python-pi,274,server_0,1683514605056
2026-07-07 18:18:40.526471,10.559289958254322,0.2,autoscale-python-pi,275,server_0,1683514712912
2026-07-07 18:18:40.526493,10.56674424223075,0.2,autoscale-python-pi,276,server_0,1683514715792
2026-07-07 18:18:40.526534,10.6107654083452,0.2,autoscale-python-pi,277,server_0,1683514558624
2026-07-07 18:18:40.526559,10.616543349560015,0.2,autoscale-python-pi,278,server_0,1683514562272
2026-07-07 18:18:40.526594,10.636467647433925,0.2,autoscale-python-pi,279,server_0,1683514322544
2026-07-07 18:18:40.526625,10.648265292286773,0.2,autoscale-python-pi,280,server_0,1683514916944
2026-07-07 18:18:40.526646,10.64840613138237,0.2,autoscale-python-pi,281,server_0,1683514918848
2026-07-07 18:18:40.526678,10.671967968803578,0.2,autoscale-python-pi,282,server_0,1683514605056
2026-07-07 18:18:40.526714,10.702377417966261,0.2,autoscale-python-pi,283,server_0,1683514712912
2026-07-07 18:18:40.526740,10.707934454733008,0.2,autoscale-python-pi,284,server_0,1683514715792
2026-07-07 18:18:40.526805,10.758196571665495,0.2,autoscale-python-pi,285,server_0,1683514558624
2026-07-07 18:18:40.526855,10.812728779677666,0.2,autoscale-python-pi,286,server_0,1683514562272
2026-07-07 18:18:40.526910,10.850204758445358,0.2,autoscale-python-pi,287,server_0,1683514322544
2026-07-07 18:18:40.526933,10.865085918308194,0.2,autoscale-python-pi,288,server_0,1683514916944
2026-07-07 18:18:40.526965,10.891072991905943,0.2,autoscale-python-pi,289,server_0,1683514918848
2026-07-07 18:18:40.526986,10.90209219600223,0.2,autoscale-python-pi,290,server_0,1683514605056
2026-07-07 18:18:40.527027,10.918451205658917,0.2,autoscale-python-pi,291,server_0,1683514712912
2026-07-07 18:18:40.527050,10.953478737575535,0.2,autoscale-python-pi,292,server_0,1683514715792
2026-07-07 18:18:40.527089,10.961144820476882,0.2,autoscale-python-pi,293,server_0,1683514558624
2026-07-07 18:18:40.527112,10.993432518137826,0.2,autoscale-python-pi,294,server_0,1683514562272
2026-07-07 18:18:40.527331,11.05432080634144,0.2,autoscale-python-pi,295,server_0,1683514322544
2026-07-07 18:18:40.527379,11.081711194406694,0.2,autoscale-python-pi,296,server_0,1683514916944
2026-07-07 18:18:40.527488,11.184522344604867,0.2,autoscale-python-pi,297,server_0,1683514918848
2026-07-07 18:18:40.527528,11.20331061351976,0.2,autoscale-python-pi,298,server_0,1683514605056
2026-07-07 18:18:40.527561,11.261015452891614,0.2,autoscale-python-pi,299,server_0,1683514712912
2026-07-07 18:18:40.527605,11.28113619211877,0.2,autoscale-python-pi,300,server_0,1683514715792
2026-07-07 18:18:40.527653,11.323619940406475,0.2,autoscale-python-pi,301,server_0,1683514558624
2026-07-07 18:18:40.527680,11.333565759100606,0.2,autoscale-python-pi,302,server_0,1683514562272
2026-07-07 18:18:40.527705,11.351025704079342,0.2,autoscale-python-pi,303,server_0,1683514322544
2026-07-07 18:18:40.527753,11.411484139038494,0.2,autoscale-python-pi,304,server_0,1683514916944
2026-07-07 18:18:40.527777,11.442692534809941,0.2,autoscale-python-pi,305,server_0,1683514918848
2026-07-07 18:18:40.527817,11.519228462457388,0.2,autoscale-python-pi,306,server_0,1683514605056
2026-07-07 18:18:40.527869,11.602674042697574,0.2,autoscale-python-pi,307,server_0,1683514712912
2026-07-07 18:18:40.527911,11.643546098333706,0.2,autoscale-python-pi,308,server_0,1683514715792
2026-07-07 18:18:40.527937,11.6532608477007,0.2,autoscale-python-pi,309,server_0,1683514558624
2026-07-07 18:18:40.527962,11.688980914388873,0.2,autoscale-python-pi,310,server_0,1683514562272
2026-07-07 18:18:40.528000,11.722826174323771,0.2,autoscale-python-pi,311,server_0,1683514322544
2026-07-07 18:18:40.528046,11.747253108551426,0.2,autoscale-python-pi,312,server_0,1683514916944
2026-07-07 18:18:40.528074,11.764887810074558,0.2,autoscale-python-pi,313,server_0,1683514918848
2026-07-07 18:18:40.528110,11.806355496846221,0.2,autoscale-python-pi,314,server_0,1683514605056
2026-07-07 18:18:40.528133,11.840579588898922,0.2,autoscale-python-pi,315,server_0,1683514712912
2026-07-07 18:18:40.528170,11.845606658211642,0.2,autoscale-python-pi,316,server_0,1683514715792
2026-07-07 18:18:40.528319,11.874352975441976,0.2,autoscale-python-pi,317,server_0,1683514558624
2026-07-07 18:18:40.528417,11.889006150867706,0.2,autoscale-python-pi,318,server_0,1683514562272
2026-07-07 18:18:40.528457,11.898376434790473,0.2,autoscale-python-pi,319,server_0,1683514322544
2026-07-07 18:18:40.528502,11.908316654807553,0.2,autoscale-python-pi,320,server_0,1683514916944
2026-07-07 18:18:40.528565,11.936896808386392,0.2,autoscale-python-pi,321,server_0,1683514918848
2026-07-07 18:18:40.528606,11.938442651086683,0.2,autoscale-python-pi,322,server_0,1683514605056
2026-07-07 18:18:40.528672,11.964065779728948,0.2,autoscale-python-pi,323,server_0,1683514712912
2026-07-07 18:18:40.528732,11.9705396964645,0.2,autoscale-python-pi,324,server_0,1683514715792
2026-07-07 18:18:40.528789,11.974153896468248,0.2,autoscale-python-pi,325,server_0,1683514558624
2026-07-07 18:18:40.528832,11.98111488427964,0.2,autoscale-python-pi,326,server_0,1683514562272
2026-07-07 18:18:40.528877,11.984427104240998,0.2,autoscale-python-pi,327,server_0,1683514322544
2026-07-07 18:18:40.529533,12.006286168349575,0.2,autoscale-python-pi,328,server_0,1683514916944
2026-07-07 18:18:40.529629,12.011968569612728,0.2,autoscale-python-pi,329,server_0,1683514918848
2026-07-07 18:18:40.529780,12.092182875444157,0.2,autoscale-python-pi,330,server_0,1683514605056
2026-07-07 18:18:40.529864,12.109423000830104,0.2,autoscale-python-pi,331,server_0,1683514712912
2026-07-07 18:18:40.529911,12.112758233513443,0.2,autoscale-python-pi,332,server_0,1683514715792
2026-07-07 18:18:40.529960,12.125546958051517,0.2,autoscale-python-pi,333,server_0,1683514558624
2026-07-07 18:18:40.529997,12.131857076906641,0.2,autoscale-python-pi,334,server_0,1683514562272
2026-07-07 18:18:40.530075,12.150353706105816,0.2,autoscale-python-pi,335,server_0,1683514322544
2026-07-07 18:18:40.530126,12.167593248160346,0.2,autoscale-python-pi,336,server_0,1683514916944
2026-07-07 18:18:40.530346,12.245207212282894,0.2,autoscale-python-pi,337,server_0,1683514918848
2026-07-07 18:18:40.530382,12.261329524956913,0.2,autoscale-python-pi,338,server_0,1683514605056
2026-07-07 18:18:40.530414,12.272520782931029,0.2,autoscale-python-pi,339,server_0,1683514712912
2026-07-07 18:18:40.530490,12.321210319297727,0.2,autoscale-python-pi,340,server_0,1683514715792
2026-07-07 18:18:40.530590,12.369429320156868,0.2,autoscale-python-pi,341,server_0,1683514558624
2026-07-07 18:18:40.530628,12.406061011588395,0.2,autoscale-python-pi,342,server_0,1683514562272
2026-07-07 18:18:40.530695,12.465677688466036,0.2,autoscale-python-pi,343,server_0,1683514322544
2026-07-07 18:18:40.530751,12.490344834249555,0.2,autoscale-python-pi,344,server_0,1683514916944
2026-07-07 18:18:40.530786,12.497244974076452,0.2,autoscale-python-pi,345,server_0,1683514918848
2026-07-07 18:18:40.530820,12.498088293249298,0.2,autoscale-python-pi,346,server_0,1683514605056
2026-07-07 18:18:40.530856,12.504955528913593,0.2,autoscale-python-pi,347,server_0,1683514712912
2026-07-07 18:18:40.530891,12.50698729513493,0.2,autoscale-python-pi,348,server_0,1683514715792
2026-07-07 18:18:40.530944,12.535539083631383,0.2,autoscale-python-pi,349,server_0,1683514558624
2026-07-07 18:18:40.530998,12.604427371276303,0.2,autoscale-python-pi,350,server_0,1683514562272
2026-07-07 18:18:40.531058,12.640104102369268,0.2,autoscale-python-pi,351,server_0,1683514322544
2026-07-07 18:18:40.531233,12.785777556781918,0.2,autoscale-python-pi,352,server_0,1683514916944
2026-07-07 18:18:40.531287,12.78804359458007,0.2,autoscale-python-pi,353,server_0,1683514918848
2026-07-07 18:18:40.531320,12.8016423479457,0.2,autoscale-python-pi,354,server_0,1683514605056
2026-07-07 18:18:40.531372,12.837733080715912,0.2,autoscale-python-pi,355,server_0,1683514712912
2026-07-07 18:18:40.531429,12.886164787752598,0.2,autoscale-python-pi,356,server_0,1683514715792
2026-07-07 18:18:40.531461,12.91926916193775,0.2,autoscale-python-pi,357,server_0,1683514558624
2026-07-07 18:18:40.531496,12.950818505730709,0.2,autoscale-python-pi,358,server_0,1683514562272
2026-07-07 18:18:40.531895,13.063252009881683,0.2,autoscale-python-pi,359,server_0,1683514322544
2026-07-07 18:18:40.531952,13.069496176817946,0.2,autoscale-python-pi,360,server_0,1683514916944
2026-07-07 18:18:40.532031,13.086387028432494,0.2,autoscale-python-pi,361,server_0,1683514918848
2026-07-07 18:18:40.532162,13.105602295192984,0.2,autoscale-python-pi,362,server_0,1683514605056
2026-07-07 18:18:40.532321,13.118669404480439,0.2,autoscale-python-pi,363,server_0,1683514712912
2026-07-07 18:18:40.532449,13.142199514121968,0.2,autoscale-python-pi,364,server_0,1683514715792
2026-07-07 18:18:40.532512,13.207441404832887,0.2,autoscale-python-pi,365,server_0,1683514558624
2026-07-07 18:18:40.532545,13.209116051902004,0.2,autoscale-python-pi,366,server_0,1683514562272
2026-07-07 18:18:40.532578,13.254130996158024,0.2,autoscale-python-pi,367,server_0,1683514322544
2026-07-07 18:18:40.532655,13.288874738542528,0.2,autoscale-python-pi,368,server_0,1683514916944
2026-07-07 18:18:40.532709,13.315387524622812,0.2,autoscale-python-pi,369,server_0,1683514918848
2026-07-07 18:18:40.532741,13.315652461725847,0.2,autoscale-python-pi,370,server_0,1683514605056
2026-07-07 18:18:40.532788,13.319143051046218,0.2,autoscale-python-pi,371,server_0,1683514712912
2026-07-07 18:18:40.532823,13.328231318747104,0.2,autoscale-python-pi,372,server_0,1683514715792
2026-07-07 18:18:40.532868,13.367671416467015,0.2,autoscale-python-pi,373,server_0,1683514558624
2026-07-07 18:18:40.532905,13.387336257120655,0.2,autoscale-python-pi,374,server_0,1683514562272
2026-07-07 18:18:40.532939,13.397833552724357,0.2,autoscale-python-pi,375,server_0,1683514322544
2026-07-07 18:18:40.533001,13.411464382340274,0.2,autoscale-python-pi,376,server_0,1683514916944
2026-07-07 18:18:40.533031,13.412256926996475,0.2,autoscale-python-pi,377,server_0,1683514918848
2026-07-07 18:18:40.533068,13.433381992190533,0.2,autoscale-python-pi,378,server_0,1683514605056
2026-07-07 18:18:40.533102,13.438599332757912,0.2,autoscale-python-pi,379,server_0,1683514712912
2026-07-07 18:18:40.533270,13.532086858352399,0.2,autoscale-python-pi,380,server_0,1683514715792
2026-07-07 18:18:40.533309,13.535109403005725,0.2,autoscale-python-pi,381,server_0,1683514558624
2026-07-07 18:18:40.533344,13.557613824027861,0.2,autoscale-python-pi,382,server_0,1683514562272
2026-07-07 18:18:40.533374,13.559002751632475,0.2,autoscale-python-pi,383,server_0,1683514322544
2026-07-07 18:18:40.533435,13.5928504186005,0.2,autoscale-python-pi,384,server_0,1683514916944
2026-07-07 18:18:40.533507,13.661880757982715,0.2,autoscale-python-pi,385,server_0,1683514918848
2026-07-07 18:18:40.533528,13.663286564965894,0.2,autoscale-python-pi,386,server_0,1683514605056
2026-07-07 18:18:40.533549,13.672894106648222,0.2,autoscale-python-pi,387,server_0,1683514712912
2026-07-07 18:18:40.533568,13.680602887114823,0.2,autoscale-python-pi,388,server_0,1683514715792
2026-07-07 18:18:40.533589,13.721502314226262,0.2,autoscale-python-pi,389,server_0,1683514558624
2026-07-07 18:18:40.533658,13.75544787752947,0.2,autoscale-python-pi,390,server_0,1683514562272
2026-07-07 18:18:40.533721,13.79091660327449,0.2,autoscale-python-pi,391,server_0,1683514322544
2026-07-07 18:18:40.533788,13.862851124039075,0.2,autoscale-python-pi,392,server_0,1683514916944
2026-07-07 18:18:40.533860,13.874241635105967,0.2,autoscale-python-pi,393,server_0,1683514918848
2026-07-07 18:18:40.533916,13.893328291076607,0.2,autoscale-python-pi,394,server_0,1683514605056
2026-07-07 18:18:40.533956,13.89528053104303,0.2,autoscale-python-pi,395,server_0,1683514712912
2026-07-07 18:18:40.533991,13.910917973328486,0.2,autoscale-python-pi,396,server_0,1683514715792
2026-07-07 18:18:40.534030,13.911146610760857,0.2,autoscale-python-pi,397,server_0,1683514558624
2026-07-07 18:18:40.534086,13.932621819241778,0.2,autoscale-python-pi,398,server_0,1683514562272
2026-07-07 18:18:40.534125,13.944689963740764,0.2,autoscale-python-pi,399,server_0,1683514322544
2026-07-07 18:18:40.534182,13.970488977869163,0.2,autoscale-python-pi,400,server_0,1683514916944
2026-07-07 18:18:40.534416,14.025358966515544,0.2,autoscale-python-pi,401,server_0,1683514918848
2026-07-07 18:18:40.534443,14.026232560413835,0.2,autoscale-python-pi,402,server_0,1683514605056
2026-07-07 18:18:40.534466,14.043236504117873,0.2,autoscale-python-pi,403,server_0,1683514712912
2026-07-07 18:18:40.534523,14.0635975490874,0.2,autoscale-python-pi,404,server_0,1683514715792
2026-07-07 18:18:40.534556,14.079165799896478,0.2,autoscale-python-pi,405,server_0,1683514558624
2026-07-07 18:18:40.534597,14.110754024736387,0.2,autoscale-python-pi,406,server_0,1683514562272
2026-07-07 18:18:40.534638,14.117045779306144,0.2,autoscale-python-pi,407,server_0,1683514322544
2026-07-07 18:18:40.534659,14.119961919511427,0.2,autoscale-python-pi,408,server_0,1683514916944
2026-07-07 18:18:40.534705,14.155334621561105,0.2,autoscale-python-pi,409,server_0,1683514918848
2026-07-07 18:18:40.534725,14.1663502343181,0.2,autoscale-python-pi,410,server_0,1683514605056
2026-07-07 18:18:40.534750,14.167628579230152,0.2,autoscale-python-pi,411,server_0,1683514712912
2026-07-07 18:18:40.534782,14.178518215270586,0.2,autoscale-python-pi,412,server_0,1683514715792
2026-07-07 18:18:40.534803,14.184532676395504,0.2,autoscale-python-pi,413,server_0,1683514558624
2026-07-07 18:18:40.534825,14.215021007956453,0.2,autoscale-python-pi,414,server_0,1683514562272
2026-07-07 18:18:40.534847,14.22006809347969,0.2,autoscale-python-pi,415,server_0,1683514322544
2026-07-07 18:18:40.534895,14.256889059603866,0.2,autoscale-python-pi,416,server_0,1683514916944
2026-07-07 18:18:40.534934,14.28555857456342,0.2,autoscale-python-pi,417,server_0,1683514918848
2026-07-07 18:18:40.534982,14.334893043414295,0.2,autoscale-python-pi,418,server_0,1683514605056
2026-07-07 18:18:40.535005,14.339815547359779,0.2,autoscale-python-pi,419,server_0,1683514712912
2026-07-07 18:18:40.535077,14.389859324840835,0.2,autoscale-python-pi,420,server_0,1683514715792
2026-07-07 18:18:40.535099,14.402659011515604,0.2,autoscale-python-pi,421,server_0,1683514558624
2026-07-07 18:18:40.535130,14.418277562519108,0.2,autoscale-python-pi,422,server_0,1683514562272
2026-07-07 18:18:40.535162,14.425086629914714,0.2,autoscale-python-pi,423,server_0,1683514322544
2026-07-07 18:18:40.535189,14.43633869742049,0.2,autoscale-python-pi,424,server_0,1683514916944
2026-07-07 18:18:40.535223,14.465095183323493,0.2,autoscale-python-pi,425,server_0,1683514918848
2026-07-07 18:18:40.535243,14.473302889365868,0.2,autoscale-python-pi,426,server_0,1683514605056
2026-07-07 18:18:40.535278,14.499058845220478,0.2,autoscale-python-pi,427,server_0,1683514712912
2026-07-07 18:18:40.535299,14.499092391557543,0.2,autoscale-python-pi,428,server_0,1683514715792
2026-07-07 18:18:40.535319,14.511247007387865,0.2,autoscale-python-pi,429,server_0,1683514558624
2026-07-07 18:18:40.535341,14.518529517407341,0.2,autoscale-python-pi,430,server_0,1683514562272
2026-07-07 18:18:40.535382,14.541752485600854,0.2,autoscale-python-pi,431,server_0,1683514322544
2026-07-07 18:18:40.535405,14.5427674270972,0.2,autoscale-python-pi,432,server_0,1683514916944
2026-07-07 18:18:40.535426,14.570336011884947,0.2,autoscale-python-pi,433,server_0,1683514918848
2026-07-07 18:18:40.535446,14.587002547151481,0.2,autoscale-python-pi,434,server_0,1683514605056
2026-07-07 18:18:40.535504,14.626763332235656,0.2,autoscale-python-pi,435,server_0,1683514712912
2026-07-07 18:18:40.535546,14.642491450410516,0.2,autoscale-python-pi,436,server_0,1683514715792
2026-07-07 18:18:40.535581,14.664142429309647,0.2,autoscale-python-pi,437,server_0,1683514558624
2026-07-07 18:18:40.535645,14.680097058181165,0.2,autoscale-python-pi,438,server_0,1683514562272
2026-07-07 18:18:40.535682,14.695419200636215,0.2,autoscale-python-pi,439,server_0,1683514322544
2026-07-07 18:18:40.535745,14.705381637944198,0.2,autoscale-python-pi,440,server_0,1683514916944
2026-07-07 18:18:40.535806,14.724990094118999,0.2,autoscale-python-pi,441,server_0,1683514918848
2026-07-07 18:18:40.535868,14.748428433990338,0.2,autoscale-python-pi,442,server_0,1683514605056
2026-07-07 18:18:40.535920,14.77579296434459,0.2,autoscale-python-pi,443,server_0,1683514712912
2026-07-07 18:18:40.535971,14.793469500040157,0.2,autoscale-python-pi,444,server_0,1683514715792
2026-07-07 18:18:40.536006,14.805520985500628,0.2,autoscale-python-pi,445,server_0,1683514558624
2026-07-07 18:18:40.536039,14.825209946992752,0.2,autoscale-python-pi,446,server_0,1683514562272
2026-07-07 18:18:40.536091,14.836615823897972,0.2,autoscale-python-pi,447,server_0,1683514322544
2026-07-07 18:18:40.536124,14.84205315179045,0.2,autoscale-python-pi,448,server_0,1683514916944
2026-07-07 18:18:40.536175,14.845493300266114,0.2,autoscale-python-pi,449,server_0,1683514918848
2026-07-07 18:18:40.536382,14.945314515772596,0.2,autoscale-python-pi,450,server_0,1683514605056
2026-07-07 18:18:40.536443,14.967891720048415,0.2,autoscale-python-pi,451,server_0,1683514712912
2026-07-07 18:18:40.536511,14.978262750892545,0.2,autoscale-python-pi,452,server_0,1683514715792
2026-07-07 18:18:40.536649,14.997341457589346,0.2,autoscale-python-pi,453,server_0,1683514558624
2026-07-07 18:18:40.537016,15.036213425122856,0.2,autoscale-python-pi,454,server_0,1683514562272
2026-07-07 18:18:40.537052,15.036437938033131,0.2,autoscale-python-pi,455,server_0,1683514322544
2026-07-07 18:18:40.537127,15.075200458824968,0.2,autoscale-python-pi,456,server_0,1683514916944
2026-07-07 18:18:40.537162,15.086581026243216,0.2,autoscale-python-pi,457,server_0,1683514918848
2026-07-07 18:18:40.537196,15.09941779169752,0.2,autoscale-python-pi,458,server_0,1683514605056
2026-07-07 18:18:40.537225,15.143106119198409,0.2,autoscale-python-pi,459,server_0,1683514712912
2026-07-07 18:18:40.537284,15.170663205869738,0.2,autoscale-python-pi,460,server_0,1683514715792
2026-07-07 18:18:40.537317,15.177113505334068,0.2,autoscale-python-pi,461,server_0,1683514558624
2026-07-07 18:18:40.537381,15.198683877961944,0.2,autoscale-python-pi,462,server_0,1683514562272
2026-07-07 18:18:40.537411,15.227537918493882,0.2,autoscale-python-pi,463,server_0,1683514322544
2026-07-07 18:18:40.537468,15.259166656586741,0.2,autoscale-python-pi,464,server_0,1683514916944
2026-07-07 18:18:40.537497,15.264874844631914,0.2,autoscale-python-pi,465,server_0,1683514918848
2026-07-07 18:18:40.537547,15.291378518752492,0.2,autoscale-python-pi,466,server_0,1683514605056
2026-07-07 18:18:40.537586,15.299766905191467,0.2,autoscale-python-pi,467,server_0,1683514712912
2026-07-07 18:18:40.537626,15.32226374123824,0.2,autoscale-python-pi,468,server_0,1683514715792
2026-07-07 18:18:40.537654,15.322503323727709,0.2,autoscale-python-pi,469,server_0,1683514558624
2026-07-07 18:18:40.537689,15.325941778399606,0.2,autoscale-python-pi,470,server_0,1683514562272
2026-07-07 18:18:40.537800,15.386157785363286,0.2,autoscale-python-pi,471,server_0,1683514322544
2026-07-07 18:18:40.537877,15.389373830581151,0.2,autoscale-python-pi,472,server_0,1683514916944
2026-07-07 18:18:40.537924,15.396576262336794,0.2,autoscale-python-pi,473,server_0,1683514918848
2026-07-07 18:18:40.537967,15.398095234373146,0.2,autoscale-python-pi,474,server_0,1683514605056
2026-07-07 18:18:40.538033,15.409852845551727,0.2,autoscale-python-pi,475,server_0,1683514712912
2026-07-07 18:18:40.538076,15.41676280720559,0.2,autoscale-python-pi,476,server_0,1683514715792
2026-07-07 18:18:40.538166,15.461530933030517,0.2,autoscale-python-pi,477,server_0,1683514558624
2026-07-07 18:18:40.538212,15.463253498514396,0.2,autoscale-python-pi,478,server_0,1683514562272
2026-07-07 18:18:40.538296,15.492771748717368,0.2,autoscale-python-pi,479,server_0,1683514322544
2026-07-07 18:18:40.538401,15.49417770755525,0.2,autoscale-python-pi,480,server_0,1683514916944
2026-07-07 18:18:40.538527,15.555486275522306,0.2,autoscale-python-pi,481,server_0,1683514918848
2026-07-07 18:18:40.538570,15.570645796014109,0.2,autoscale-python-pi,482,server_0,1683514605056
2026-07-07 18:18:40.538646,15.598115084566055,0.2,autoscale-python-pi,483,server_0,1683514712912
2026-07-07 18:18:40.538673,15.604029406161136,0.2,autoscale-python-pi,484,server_0,1683514715792
2026-07-07 18:18:40.538714,15.645659571333308,0.2,autoscale-python-pi,485,server_0,1683514558624
2026-07-07 18:18:40.538759,15.672250615695534,0.2,autoscale-python-pi,486,server_0,1683514562272
2026-07-07 18:18:40.538870,15.688697922158818,0.2,autoscale-python-pi,487,server_0,1683514322544
2026-07-07 18:18:40.538913,15.736191170164457,0.2,autoscale-python-pi,488,server_0,1683514916944
2026-07-07 18:18:40.538943,15.758668975193325,0.2,autoscale-python-pi,489,server_0,1683514918848
2026-07-07 18:18:40.538973,15.780598135563917,0.2,autoscale-python-pi,490,server_0,1683514605056
2026-07-07 18:18:40.538994,15.785743683898426,0.2,autoscale-python-pi,491,server_0,1683514712912
2026-07-07 18:18:40.539017,15.791069484450876,0.2,autoscale-python-pi,492,server_0,1683514715792
2026-07-07 18:18:40.539060,15.827297678508238,0.2,autoscale-python-pi,493,server_0,1683514558624
2026-07-07 18:18:40.539082,15.828864501282641,0.2,autoscale-python-pi,494,server_0,1683514562272
2026-07-07 18:18:40.539113,15.86186549736732,0.2,autoscale-python-pi,495,server_0,1683514322544
2026-07-07 18:18:40.539163,15.940726299923735,0.2,autoscale-python-pi,496,server_0,1683514916944
2026-07-07 18:18:40.539216,15.990163984635915,0.2,autoscale-python-pi,497,server_0,1683514918848
2026-07-07 18:18:40.539247,15.993821067449133,0.2,autoscale-python-pi,498,server_0,1683514605056
2026-07-07 18:18:40.539437,16.04775701142005,0.2,autoscale-python-pi,499,server_0,1683514712912
2026-07-07 18:18:40.539459,16.047998114459244,0.2,autoscale-python-pi,500,server_0,1683514715792
2026-07-07 18:18:40.539494,16.065103600828394,0.2,autoscale-python-pi,501,server_0,1683514558624
2026-07-07 18:18:40.539516,16.070037397883112,0.2,autoscale-python-pi,502,server_0,1683514562272
2026-07-07 18:18:40.539542,16.08297311925868,0.2,autoscale-python-pi,503,server_0,1683514322544
2026-07-07 18:18:40.539563,16.095577378855555,0.2,autoscale-python-pi,504,server_0,1683514916944
2026-07-07 18:18:40.539585,16.12169284553475,0.2,autoscale-python-pi,505,server_0,1683514918848
2026-07-07 18:18:40.539616,16.141574888278633,0.2,autoscale-python-pi,506,server_0,1683514605056
2026-07-07 18:18:40.539636,16.144635723520373,0.2,autoscale-python-pi,507,server_0,1683514712912
2026-07-07 18:18:40.539669,16.154550541181358,0.2,autoscale-python-pi,508,server_0,1683514715792
2026-07-07 18:18:40.539689,16.18621527365163,0.2,autoscale-python-pi,509,server_0,1683514558624
2026-07-07 18:18:40.539734,16.19552714690521,0.2,autoscale-python-pi,510,server_0,1683514562272
2026-07-07 18:18:40.539757,16.205529103143142,0.2,autoscale-python-pi,511,server_0,1683514322544
2026-07-07 18:18:40.539780,16.209826445928314,0.2,autoscale-python-pi,512,server_0,1683514916944
2026-07-07 18:18:40.539802,16.215518538776717,0.2,autoscale-python-pi,513,server_0,1683514918848
2026-07-07 18:18:40.539822,16.22193453295508,0.2,autoscale-python-pi,514,server_0,1683514605056
2026-07-07 18:18:40.539842,16.228549065376725,0.2,autoscale-python-pi,515,server_0,1683514712912
2026-07-07 18:18:40.539881,16.25321077663352,0.2,autoscale-python-pi,516,server_0,1683514715792
2026-07-07 18:18:40.539910,16.26891073220689,0.2,autoscale-python-pi,517,server_0,1683514558624
2026-07-07 18:18:40.539942,16.27812726127103,0.2,autoscale-python-pi,518,server_0,1683514562272
2026-07-07 18:18:40.539993,16.328137975973558,0.2,autoscale-python-pi,519,server_0,1683514322544
2026-07-07 18:18:40.540039,16.37322614482891,0.2,autoscale-python-pi,520,server_0,1683514916944
2026-07-07 18:18:40.540060,16.374341090264107,0.2,autoscale-python-pi,521,server_0,1683514918848
2026-07-07 18:18:40.540118,16.40993148875246,0.2,autoscale-python-pi,522,server_0,1683514605056
2026-07-07 18:18:40.540176,16.440884907777352,0.2,autoscale-python-pi,523,server_0,1683514712912
2026-07-07 18:18:40.540223,16.46961759725042,0.2,autoscale-python-pi,524,server_0,1683514715792
2026-07-07 18:18:40.540243,16.47140123488808,0.2,autoscale-python-pi,525,server_0,1683514558624
2026-07-07 18:18:40.540275,16.511522558085545,0.2,autoscale-python-pi,526,server_0,1683514562272
2026-07-07 18:18:40.540295,16.522043317673983,0.2,autoscale-python-pi,527,server_0,1683514322544
2026-07-07 18:18:40.540325,16.551118919660382,0.2,autoscale-python-pi,528,server_0,1683514916944
2026-07-07 18:18:40.540362,16.599511157140416,0.2,autoscale-python-pi,529,server_0,1683514918848
2026-07-07 18:18:40.540399,16.659814199277324,0.2,autoscale-python-pi,530,server_0,1683514605056
2026-07-07 18:18:40.540440,16.693107330517993,0.2,autoscale-python-pi,531,server_0,1683514712912
2026-07-07 18:18:40.540477,16.732121262069494,0.2,autoscale-python-pi,532,server_0,1683514715792
2026-07-07 18:18:40.540499,16.737377552910864,0.2,autoscale-python-pi,533,server_0,1683514558624
2026-07-07 18:18:40.540539,16.754490077245663,0.2,autoscale-python-pi,534,server_0,1683514562272
2026-07-07 18:18:40.540563,16.755703417602202,0.2,autoscale-python-pi,535,server_0,1683514322544
2026-07-07 18:18:40.540584,16.782081164202,0.2,autoscale-python-pi,536,server_0,1683514916944
2026-07-07 18:18:40.540616,16.80035807638325,0.2,autoscale-python-pi,537,server_0,1683514918848
2026-07-07 18:18:40.540636,16.80275193319682,0.2,autoscale-python-pi,538,server_0,1683514605056
2026-07-07 18:18:40.540656,16.812434710830388,0.2,autoscale-python-pi,539,server_0,1683514712912
2026-07-07 18:18:40.540677,16.822998541281535,0.2,autoscale-python-pi,540,server_0,1683514715792
2026-07-07 18:18:40.540710,16.888559445189507,0.2,autoscale-python-pi,541,server_0,1683514558624
2026-07-07 18:18:40.540763,16.950970551671485,0.2,autoscale-python-pi,542,server_0,1683514562272
2026-07-07 18:18:40.540801,16.964785502001565,0.2,autoscale-python-pi,543,server_0,1683514322544
2026-07-07 18:18:40.540821,16.97576314313515,0.2,autoscale-python-pi,544,server_0,1683514916944
2026-07-07 18:18:40.540997,17.003751146877537,0.2,autoscale-python-pi,545,server_0,1683514918848
2026-07-07 18:18:40.541022,17.006172904577944,0.2,autoscale-python-pi,546,server_0,1683514605056
2026-07-07 18:18:40.541064,17.024850338595343,0.2,autoscale-python-pi,547,server_0,1683514712912
2026-07-07 18:18:40.541089,17.080620084494043,0.2,autoscale-python-pi,548,server_0,1683514715792
2026-07-07 18:18:40.541120,17.097794460019927,0.2,autoscale-python-pi,549,server_0,1683514558624
2026-07-07 18:18:40.541147,17.136655999978966,0.2,autoscale-python-pi,550,server_0,1683514562272
2026-07-07 18:18:40.541204,17.172230495140457,0.2,autoscale-python-pi,551,server_0,1683514322544
2026-07-07 18:18:40.541239,17.182408761385396,0.2,autoscale-python-pi,552,server_0,1683514916944
2026-07-07 18:18:40.541261,17.193121230363346,0.2,autoscale-python-pi,553,server_0,1683514918848
2026-07-07 18:18:40.541286,17.203011677671082,0.2,autoscale-python-pi,554,server_0,1683514605056
2026-07-07 18:18:40.541316,17.203858913907922,0.2,autoscale-python-pi,555,server_0,1683514712912
2026-07-07 18:18:40.541411,17.385780589364067,0.2,autoscale-python-pi,556,server_0,1683514715792
2026-07-07 18:18:40.541463,17.441389004669034,0.2,autoscale-python-pi,557,server_0,1683514558624
2026-07-07 18:18:40.541487,17.443943514885206,0.2,autoscale-python-pi,558,server_0,1683514562272
2026-07-07 18:18:40.541512,17.449916039921327,0.2,autoscale-python-pi,559,server_0,1683514322544
2026-07-07 18:18:40.541534,17.46056186454019,0.2,autoscale-python-pi,560,server_0,1683514916944
2026-07-07 18:18:40.541554,17.502667467013687,0.2,autoscale-python-pi,561,server_0,1683514918848
2026-07-07 18:18:40.541575,17.51339347568117,0.2,autoscale-python-pi,562,server_0,1683514605056
2026-07-07 18:18:40.541611,17.58834258194882,0.2,autoscale-python-pi,563,server_0,1683514712912
2026-07-07 18:18:40.541636,17.59810614272534,0.2,autoscale-python-pi,564,server_0,1683514715792
2026-07-07 18:18:40.541658,17.59981399037315,0.2,autoscale-python-pi,565,server_0,1683514558624
2026-07-07 18:18:40.541680,17.602904807812656,0.2,autoscale-python-pi,566,server_0,1683514562272
2026-07-07 18:18:40.541701,17.62909536290628,0.2,autoscale-python-pi,567,server_0,1683514322544
2026-07-07 18:18:40.541783,17.723062792912263,0.2,autoscale-python-pi,568,server_0,1683514916944
2026-07-07 18:18:40.541809,17.76521689894749,0.2,autoscale-python-pi,569,server_0,1683514918848
2026-07-07 18:18:40.541883,17.830467077896113,0.2,autoscale-python-pi,570,server_0,1683514605056
2026-07-07 18:18:40.541904,17.840420129049605,0.2,autoscale-python-pi,571,server_0,1683514712912
2026-07-07 18:18:40.541925,17.849947460537965,0.2,autoscale-python-pi,572,server_0,1683514715792
2026-07-07 18:18:40.541948,17.852694069522745,0.2,autoscale-python-pi,573,server_0,1683514558624
2026-07-07 18:18:40.541970,17.85833980198619,0.2,autoscale-python-pi,574,server_0,1683514562272
2026-07-07 18:18:40.541992,17.86253583285048,0.2,autoscale-python-pi,575,server_0,1683514322544
2026-07-07 18:18:40.542014,17.889134880387555,0.2,autoscale-python-pi,576,server_0,1683514916944
2026-07-07 18:18:40.542034,17.889453755628992,0.2,autoscale-python-pi,577,server_0,1683514918848
2026-07-07 18:18:40.542057,17.8919160773496,0.2,autoscale-python-pi,578,server_0,1683514605056
2026-07-07 18:18:40.542100,17.968068513154233,0.2,autoscale-python-pi,579,server_0,1683514712912
2026-07-07 18:18:40.542121,17.97192009671398,0.2,autoscale-python-pi,580,server_0,1683514715792
2026-07-07 18:18:40.542145,17.997796409355562,0.2,autoscale-python-pi,581,server_0,1683514558624
2026-07-07 18:18:40.542500,18.02508073740643,0.2,autoscale-python-pi,582,server_0,1683514562272
2026-07-07 18:18:40.542658,18.06296659859393,0.2,autoscale-python-pi,583,server_0,1683514322544
2026-07-07 18:18:40.542751,18.11415581748687,0.2,autoscale-python-pi,584,server_0,1683514916944
2026-07-07 18:18:40.542795,18.15387998098524,0.2,autoscale-python-pi,585,server_0,1683514918848
2026-07-07 18:18:40.542871,18.179411653594443,0.2,autoscale-python-pi,586,server_0,1683514605056
2026-07-07 18:18:40.542927,18.218646240360513,0.2,autoscale-python-pi,587,server_0,1683514712912
2026-07-07 18:18:40.542981,18.25162630759034,0.2,autoscale-python-pi,588,server_0,1683514715792
2026-07-07 18:18:40.543017,18.261450710615705,0.2,autoscale-python-pi,589,server_0,1683514558624
2026-07-07 18:18:40.543091,18.296319656908345,0.2,autoscale-python-pi,590,server_0,1683514562272
2026-07-07 18:18:40.543148,18.338583128022293,0.2,autoscale-python-pi,591,server_0,1683514322544
2026-07-07 18:18:40.543228,18.364005945387945,0.2,autoscale-python-pi,592,server_0,1683514916944
2026-07-07 18:18:40.543271,18.380807151671455,0.2,autoscale-python-pi,593,server_0,1683514918848
2026-07-07 18:18:40.543293,18.394627486241333,0.2,autoscale-python-pi,594,server_0,1683514605056
2026-07-07 18:18:40.543324,18.429951556814107,0.2,autoscale-python-pi,595,server_0,1683514712912
2026-07-07 18:18:40.543344,18.434480228618167,0.2,autoscale-python-pi,596,server_0,1683514715792
2026-07-07 18:18:40.543364,18.435699779474337,0.2,autoscale-python-pi,597,server_0,1683514558624
2026-07-07 18:18:40.543384,18.440772047572487,0.2,autoscale-python-pi,598,server_0,1683514562272
2026-07-07 18:18:40.543423,18.49167295265534,0.2,autoscale-python-pi,599,server_0,1683514322544
2026-07-07 18:18:40.543452,18.5112430107083,0.2,autoscale-python-pi,600,server_0,1683514916944
2026-07-07 18:18:40.543472,18.52549931656492,0.2,autoscale-python-pi,601,server_0,1683514918848
2026-07-07 18:18:40.543523,18.584542822217426,0.2,autoscale-python-pi,602,server_0,1683514605056
2026-07-07 18:18:40.543553,18.60004867641684,0.2,autoscale-python-pi,603,server_0,1683514712912
2026-07-07 18:18:40.543609,18.653707677574822,0.2,autoscale-python-pi,604,server_0,1683514715792
2026-07-07 18:18:40.543629,18.663661188013624,0.2,autoscale-python-pi,605,server_0,1683514558624
2026-07-07 18:18:40.543659,18.69318214637676,0.2,autoscale-python-pi,606,server_0,1683514562272
2026-07-07 18:18:40.543691,18.704483311003298,0.2,autoscale-python-pi,607,server_0,1683514322544
2026-07-07 18:18:40.543717,18.707062389710494,0.2,autoscale-python-pi,608,server_0,1683514916944
2026-07-07 18:18:40.543748,18.725145282936502,0.2,autoscale-python-pi,609,server_0,1683514918848
2026-07-07 18:18:40.543778,18.747466101775284,0.2,autoscale-python-pi,610,server_0,1683514605056
2026-07-07 18:18:40.543797,18.749253735516685,0.2,autoscale-python-pi,611,server_0,1683514712912
2026-07-07 18:18:40.543816,18.751721255154095,0.2,autoscale-python-pi,612,server_0,1683514715792
2026-07-07 18:18:40.543845,18.795767856370812,0.2,autoscale-python-pi,613,server_0,1683514558624
2026-07-07 18:18:40.543874,18.805700626222293,0.2,autoscale-python-pi,614,server_0,1683514562272
2026-07-07 18:18:40.543895,18.832881431164573,0.2,autoscale-python-pi,615,server_0,1683514322544
2026-07-07 18:18:40.543916,18.853326141937327,0.2,autoscale-python-pi,616,server_0,1683514916944
2026-07-07 18:18:40.543954,18.8717788747074,0.2,autoscale-python-pi,617,server_0,1683514918848
2026-07-07 18:18:40.543976,18.888211546051078,0.2,autoscale-python-pi,618,server_0,1683514605056
2026-07-07 18:18:40.543996,18.891834278332112,0.2,autoscale-python-pi,619,server_0,1683514712912
2026-07-07 18:18:40.544045,18.91268220467994,0.2,autoscale-python-pi,620,server_0,1683514715792
2026-07-07 18:18:40.544065,18.915255435125196,0.2,autoscale-python-pi,621,server_0,1683514558624
2026-07-07 18:18:40.544096,18.944266486133095,0.2,autoscale-python-pi,622,server_0,1683514562272
2026-07-07 18:18:40.544144,18.985657016533978,0.2,autoscale-python-pi,623,server_0,1683514322544
2026-07-07 18:18:40.544174,18.98703194200586,0.2,autoscale-python-pi,624,server_0,1683514916944
2026-07-07 18:18:40.544343,19.01590928826906,0.2,autoscale-python-pi,625,server_0,1683514918848
2026-07-07 18:18:40.544365,19.02454591831377,0.2,autoscale-python-pi,626,server_0,1683514605056
2026-07-07 18:18:40.544395,19.040768562703537,0.2,autoscale-python-pi,627,server_0,1683514712912
2026-07-07 18:18:40.544417,19.049155237551574,0.2,autoscale-python-pi,628,server_0,1683514715792
2026-07-07 18:18:40.544447,19.065362266730137,0.2,autoscale-python-pi,629,server_0,1683514558624
2026-07-07 18:18:40.544497,19.109834512296302,0.2,autoscale-python-pi,630,server_0,1683514562272
2026-07-07 18:18:40.544537,19.13746135146968,0.2,autoscale-python-pi,631,server_0,1683514322544
2026-07-07 18:18:40.544566,19.174771019967014,0.2,autoscale-python-pi,632,server_0,1683514916944
2026-07-07 18:18:40.544604,19.192870539680477,0.2,autoscale-python-pi,633,server_0,1683514918848
2026-07-07 18:18:40.544634,19.219122826360614,0.2,autoscale-python-pi,634,server_0,1683514605056
2026-07-07 18:18:40.544665,19.22963159826059,0.2,autoscale-python-pi,635,server_0,1683514712912
2026-07-07 18:18:40.544702,19.251805641078043,0.2,autoscale-python-pi,636,server_0,1683514715792
2026-07-07 18:18:40.544722,19.26090931978945,0.2,autoscale-python-pi,637,server_0,1683514558624
2026-07-07 18:18:40.544750,19.284254099868434,0.2,autoscale-python-pi,638,server_0,1683514562272
2026-07-07 18:18:40.544787,19.34431494246778,0.2,autoscale-python-pi,639,server_0,1683514322544
2026-07-07 18:18:40.544807,19.35540454762871,0.2,autoscale-python-pi,640,server_0,1683514916944
2026-07-07 18:18:40.544844,19.402779951537145,0.2,autoscale-python-pi,641,server_0,1683514918848
2026-07-07 18:18:40.544872,19.424823800082965,0.2,autoscale-python-pi,642,server_0,1683514605056
2026-07-07 18:18:40.544920,19.466624333100974,0.2,autoscale-python-pi,643,server_0,1683514712912
2026-07-07 18:18:40.544948,19.52084420839248,0.2,autoscale-python-pi,644,server_0,1683514715792
2026-07-07 18:18:40.544968,19.52098760301486,0.2,autoscale-python-pi,645,server_0,1683514558624
2026-07-07 18:18:40.544993,19.537529882851675,0.2,autoscale-python-pi,646,server_0,1683514562272
2026-07-07 18:18:40.545031,19.595968287254337,0.2,autoscale-python-pi,647,server_0,1683514322544
2026-07-07 18:18:40.545060,19.611235690324623,0.2,autoscale-python-pi,648,server_0,1683514916944
2026-07-07 18:18:40.545082,19.614734426563835,0.2,autoscale-python-pi,649,server_0,1683514918848
2026-07-07 18:18:40.545121,19.670374590024547,0.2,autoscale-python-pi,650,server_0,1683514605056
2026-07-07 18:18:40.545167,19.693021036644964,0.2,autoscale-python-pi,651,server_0,1683514712912
2026-07-07 18:18:40.545251,19.769033169343768,0.2,autoscale-python-pi,652,server_0,1683514715792
2026-07-07 18:18:40.545336,19.828113630802992,0.2,autoscale-python-pi,653,server_0,1683514558624
2026-07-07 18:18:40.545373,19.85859205402711,0.2,autoscale-python-pi,654,server_0,1683514562272
2026-07-07 18:18:40.545444,19.895257480651367,0.2,autoscale-python-pi,655,server_0,1683514322544
2026-07-07 18:18:40.545480,19.93304587907328,0.2,autoscale-python-pi,656,server_0,1683514916944
2026-07-07 18:18:40.545748,20.020534206622568,0.2,autoscale-python-pi,657,server_0,1683514918848
2026-07-07 18:18:40.545820,20.074194843034523,0.2,autoscale-python-pi,658,server_0,1683514605056
2026-07-07 18:18:40.545876,20.10741964611643,0.2,autoscale-python-pi,659,server_0,1683514712912
2026-07-07 18:18:40.545916,20.119555306903106,0.2,autoscale-python-pi,660,server_0,1683514715792
2026-07-07 18:18:40.545967,20.15158038546857,0.2,autoscale-python-pi,661,server_0,1683514558624
2026-07-07 18:18:40.546005,20.192752367955634,0.2,autoscale-python-pi,662,server_0,1683514562272
2026-07-07 18:18:40.546047,20.195509564941737,0.2,autoscale-python-pi,663,server_0,1683514322544
2026-07-07 18:18:40.546081,20.203183463298434,0.2,autoscale-python-pi,664,server_0,1683514916944
2026-07-07 18:18:40.546113,20.221055514595434,0.2,autoscale-python-pi,665,server_0,1683514918848
2026-07-07 18:18:40.546136,20.24070994044429,0.2,autoscale-python-pi,666,server_0,1683514605056
2026-07-07 18:18:40.546228,20.40934398902081,0.2,autoscale-python-pi,667,server_0,1683514712912
2026-07-07 18:18:40.546259,20.42342284520436,0.2,autoscale-python-pi,668,server_0,1683514715792
2026-07-07 18:18:40.546288,20.48688006692509,0.2,autoscale-python-pi,669,server_0,1683514558624
2026-07-07 18:18:40.546309,20.536700299727066,0.2,autoscale-python-pi,670,server_0,1683514562272
2026-07-07 18:18:40.546330,20.55881694462767,0.2,autoscale-python-pi,671,server_0,1683514322544
2026-07-07 18:18:40.546351,20.57291213784366,0.2,autoscale-python-pi,672,server_0,1683514916944
2026-07-07 18:18:40.546371,20.588029539518427,0.2,autoscale-python-pi,673,server_0,1683514918848
2026-07-07 18:18:40.546428,20.75435393064369,0.2,autoscale-python-pi,674,server_0,1683514605056
2026-07-07 18:18:40.546466,20.782888296205343,0.2,autoscale-python-pi,675,server_0,1683514712912
2026-07-07 18:18:40.546487,20.782943891407914,0.2,autoscale-python-pi,676,server_0,1683514715792
2026-07-07 18:18:40.546507,20.78443135405846,0.2,autoscale-python-pi,677,server_0,1683514558624
2026-07-07 18:18:40.546535,20.820737683168737,0.2,autoscale-python-pi,678,server_0,1683514562272
2026-07-07 18:18:40.546555,20.823353031864308,0.2,autoscale-python-pi,679,server_0,1683514322544
2026-07-07 18:18:40.546575,20.836166447130573,0.2,autoscale-python-pi,680,server_0,1683514916944
2026-07-07 18:18:40.546595,20.849318392594082,0.2,autoscale-python-pi,681,server_0,1683514918848
2026-07-07 18:18:40.546614,20.85364096272983,0.2,autoscale-python-pi,682,server_0,1683514605056
2026-07-07 18:18:40.546634,20.88561538066089,0.2,autoscale-python-pi,683,server_0,1683514712912
2026-07-07 18:18:40.546697,20.886565402924262,0.2,autoscale-python-pi,684,server_0,1683514715792
2026-07-07 18:18:40.546731,20.887745644853588,0.2,autoscale-python-pi,685,server_0,1683514558624
2026-07-07 18:18:40.546755,20.888482226563532,0.2,autoscale-python-pi,686,server_0,1683514562272
2026-07-07 18:18:40.546777,20.912803691467847,0.2,autoscale-python-pi,687,server_0,1683514322544
2026-07-07 18:18:40.546800,20.913812597544943,0.2,autoscale-python-pi,688,server_0,1683514916944
2026-07-07 18:18:40.546823,20.916968911340643,0.2,autoscale-python-pi,689,server_0,1683514918848
2026-07-07 18:18:40.546844,20.943983271610225,0.2,autoscale-python-pi,690,server_0,1683514605056
2026-07-07 18:18:40.547032,21.00388449645511,0.2,autoscale-python-pi,691,server_0,1683514712912
2026-07-07 18:18:40.547056,21.011210074468806,0.2,autoscale-python-pi,692,server_0,1683514715792
2026-07-07 18:18:40.547089,21.021103875197618,0.2,autoscale-python-pi,693,server_0,1683514558624
2026-07-07 18:18:40.547130,21.04332331750897,0.2,autoscale-python-pi,694,server_0,1683514562272
2026-07-07 18:18:40.547173,21.06201187608482,0.2,autoscale-python-pi,695,server_0,1683514322544
2026-07-07 18:18:40.547193,21.065913295123153,0.2,autoscale-python-pi,696,server_0,1683514916944
2026-07-07 18:18:40.547252,21.088707571973696,0.2,autoscale-python-pi,697,server_0,1683514918848
2026-07-07 18:18:40.547273,21.10662622023815,0.2,autoscale-python-pi,698,server_0,1683514605056
2026-07-07 18:18:40.547294,21.111077408690836,0.2,autoscale-python-pi,699,server_0,1683514712912
2026-07-07 18:18:40.547343,21.137538388931596,0.2,autoscale-python-pi,700,server_0,1683514715792
2026-07-07 18:18:40.547380,21.19023727691359,0.2,autoscale-python-pi,701,server_0,1683514558624
2026-07-07 18:18:40.547412,21.210567310859492,0.2,autoscale-python-pi,702,server_0,1683514562272
2026-07-07 18:18:40.547443,21.220699287582455,0.2,autoscale-python-pi,703,server_0,1683514322544
2026-07-07 18:18:40.547472,21.2283754144872,0.2,autoscale-python-pi,704,server_0,1683514916944
2026-07-07 18:18:40.547520,21.274586273429108,0.2,autoscale-python-pi,705,server_0,1683514918848
2026-07-07 18:18:40.547540,21.275526870417874,0.2,autoscale-python-pi,706,server_0,1683514605056
2026-07-07 18:18:40.547560,21.27966936484958,0.2,autoscale-python-pi,707,server_0,1683514712912
2026-07-07 18:18:40.547580,21.284547448887267,0.2,autoscale-python-pi,708,server_0,1683514715792
2026-07-07 18:18:40.547599,21.28815833299511,0.2,autoscale-python-pi,709,server_0,1683514558624
2026-07-07 18:18:40.547629,21.29500345222066,0.2,autoscale-python-pi,710,server_0,1683514562272
2026-07-07 18:18:40.547667,21.309769459710378,0.2,autoscale-python-pi,711,server_0,1683514322544
2026-07-07 18:18:40.547713,21.32963665166352,0.2,autoscale-python-pi,712,server_0,1683514916944
2026-07-07 18:18:40.547770,21.391270321960214,0.2,autoscale-python-pi,713,server_0,1683514918848
2026-07-07 18:18:40.547811,21.411018397592184,0.2,autoscale-python-pi,714,server_0,1683514605056
2026-07-07 18:18:40.547868,21.446746253264806,0.2,autoscale-python-pi,715,server_0,1683514712912
2026-07-07 18:18:40.547984,21.532845117681173,0.2,autoscale-python-pi,716,server_0,1683514715792
2026-07-07 18:18:40.548017,21.537110444691674,0.2,autoscale-python-pi,717,server_0,1683514558624
2026-07-07 18:18:40.548043,21.548228048171087,0.2,autoscale-python-pi,718,server_0,1683514562272
2026-07-07 18:18:40.548072,21.55175689193703,0.2,autoscale-python-pi,719,server_0,1683514322544
2026-07-07 18:18:40.548098,21.55666864730229,0.2,autoscale-python-pi,720,server_0,1683514916944
2026-07-07 18:18:40.548137,21.59756284259857,0.2,autoscale-python-pi,721,server_0,1683514918848
2026-07-07 18:18:40.548163,21.597985208950494,0.2,autoscale-python-pi,722,server_0,1683514605056
2026-07-07 18:18:40.548194,21.60833661024062,0.2,autoscale-python-pi,723,server_0,1683514712912
2026-07-07 18:18:40.548243,21.625811709423672,0.2,autoscale-python-pi,724,server_0,1683514715792
2026-07-07 18:18:40.548271,21.636315347275485,0.2,autoscale-python-pi,725,server_0,1683514558624
2026-07-07 18:18:40.548299,21.6437813048864,0.2,autoscale-python-pi,726,server_0,1683514562272
2026-07-07 18:18:40.548340,21.68187000770828,0.2,autoscale-python-pi,727,server_0,1683514322544
2026-07-07 18:18:40.548368,21.686980747886253,0.2,autoscale-python-pi,728,server_0,1683514916944
2026-07-07 18:18:40.548399,21.687260797896602,0.2,autoscale-python-pi,729,server_0,1683514918848
2026-07-07 18:18:40.548427,21.68888728975267,0.2,autoscale-python-pi,730,server_0,1683514605056
2026-07-07 18:18:40.548455,21.705863231934863,0.2,autoscale-python-pi,731,server_0,1683514712912
2026-07-07 18:18:40.548483,21.707416198526605,0.2,autoscale-python-pi,732,server_0,1683514715792
2026-07-07 18:18:40.548515,21.720962387787402,0.2,autoscale-python-pi,733,server_0,1683514558624
2026-07-07 18:18:40.548674,21.76848834188379,0.2,autoscale-python-pi,734,server_0,1683514562272
2026-07-07 18:18:40.548777,21.82089516598051,0.2,autoscale-python-pi,735,server_0,1683514322544
2026-07-07 18:18:40.548903,21.971916164450704,0.2,autoscale-python-pi,736,server_0,1683514916944
2026-07-07 18:18:40.548928,21.989599090728213,0.2,autoscale-python-pi,737,server_0,1683514918848
2026-07-07 18:18:40.549093,22.069091343870923,0.2,autoscale-python-pi,738,server_0,1683514605056
2026-07-07 18:18:40.549116,22.114785408982073,0.2,autoscale-python-pi,739,server_0,1683514712912
2026-07-07 18:18:40.549141,22.126644385506673,0.2,autoscale-python-pi,740,server_0,1683514715792
2026-07-07 18:18:40.549165,22.128437160398473,0.2,autoscale-python-pi,741,server_0,1683514558624
2026-07-07 18:18:40.549188,22.156341602761213,0.2,autoscale-python-pi,742,server_0,1683514562272
2026-07-07 18:18:40.549220,22.179552693671717,0.2,autoscale-python-pi,743,server_0,1683514322544
2026-07-07 18:18:40.549253,22.20418904524173,0.2,autoscale-python-pi,744,server_0,1683514916944
2026-07-07 18:18:40.549289,22.26942551476837,0.2,autoscale-python-pi,745,server_0,1683514918848
2026-07-07 18:18:40.549309,22.2713045329656,0.2,autoscale-python-pi,746,server_0,1683514605056
2026-07-07 18:18:40.549329,22.28622069468446,0.2,autoscale-python-pi,747,server_0,1683514712912
2026-07-07 18:18:40.549349,22.2970601852378,0.2,autoscale-python-pi,748,server_0,1683514715792
2026-07-07 18:18:40.549400,22.34256602786374,0.2,autoscale-python-pi,749,server_0,1683514558624
2026-07-07 18:18:40.549437,22.387074490260048,0.2,autoscale-python-pi,750,server_0,1683514562272
2026-07-07 18:18:40.549466,22.406574910729525,0.2,autoscale-python-pi,751,server_0,1683514322544
2026-07-07 18:18:40.549486,22.427588211886068,0.2,autoscale-python-pi,752,server_0,1683514916944
2026-07-07 18:18:40.549506,22.46776676012397,0.2,autoscale-python-pi,753,server_0,1683514918848
2026-07-07 18:18:40.549556,22.487840226407958,0.2,autoscale-python-pi,754,server_0,1683514605056
2026-07-07 18:18:40.549576,22.496670600912484,0.2,autoscale-python-pi,755,server_0,1683514712912
2026-07-07 18:18:40.549610,22.517178105297344,0.2,autoscale-python-pi,756,server_0,1683514715792
2026-07-07 18:18:40.549640,22.520130466722136,0.2,autoscale-python-pi,757,server_0,1683514558624
2026-07-07 18:18:40.549711,22.531024187423593,0.2,autoscale-python-pi,758,server_0,1683514562272
2026-07-07 18:18:40.549778,22.557421821369246,0.2,autoscale-python-pi,759,server_0,1683514322544
2026-07-07 18:18:40.549829,22.6062777961335,0.2,autoscale-python-pi,760,server_0,1683514916944
2026-07-07 18:18:40.549914,22.671354367157093,0.2,autoscale-python-pi,761,server_0,1683514918848
2026-07-07 18:18:40.549949,22.687173946069777,0.2,autoscale-python-pi,762,server_0,1683514605056
2026-07-07 18:18:40.550007,22.69792082354269,0.2,autoscale-python-pi,763,server_0,1683514712912
2026-07-07 18:18:40.550058,22.724801373268903,0.2,autoscale-python-pi,764,server_0,1683514715792
2026-07-07 18:18:40.550085,22.730830953795223,0.2,autoscale-python-pi,765,server_0,1683514558624
2026-07-07 18:18:40.550123,22.743322203123842,0.2,autoscale-python-pi,766,server_0,1683514562272
2026-07-07 18:18:40.550154,22.743336438288424,0.2,autoscale-python-pi,767,server_0,1683514322544
2026-07-07 18:18:40.550204,22.759515626147884,0.2,autoscale-python-pi,768,server_0,1683514916944
2026-07-07 18:18:40.550303,22.824435192302904,0.2,autoscale-python-pi,769,server_0,1683514918848
2026-07-07 18:18:40.550420,22.90142690892857,0.2,autoscale-python-pi,770,server_0,1683514605056
2026-07-07 18:18:40.550536,22.946705251389073,0.2,autoscale-python-pi,771,server_0,1683514712912
2026-07-07 18:18:40.550578,22.959337989211875,0.2,autoscale-python-pi,772,server_0,1683514715792
2026-07-07 18:18:40.550651,22.97018394690016,0.2,autoscale-python-pi,773,server_0,1683514558624
2026-07-07 18:18:40.550798,22.999339617987033,0.2,autoscale-python-pi,774,server_0,1683514562272
2026-07-07 18:18:40.551382,23.00953527487615,0.2,autoscale-python-pi,775,server_0,1683514322544
2026-07-07 18:18:40.551489,23.025625436095968,0.2,autoscale-python-pi,776,server_0,1683514916944
2026-07-07 18:18:40.551535,23.02850188316143,0.2,autoscale-python-pi,777,server_0,1683514918848
2026-07-07 18:18:40.551580,23.0594604653316,0.2,autoscale-python-pi,778,server_0,1683514605056
2026-07-07 18:18:40.551638,23.06934040552705,0.2,autoscale-python-pi,779,server_0,1683514712912
2026-07-07 18:18:40.551774,23.12809535784744,0.2,autoscale-python-pi,780,server_0,1683514715792
2026-07-07 18:18:40.551998,23.191218366705506,0.2,autoscale-python-pi,781,server_0,1683514558624
2026-07-07 18:18:40.552209,23.205680799270812,0.2,autoscale-python-pi,782,server_0,1683514562272
2026-07-07 18:18:40.552402,23.260645672965293,0.2,autoscale-python-pi,783,server_0,1683514322544
2026-07-07 18:18:40.552780,23.362241297859633,0.2,autoscale-python-pi,784,server_0,1683514916944
2026-07-07 18:18:40.553087,23.471220134494388,0.2,autoscale-python-pi,785,server_0,1683514918848
2026-07-07 18:18:40.553156,23.530490906186273,0.2,autoscale-python-pi,786,server_0,1683514605056
2026-07-07 18:18:40.553199,23.537432658136307,0.2,autoscale-python-pi,787,server_0,1683514712912
2026-07-07 18:18:40.553234,23.54700829580972,0.2,autoscale-python-pi,788,server_0,1683514715792
2026-07-07 18:18:40.553302,23.57567692333451,0.2,autoscale-python-pi,789,server_0,1683514558624
2026-07-07 18:18:40.553331,23.62179621285068,0.2,autoscale-python-pi,790,server_0,1683514562272
2026-07-07 18:18:40.553366,23.625999021000172,0.2,autoscale-python-pi,791,server_0,1683514322544
2026-07-07 18:18:40.553410,23.641556050746225,0.2,autoscale-python-pi,792,server_0,1683514916944
2026-07-07 18:18:40.553445,23.64523990130734,0.2,autoscale-python-pi,793,server_0,1683514918848
2026-07-07 18:18:40.553467,23.66884539126931,0.2,autoscale-python-pi,794,server_0,1683514605056
2026-07-07 18:18:40.553502,23.681342499572082,0.2,autoscale-python-pi,795,server_0,1683514712912
2026-07-07 18:18:40.553530,23.68443719959288,0.2,autoscale-python-pi,796,server_0,1683514715792
2026-07-07 18:18:40.553572,23.697668140558562,0.2,autoscale-python-pi,797,server_0,1683514558624
2026-07-07 18:18:40.553605,23.71330419550503,0.2,autoscale-python-pi,798,server_0,1683514562272
2026-07-07 18:18:40.553650,23.71371161101098,0.2,autoscale-python-pi,799,server_0,1683514322544
2026-07-07 18:18:40.553821,23.847185511412764,0.2,autoscale-python-pi,800,server_0,1683514916944
2026-07-07 18:18:40.553860,23.87072502605292,0.2,autoscale-python-pi,801,server_0,1683514918848
2026-07-07 18:18:40.553925,23.89986887672894,0.2,autoscale-python-pi,802,server_0,1683514605056
2026-07-07 18:18:40.553975,23.969848202294067,0.2,autoscale-python-pi,803,server_0,1683514712912
2026-07-07 18:18:40.554219,24.01424946415957,0.2,autoscale-python-pi,804,server_0,1683514715792
2026-07-07 18:18:40.554247,24.032843202142676,0.2,autoscale-python-pi,805,server_0,1683514558624
2026-07-07 18:18:40.554270,24.042544973712026,0.2,autoscale-python-pi,806,server_0,1683514562272
2026-07-07 18:18:40.554292,24.044456491598343,0.2,autoscale-python-pi,807,server_0,1683514322544
2026-07-07 18:18:40.554329,24.047595156417284,0.2,autoscale-python-pi,808,server_0,1683514916944
2026-07-07 18:18:40.554352,24.04910343266544,0.2,autoscale-python-pi,809,server_0,1683514918848
2026-07-07 18:18:40.554388,24.098827969730362,0.2,autoscale-python-pi,810,server_0,1683514605056
2026-07-07 18:18:40.554420,24.107731474034125,0.2,autoscale-python-pi,811,server_0,1683514712912
2026-07-07 18:18:40.554441,24.136939916837665,0.2,autoscale-python-pi,812,server_0,1683514715792
2026-07-07 18:18:40.554463,24.136975780979167,0.2,autoscale-python-pi,813,server_0,1683514558624
2026-07-07 18:18:40.554489,24.159631638887735,0.2,autoscale-python-pi,814,server_0,1683514562272
2026-07-07 18:18:40.554523,24.173856396621318,0.2,autoscale-python-pi,815,server_0,1683514322544
2026-07-07 18:18:40.554547,24.206855291861736,0.2,autoscale-python-pi,816,server_0,1683514916944
2026-07-07 18:18:40.554568,24.208503373479264,0.2,autoscale-python-pi,817,server_0,1683514918848
2026-07-07 18:18:40.554746,24.249180461798666,0.2,autoscale-python-pi,818,server_0,1683514605056
2026-07-07 18:18:40.554797,24.25573668153999,0.2,autoscale-python-pi,819,server_0,1683514712912
2026-07-07 18:18:40.554836,24.28500973079776,0.2,autoscale-python-pi,820,server_0,1683514715792
2026-07-07 18:18:40.554874,24.293217113349844,0.2,autoscale-python-pi,821,server_0,1683514558624
2026-07-07 18:18:40.554941,24.306100278158095,0.2,autoscale-python-pi,822,server_0,1683514562272
2026-07-07 18:18:40.555002,24.315957914460075,0.2,autoscale-python-pi,823,server_0,1683514322544
2026-07-07 18:18:40.555036,24.316795798438463,0.2,autoscale-python-pi,824,server_0,1683514916944
2026-07-07 18:18:40.555067,24.321029346794067,0.2,autoscale-python-pi,825,server_0,1683514918848
2026-07-07 18:18:40.555138,24.33833712786348,0.2,autoscale-python-pi,826,server_0,1683514605056
2026-07-07 18:18:40.555171,24.358732276880577,0.2,autoscale-python-pi,827,server_0,1683514712912
2026-07-07 18:18:40.555271,24.415065387294916,0.2,autoscale-python-pi,828,server_0,1683514715792
2026-07-07 18:18:40.555309,24.41583005278773,0.2,autoscale-python-pi,829,server_0,1683514558624
2026-07-07 18:18:40.555351,24.418380472665003,0.2,autoscale-python-pi,830,server_0,1683514562272
2026-07-07 18:18:40.555440,24.492931080067287,0.2,autoscale-python-pi,831,server_0,1683514322544
2026-07-07 18:18:40.555562,24.528356531064944,0.2,autoscale-python-pi,832,server_0,1683514916944
2026-07-07 18:18:40.555662,24.574189451033728,0.2,autoscale-python-pi,833,server_0,1683514918848
2026-07-07 18:18:40.555725,24.580509351996366,0.2,autoscale-python-pi,834,server_0,1683514605056
2026-07-07 18:18:40.555854,24.70808105538203,0.2,autoscale-python-pi,835,server_0,1683514712912
2026-07-07 18:18:40.555902,24.711790465221533,0.2,autoscale-python-pi,836,server_0,1683514715792
2026-07-07 18:18:40.555982,24.788683860250863,0.2,autoscale-python-pi,837,server_0,1683514558624
2026-07-07 18:18:40.556014,24.79903558090315,0.2,autoscale-python-pi,838,server_0,1683514562272
2026-07-07 18:18:40.556055,24.81821122026773,0.2,autoscale-python-pi,839,server_0,1683514322544
2026-07-07 18:18:40.556092,24.861009838729895,0.2,autoscale-python-pi,840,server_0,1683514916944
2026-07-07 18:18:40.556129,24.898965849109683,0.2,autoscale-python-pi,841,server_0,1683514918848
2026-07-07 18:18:40.556292,24.93199198638907,0.2,autoscale-python-pi,842,server_0,1683514605056
2026-07-07 18:18:40.556327,24.954696240342376,0.2,autoscale-python-pi,843,server_0,1683514712912
2026-07-07 18:18:40.556670,25.00560528436126,0.2,autoscale-python-pi,844,server_0,1683514715792
2026-07-07 18:18:40.556751,25.035861183415484,0.2,autoscale-python-pi,845,server_0,1683514558624
2026-07-07 18:18:40.556807,25.05792583314948,0.2,autoscale-python-pi,846,server_0,1683514562272
2026-07-07 18:18:40.556876,25.071801768311254,0.2,autoscale-python-pi,847,server_0,1683514322544
2026-07-07 18:18:40.556913,25.075571957501392,0.2,autoscale-python-pi,848,server_0,1683514916944
2026-07-07 18:18:40.557000,25.136747818993754,0.2,autoscale-python-pi,849,server_0,1683514918848
2026-07-07 18:18:40.557055,25.16749469014965,0.2,autoscale-python-pi,850,server_0,1683514605056
2026-07-07 18:18:40.557091,25.177457326834375,0.2,autoscale-python-pi,851,server_0,1683514712912
2026-07-07 18:18:40.557130,25.180037542021534,0.2,autoscale-python-pi,852,server_0,1683514715792
2026-07-07 18:18:40.557167,25.200951297083403,0.2,autoscale-python-pi,853,server_0,1683514558624
2026-07-07 18:18:40.557225,25.218168428669514,0.2,autoscale-python-pi,854,server_0,1683514562272
2026-07-07 18:18:40.557283,25.255544796333986,0.2,autoscale-python-pi,855,server_0,1683514322544
2026-07-07 18:18:40.557352,25.274032016977536,0.2,autoscale-python-pi,856,server_0,1683514916944
2026-07-07 18:18:40.557404,25.289951286649597,0.2,autoscale-python-pi,857,server_0,1683514918848
2026-07-07 18:18:40.557459,25.364309042707987,0.2,autoscale-python-pi,858,server_0,1683514605056
2026-07-07 18:18:40.557513,25.36875368958739,0.2,autoscale-python-pi,859,server_0,1683514712912
2026-07-07 18:18:40.557594,25.381882835378537,0.2,autoscale-python-pi,860,server_0,1683514715792
2026-07-07 18:18:40.557666,25.432500891878927,0.2,autoscale-python-pi,861,server_0,1683514558624
2026-07-07 18:18:40.557758,25.499873961605175,0.2,autoscale-python-pi,862,server_0,1683514562272
2026-07-07 18:18:40.557798,25.501500332073363,0.2,autoscale-python-pi,863,server_0,1683514322544
2026-07-07 18:18:40.557839,25.520182461471148,0.2,autoscale-python-pi,864,server_0,1683514916944
2026-07-07 18:18:40.557877,25.55295530499616,0.2,autoscale-python-pi,865,server_0,1683514918848
2026-07-07 18:18:40.557951,25.58143357267805,0.2,autoscale-python-pi,866,server_0,1683514605056
2026-07-07 18:18:40.558020,25.649924886312547,0.2,autoscale-python-pi,867,server_0,1683514712912
2026-07-07 18:18:40.558059,25.67834321782419,0.2,autoscale-python-pi,868,server_0,1683514715792
2026-07-07 18:18:40.558096,25.692824970297814,0.2,autoscale-python-pi,869,server_0,1683514558624
2026-07-07 18:18:40.558179,25.71406595435869,0.2,autoscale-python-pi,870,server_0,1683514562272
2026-07-07 18:18:40.558234,25.73308286124502,0.2,autoscale-python-pi,871,server_0,1683514322544
2026-07-07 18:18:40.558272,25.738697142801342,0.2,autoscale-python-pi,872,server_0,1683514916944
2026-07-07 18:18:40.558309,25.740896294698864,0.2,autoscale-python-pi,873,server_0,1683514918848
2026-07-07 18:18:40.558365,25.75424022543971,0.2,autoscale-python-pi,874,server_0,1683514605056
2026-07-07 18:18:40.558405,25.7804096372775,0.2,autoscale-python-pi,875,server_0,1683514712912
2026-07-07 18:18:40.558462,25.783552961300472,0.2,autoscale-python-pi,876,server_0,1683514715792
2026-07-07 18:18:40.558502,25.815942104107542,0.2,autoscale-python-pi,877,server_0,1683514558624
2026-07-07 18:18:40.558545,25.83354988556521,0.2,autoscale-python-pi,878,server_0,1683514562272
2026-07-07 18:18:40.558650,25.900795210664736,0.2,autoscale-python-pi,879,server_0,1683514322544
2026-07-07 18:18:40.558711,25.92417521837434,0.2,autoscale-python-pi,880,server_0,1683514916944
2026-07-07 18:18:40.558814,25.955119058122865,0.2,autoscale-python-pi,881,server_0,1683514918848
2026-07-07 18:18:40.558853,25.97681808044908,0.2,autoscale-python-pi,882,server_0,1683514605056
2026-07-07 18:18:40.558933,25.98584753505147,0.2,autoscale-python-pi,883,server_0,1683514712912
2026-07-07 18:18:40.559464,26.02981033285093,0.2,autoscale-python-pi,884,server_0,1683514715792
2026-07-07 18:18:40.559539,26.035827182204287,0.2,autoscale-python-pi,885,server_0,1683514558624
2026-07-07 18:18:40.559581,26.04006556674843,0.2,autoscale-python-pi,886,server_0,1683514562272
2026-07-07 18:18:40.559646,26.058397922798928,0.2,autoscale-python-pi,887,server_0,1683514322544
2026-07-07 18:18:40.559693,26.0886244748373,0.2,autoscale-python-pi,888,server_0,1683514916944
2026-07-07 18:18:40.559753,26.100794889231008,0.2,autoscale-python-pi,889,server_0,1683514918848
2026-07-07 18:18:40.559817,26.11739078315932,0.2,autoscale-python-pi,890,server_0,1683514605056
2026-07-07 18:18:40.559910,26.16482467309,0.2,autoscale-python-pi,891,server_0,1683514712912
2026-07-07 18:18:40.560015,26.234334178941197,0.2,autoscale-python-pi,892,server_0,1683514715792
2026-07-07 18:18:40.560072,26.236461424793937,0.2,autoscale-python-pi,893,server_0,1683514558624
2026-07-07 18:18:40.560148,26.27082923727569,0.2,autoscale-python-pi,894,server_0,1683514562272
2026-07-07 18:18:40.560240,26.333219128140716,0.2,autoscale-python-pi,895,server_0,1683514322544
2026-07-07 18:18:40.560351,26.438902251965555,0.2,autoscale-python-pi,896,server_0,1683514916944
2026-07-07 18:18:40.560389,26.446302017997215,0.2,autoscale-python-pi,897,server_0,1683514918848
2026-07-07 18:18:40.560434,26.465080979090786,0.2,autoscale-python-pi,898,server_0,1683514605056
2026-07-07 18:18:40.560501,26.501683322710317,0.2,autoscale-python-pi,899,server_0,1683514712912
2026-07-07 18:18:40.560548,26.525910761459535,0.2,autoscale-python-pi,900,server_0,1683514715792
2026-07-07 18:18:40.560588,26.52787999068015,0.2,autoscale-python-pi,901,server_0,1683514558624
2026-07-07 18:18:40.560647,26.54498600918776,0.2,autoscale-python-pi,902,server_0,1683514562272
2026-07-07 18:18:40.560690,26.55094110708634,0.2,autoscale-python-pi,903,server_0,1683514322544
2026-07-07 18:18:40.560734,26.574770825310104,0.2,autoscale-python-pi,904,server_0,1683514916944
2026-07-07 18:18:40.560843,26.593472232070262,0.2,autoscale-python-pi,905,server_0,1683514918848
2026-07-07 18:18:40.560897,26.597237080201378,0.2,autoscale-python-pi,906,server_0,1683514605056
2026-07-07 18:18:40.560947,26.638475156242652,0.2,autoscale-python-pi,907,server_0,1683514712912
2026-07-07 18:18:40.561019,26.6613208208642,0.2,autoscale-python-pi,908,server_0,1683514715792
2026-07-07 18:18:40.561082,26.667740641689722,0.2,autoscale-python-pi,909,server_0,1683514558624
2026-07-07 18:18:40.561138,26.71902128781481,0.2,autoscale-python-pi,910,server_0,1683514562272
2026-07-07 18:18:40.561245,26.756581207768345,0.2,autoscale-python-pi,911,server_0,1683514322544
2026-07-07 18:18:40.561289,26.768174993976846,0.2,autoscale-python-pi,912,server_0,1683514916944
2026-07-07 18:18:40.561387,26.806783480561084,0.2,autoscale-python-pi,913,server_0,1683514918848
2026-07-07 18:18:40.561454,26.846886334966754,0.2,autoscale-python-pi,914,server_0,1683514605056
2026-07-07 18:18:40.561531,26.872499919374924,0.2,autoscale-python-pi,915,server_0,1683514712912
2026-07-07 18:18:40.561584,26.87847312054678,0.2,autoscale-python-pi,916,server_0,1683514715792
2026-07-07 18:18:40.561624,26.890568423378426,0.2,autoscale-python-pi,917,server_0,1683514558624
2026-07-07 18:18:40.561669,26.903908735403135,0.2,autoscale-python-pi,918,server_0,1683514562272
2026-07-07 18:18:40.561729,26.948334871721713,0.2,autoscale-python-pi,919,server_0,1683514322544
2026-07-07 18:18:40.561775,26.955322488608125,0.2,autoscale-python-pi,920,server_0,1683514916944
2026-07-07 18:18:40.561843,26.957976047159615,0.2,autoscale-python-pi,921,server_0,1683514918848
2026-07-07 18:18:40.561881,26.96733320907219,0.2,autoscale-python-pi,922,server_0,1683514605056
2026-07-07 18:18:40.561954,26.978836711351004,0.2,autoscale-python-pi,923,server_0,1683514712912
2026-07-07 18:18:40.562010,26.986803723495903,0.2,autoscale-python-pi,924,server_0,1683514715792
2026-07-07 18:18:40.562360,27.009172998593588,0.2,autoscale-python-pi,925,server_0,1683514558624
2026-07-07 18:18:40.562404,27.010774785116173,0.2,autoscale-python-pi,926,server_0,1683514562272
2026-07-07 18:18:40.562447,27.02435640855264,0.2,autoscale-python-pi,927,server_0,1683514322544
2026-07-07 18:18:40.562491,27.03376843962874,0.2,autoscale-python-pi,928,server_0,1683514916944
2026-07-07 18:18:40.562529,27.034355950100135,0.2,autoscale-python-pi,929,server_0,1683514918848
2026-07-07 18:18:40.562629,27.076528323697804,0.2,autoscale-python-pi,930,server_0,1683514605056
2026-07-07 18:18:40.562692,27.08790120071803,0.2,autoscale-python-pi,931,server_0,1683514712912
2026-07-07 18:18:40.562802,27.120656216284118,0.2,autoscale-python-pi,932,server_0,1683514715792
2026-07-07 18:18:40.562910,27.16498964526128,0.2,autoscale-python-pi,933,server_0,1683514558624
2026-07-07 18:18:40.563006,27.179212364178518,0.2,autoscale-python-pi,934,server_0,1683514562272
2026-07-07 18:18:40.563113,27.21582793653373,0.2,autoscale-python-pi,935,server_0,1683514322544
2026-07-07 18:18:40.563205,27.253002997348382,0.2,autoscale-python-pi,936,server_0,1683514916944
2026-07-07 18:18:40.563280,27.290034760933075,0.2,autoscale-python-pi,937,server_0,1683514918848
2026-07-07 18:18:40.563319,27.30395272694995,0.2,autoscale-python-pi,938,server_0,1683514605056
2026-07-07 18:18:40.563405,27.400599487232167,0.2,autoscale-python-pi,939,server_0,1683514712912
2026-07-07 18:18:40.563444,27.411014449025764,0.2,autoscale-python-pi,940,server_0,1683514715792
2026-07-07 18:18:40.563499,27.41832350906651,0.2,autoscale-python-pi,941,server_0,1683514558624
2026-07-07 18:18:40.563540,27.427493360071594,0.2,autoscale-python-pi,942,server_0,1683514562272
2026-07-07 18:18:40.563583,27.43387172360508,0.2,autoscale-python-pi,943,server_0,1683514322544
2026-07-07 18:18:40.563644,27.470844906763993,0.2,autoscale-python-pi,944,server_0,1683514916944
2026-07-07 18:18:40.563724,27.512652340557693,0.2,autoscale-python-pi,945,server_0,1683514918848
2026-07-07 18:18:40.563768,27.538312097685285,0.2,autoscale-python-pi,946,server_0,1683514605056
2026-07-07 18:18:40.563959,27.64627799291124,0.2,autoscale-python-pi,947,server_0,1683514712912
2026-07-07 18:18:40.564000,27.647986655007937,0.2,autoscale-python-pi,948,server_0,1683514715792
2026-07-07 18:18:40.564080,27.674937810187558,0.2,autoscale-python-pi,949,server_0,1683514558624
2026-07-07 18:18:40.564136,27.69783798524956,0.2,autoscale-python-pi,950,server_0,1683514562272
2026-07-07 18:18:40.564200,27.712852491711793,0.2,autoscale-python-pi,951,server_0,1683514322544
2026-07-07 18:18:40.564255,27.752877801479848,0.2,autoscale-python-pi,952,server_0,1683514916944
2026-07-07 18:18:40.564297,27.774930645026267,0.2,autoscale-python-pi,953,server_0,1683514918848
2026-07-07 18:18:40.564349,27.81191674328824,0.2,autoscale-python-pi,954,server_0,1683514605056
2026-07-07 18:18:40.564395,27.818257139738044,0.2,autoscale-python-pi,955,server_0,1683514712912
2026-07-07 18:18:40.564435,27.823863526762594,0.2,autoscale-python-pi,956,server_0,1683514715792
2026-07-07 18:18:40.564478,27.83137840425294,0.2,autoscale-python-pi,957,server_0,1683514558624
2026-07-07 18:18:40.564561,27.870593449231542,0.2,autoscale-python-pi,958,server_0,1683514562272
2026-07-07 18:18:40.564633,27.878052344430138,0.2,autoscale-python-pi,959,server_0,1683514322544
2026-07-07 18:18:40.564747,27.98458368428471,0.2,autoscale-python-pi,960,server_0,1683514916944
2026-07-07 18:18:40.564791,27.985066070965747,0.2,autoscale-python-pi,961,server_0,1683514918848
2026-07-07 18:18:40.564845,27.98834431589551,0.2,autoscale-python-pi,962,server_0,1683514605056
2026-07-07 18:18:40.565201,28.006559124588115,0.2,autoscale-python-pi,963,server_0,1683514712912
2026-07-07 18:18:40.565285,28.01244228428962,0.2,autoscale-python-pi,964,server_0,1683514715792
2026-07-07 18:18:40.565350,28.021916203259615,0.2,autoscale-python-pi,965,server_0,1683514558624
2026-07-07 18:18:40.565394,28.022601118361468,0.2,autoscale-python-pi,966,server_0,1683514562272
2026-07-07 18:18:40.565524,28.11789441551987,0.2,autoscale-python-pi,967,server_0,1683514322544
2026-07-07 18:18:40.565563,28.14292419119409,0.2,autoscale-python-pi,968,server_0,1683514916944
2026-07-07 18:18:40.565716,28.256789938505584,0.2,autoscale-python-pi,969,server_0,1683514918848
2026-07-07 18:18:40.565756,28.277432343286712,0.2,autoscale-python-pi,970,server_0,1683514605056
2026-07-07 18:18:40.565802,28.297283757554766,0.2,autoscale-python-pi,971,server_0,1683514712912
2026-07-07 18:18:40.565847,28.311342026316773,0.2,autoscale-python-pi,972,server_0,1683514715792
2026-07-07 18:18:40.565924,28.346329200822932,0.2,autoscale-python-pi,973,server_0,1683514558624
2026-07-07 18:18:40.565966,28.3515873987981,0.2,autoscale-python-pi,974,server_0,1683514562272
2026-07-07 18:18:40.566012,28.39134544521855,0.2,autoscale-python-pi,975,server_0,1683514322544
2026-07-07 18:18:40.566076,28.458154685573824,0.2,autoscale-python-pi,976,server_0,1683514916944
2026-07-07 18:18:40.566138,28.48041854242239,0.2,autoscale-python-pi,977,server_0,1683514918848
2026-07-07 18:18:40.566174,28.489178067716797,0.2,autoscale-python-pi,978,server_0,1683514605056
2026-07-07 18:18:40.566292,28.59306952595557,0.2,autoscale-python-pi,979,server_0,1683514712912
2026-07-07 18:18:40.566326,28.604178336003894,0.2,autoscale-python-pi,980,server_0,1683514715792
2026-07-07 18:18:40.566364,28.628588343414865,0.2,autoscale-python-pi,981,server_0,1683514558624
2026-07-07 18:18:40.566401,28.635134147656608,0.2,autoscale-python-pi,982,server_0,1683514562272
2026-07-07 18:18:40.566432,28.63546962417479,0.2,autoscale-python-pi,983,server_0,1683514322544
2026-07-07 18:18:40.566467,28.636665505284213,0.2,autoscale-python-pi,984,server_0,1683514916944
2026-07-07 18:18:40.566523,28.670526016605194,0.2,autoscale-python-pi,985,server_0,1683514918848
2026-07-07 18:18:40.566591,28.69471049156178,0.2,autoscale-python-pi,986,server_0,1683514605056
2026-07-07 18:18:40.566628,28.70788354793006,0.2,autoscale-python-pi,987,server_0,1683514712912
2026-07-07 18:18:40.566671,28.7528653481693,0.2,autoscale-python-pi,988,server_0,1683514715792
2026-07-07 18:18:40.566714,28.778174479325575,0.2,autoscale-python-pi,989,server_0,1683514558624
2026-07-07 18:18:40.566809,28.822205972371844,0.2,autoscale-python-pi,990,server_0,1683514562272
2026-07-07 18:18:40.566845,28.826664095871575,0.2,autoscale-python-pi,991,server_0,1683514322544
2026-07-07 18:18:40.566972,28.872262516080937,0.2,autoscale-python-pi,992,server_0,1683514916944
2026-07-07 18:18:40.567019,28.881959173504004,0.2,autoscale-python-pi,993,server_0,1683514918848
2026-07-07 18:18:40.567078,28.90787322701118,0.2,autoscale-python-pi,994,server_0,1683514605056
2026-07-07 18:18:40.567136,28.913176978303035,0.2,autoscale-python-pi,995,server_0,1683514712912
2026-07-07 18:18:40.567179,28.926487484203065,0.2,autoscale-python-pi,996,server_0,1683514715792
2026-07-07 18:18:40.567249,28.978223107359085,0.2,autoscale-python-pi,997,server_0,1683514558624
2026-07-07 18:18:40.567284,28.980674260108213,0.2,autoscale-python-pi,998,server_0,1683514562272
2026-07-07 18:18:40.567318,28.98518737463757,0.2,autoscale-python-pi,999,server_0,1683514322544
2026-07-07 18:18:40.567605,29.035818089581387,0.2,autoscale-python-pi,1000,server_0,1683514916944
2026-07-07 18:18:40.567641,29.051557458110583,0.2,autoscale-python-pi,1001,server_0,1683514918848
2026-07-07 18:18:40.567705,29.08885772047794,0.2,autoscale-python-pi,1002,server_0,1683514605056
2026-07-07 18:18:40.567749,29.10823303670657,0.2,autoscale-python-pi,1003,server_0,1683514712912
2026-07-07 18:18:40.567815,29.132331825550185,0.2,autoscale-python-pi,1004,server_0,1683514715792
2026-07-07 18:18:40.567844,29.13741456212882,0.2,autoscale-python-pi,1005,server_0,1683514558624
2026-07-07 18:18:40.567940,29.146089458579347,0.2,autoscale-python-pi,1006,server_0,1683514562272
2026-07-07 18:18:40.567980,29.151205249459114,0.2,autoscale-python-pi,1007,server_0,1683514322544
2026-07-07 18:18:40.568084,29.216512910683583,0.2,autoscale-python-pi,1008,server_0,1683514916944
2026-07-07 18:18:40.568132,29.230448004550077,0.2,autoscale-python-pi,1009,server_0,1683514918848
2026-07-07 18:18:40.568178,29.23158992428675,0.2,autoscale-python-pi,1010,server_0,1683514605056
2026-07-07 18:18:40.568252,29.265464837358376,0.2,autoscale-python-pi,1011,server_0,1683514712912
2026-07-07 18:18:40.568312,29.292410200164305,0.2,autoscale-python-pi,1012,server_0,1683514715792
2026-07-07 18:18:40.568350,29.30774385048225,0.2,autoscale-python-pi,1013,server_0,1683514558624
2026-07-07 18:18:40.568459,29.33215597822806,0.2,autoscale-python-pi,1014,server_0,1683514562272
2026-07-07 18:18:40.568567,29.36504772538272,0.2,autoscale-python-pi,1015,server_0,1683514322544
2026-07-07 18:18:40.568607,29.36957569741782,0.2,autoscale-python-pi,1016,server_0,1683514916944
2026-07-07 18:18:40.568642,29.41231095818186,0.2,autoscale-python-pi,1017,server_0,1683514918848
2026-07-07 18:18:40.568721,29.438858211749956,0.2,autoscale-python-pi,1018,server_0,1683514605056
2026-07-07 18:18:40.568902,29.537188904639464,0.2,autoscale-python-pi,1019,server_0,1683514712912
2026-07-07 18:18:40.568983,29.547250938557905,0.2,autoscale-python-pi,1020,server_0,1683514715792
2026-07-07 18:18:40.569023,29.54883968904225,0.2,autoscale-python-pi,1021,server_0,1683514558624
2026-07-07 18:18:40.569057,29.561486960134356,0.2,autoscale-python-pi,1022,server_0,1683514562272
2026-07-07 18:18:40.569090,29.563234490186378,0.2,autoscale-python-pi,1023,server_0,1683514322544
2026-07-07 18:18:40.569146,29.568310779793414,0.2,autoscale-python-pi,1024,server_0,1683514916944
2026-07-07 18:18:40.569195,29.57600099664767,0.2,autoscale-python-pi,1025,server_0,1683514918848
2026-07-07 18:18:40.569226,29.600573970141216,0.2,autoscale-python-pi,1026,server_0,1683514605056
2026-07-07 18:18:40.569256,29.607238758629723,0.2,autoscale-python-pi,1027,server_0,1683514712912
2026-07-07 18:18:40.569301,29.61400469592539,0.2,autoscale-python-pi,1028,server_0,1683514715792
2026-07-07 18:18:40.569347,29.671182026752653,0.2,autoscale-python-pi,1029,server_0,1683514558624
2026-07-07 18:18:40.569387,29.6721289504723,0.2,autoscale-python-pi,1030,server_0,1683514562272
2026-07-07 18:18:40.569423,29.68684090201026,0.2,autoscale-python-pi,1031,server_0,1683514322544
2026-07-07 18:18:40.569469,29.69285266853719,0.2,autoscale-python-pi,1032,server_0,1683514916944
2026-07-07 18:18:40.569506,29.715536412265003,0.2,autoscale-python-pi,1033,server_0,1683514918848
2026-07-07 18:18:40.569638,29.790166279157464,0.2,autoscale-python-pi,1034,server_0,1683514605056
2026-07-07 18:18:40.569673,29.79437214098944,0.2,autoscale-python-pi,1035,server_0,1683514712912
2026-07-07 18:18:40.569750,29.85930090295248,0.2,autoscale-python-pi,1036,server_0,1683514715792
2026-07-07 18:18:40.569819,29.8813701780781,0.2,autoscale-python-pi,1037,server_0,1683514558624
2026-07-07 18:18:40.569886,29.909127126057424,0.2,autoscale-python-pi,1038,server_0,1683514562272
2026-07-07 18:18:40.569937,29.9304298344278,0.2,autoscale-python-pi,1039,server_0,1683514322544
2026-07-07 18:18:40.569973,29.96744775761022,0.2,autoscale-python-pi,1040,server_0,1683514916944
2026-07-07 18:18:40.570036,29.995331684737064,0.2,autoscale-python-pi,1041,server_0,1683514918848
2026-07-07 18:18:40.570472,30.000423013155306,0.2,autoscale-python-pi,1042,server_0,1683514605056
2026-07-07 18:18:40.570521,30.034689701412763,0.2,autoscale-python-pi,1043,server_0,1683514712912
2026-07-07 18:18:40.570707,30.04318372117584,0.2,autoscale-python-pi,1044,server_0,1683514715792
2026-07-07 18:18:40.570753,30.050119817406443,0.2,autoscale-python-pi,1045,server_0,1683514558624
2026-07-07 18:18:40.570786,30.056415073713055,0.2,autoscale-python-pi,1046,server_0,1683514562272
2026-07-07 18:18:40.570823,30.05783955937755,0.2,autoscale-python-pi,1047,server_0,1683514322544
2026-07-07 18:18:40.570921,30.081632964687415,0.2,autoscale-python-pi,1048,server_0,1683514916944
2026-07-07 18:18:40.570954,30.094582544906395,0.2,autoscale-python-pi,1049,server_0,1683514918848
2026-07-07 18:18:40.571021,30.1379021070056,0.2,autoscale-python-pi,1050,server_0,1683514605056
2026-07-07 18:18:40.571201,30.187360215677387,0.2,autoscale-python-pi,1051,server_0,1683514712912
2026-07-07 18:18:40.571276,30.217552939691668,0.2,autoscale-python-pi,1052,server_0,1683514715792
2026-07-07 18:18:40.571339,30.24344210971325,0.2,autoscale-python-pi,1053,server_0,1683514558624
2026-07-07 18:18:40.571441,30.274083177315465,0.2,autoscale-python-pi,1054,server_0,1683514562272
2026-07-07 18:18:40.571497,30.28674619605891,0.2,autoscale-python-pi,1055,server_0,1683514322544
2026-07-07 18:18:40.571546,30.332262526479642,0.2,autoscale-python-pi,1056,server_0,1683514916944
2026-07-07 18:18:40.571600,30.358633928822385,0.2,autoscale-python-pi,1057,server_0,1683514918848
2026-07-07 18:18:40.571638,30.359680785846262,0.2,autoscale-python-pi,1058,server_0,1683514605056
2026-07-07 18:18:40.571670,30.368149413245316,0.2,autoscale-python-pi,1059,server_0,1683514712912
2026-07-07 18:18:40.571699,30.38679871639773,0.2,autoscale-python-pi,1060,server_0,1683514715792
2026-07-07 18:18:40.571749,30.40674112626715,0.2,autoscale-python-pi,1061,server_0,1683514558624
2026-07-07 18:18:40.571783,30.41315344166091,0.2,autoscale-python-pi,1062,server_0,1683514562272
2026-07-07 18:18:40.571832,30.418160959972237,0.2,autoscale-python-pi,1063,server_0,1683514322544
2026-07-07 18:18:40.571898,30.479023553692556,0.2,autoscale-python-pi,1064,server_0,1683514916944
2026-07-07 18:18:40.571946,30.495818551092608,0.2,autoscale-python-pi,1065,server_0,1683514918848
2026-07-07 18:18:40.571980,30.506540374364267,0.2,autoscale-python-pi,1066,server_0,1683514605056
2026-07-07 18:18:40.572076,30.569482196133745,0.2,autoscale-python-pi,1067,server_0,1683514712912
2026-07-07 18:18:40.572180,30.62436310460038,0.2,autoscale-python-pi,1068,server_0,1683514715792
2026-07-07 18:18:40.572215,30.63826160717528,0.2,autoscale-python-pi,1069,server_0,1683514558624
2026-07-07 18:18:40.572263,30.689147953076372,0.2,autoscale-python-pi,1070,server_0,1683514562272
2026-07-07 18:18:40.572327,30.71573144713701,0.2,autoscale-python-pi,1071,server_0,1683514322544
2026-07-07 18:18:40.572360,30.725946275562027,0.2,autoscale-python-pi,1072,server_0,1683514916944
2026-07-07 18:18:40.572431,30.83127791175857,0.2,autoscale-python-pi,1073,server_0,1683514918848
2026-07-07 18:18:40.572479,30.87769553337752,0.2,autoscale-python-pi,1074,server_0,1683514605056
2026-07-07 18:18:40.572514,30.877959752302885,0.2,autoscale-python-pi,1075,server_0,1683514712912
2026-07-07 18:18:40.572590,30.933966730434342,0.2,autoscale-python-pi,1076,server_0,1683514715792
2026-07-07 18:18:40.572623,30.979096648645417,0.2,autoscale-python-pi,1077,server_0,1683514558624
2026-07-07 18:18:40.572659,30.994925588167057,0.2,autoscale-python-pi,1078,server_0,1683514562272
2026-07-07 18:18:40.572958,31.039898366591355,0.2,autoscale-python-pi,1079,server_0,1683514322544
2026-07-07 18:18:40.573005,31.057641440943243,0.2,autoscale-python-pi,1080,server_0,1683514916944
2026-07-07 18:18:40.573039,31.059160944472175,0.2,autoscale-python-pi,1081,server_0,1683514918848
2026-07-07 18:18:40.573107,31.086190328590526,0.2,autoscale-python-pi,1082,server_0,1683514605056
2026-07-07 18:18:40.573143,31.090861786767913,0.2,autoscale-python-pi,1083,server_0,1683514712912
2026-07-07 18:18:40.573177,31.11082126604077,0.2,autoscale-python-pi,1084,server_0,1683514715792
2026-07-07 18:18:40.573227,31.143217063158694,0.2,autoscale-python-pi,1085,server_0,1683514558624
2026-07-07 18:18:40.573260,31.16991532665899,0.2,autoscale-python-pi,1086,server_0,1683514562272
2026-07-07 18:18:40.573327,31.199578417340554,0.2,autoscale-python-pi,1087,server_0,1683514322544
2026-07-07 18:18:40.573359,31.206583006808007,0.2,autoscale-python-pi,1088,server_0,1683514916944
2026-07-07 18:18:40.573412,31.247981762562745,0.2,autoscale-python-pi,1089,server_0,1683514918848
2026-07-07 18:18:40.573503,31.295689878958257,0.2,autoscale-python-pi,1090,server_0,1683514605056
2026-07-07 18:18:40.573574,31.36680528304246,0.2,autoscale-python-pi,1091,server_0,1683514712912
2026-07-07 18:18:40.573621,31.389238145794447,0.2,autoscale-python-pi,1092,server_0,1683514715792
2026-07-07 18:18:40.573689,31.425690867165233,0.2,autoscale-python-pi,1093,server_0,1683514558624
2026-07-07 18:18:40.573720,31.431088276155275,0.2,autoscale-python-pi,1094,server_0,1683514562272
2026-07-07 18:18:40.573753,31.44674624418918,0.2,autoscale-python-pi,1095,server_0,1683514322544
2026-07-07 18:18:40.573806,31.46573645963413,0.2,autoscale-python-pi,1096,server_0,1683514916944
2026-07-07 18:18:40.573837,31.469503432534943,0.2,autoscale-python-pi,1097,server_0,1683514918848
2026-07-07 18:18:40.573942,31.500615440420084,0.2,autoscale-python-pi,1098,server_0,1683514605056
2026-07-07 18:18:40.573979,31.513588175106864,0.2,autoscale-python-pi,1099,server_0,1683514712912
2026-07-07 18:18:40.574013,31.523302604479134,0.2,autoscale-python-pi,1100,server_0,1683514715792
2026-07-07 18:18:40.574043,31.52724237142316,0.2,autoscale-python-pi,1101,server_0,1683514558624
2026-07-07 18:18:40.574081,31.54942420758391,0.2,autoscale-python-pi,1102,server_0,1683514562272
2026-07-07 18:18:40.574126,31.572150135123714,0.2,autoscale-python-pi,1103,server_0,1683514322544
2026-07-07 18:18:40.574160,31.5814582515447,0.2,autoscale-python-pi,1104,server_0,1683514916944
2026-07-07 18:18:40.574214,31.599954942508692,0.2,autoscale-python-pi,1105,server_0,1683514918848
2026-07-07 18:18:40.574297,31.66517395651671,0.2,autoscale-python-pi,1106,server_0,1683514605056
2026-07-07 18:18:40.574334,31.665192156567535,0.2,autoscale-python-pi,1107,server_0,1683514712912
2026-07-07 18:18:40.574402,31.67566894914374,0.2,autoscale-python-pi,1108,server_0,1683514715792
2026-07-07 18:18:40.574435,31.69131376818731,0.2,autoscale-python-pi,1109,server_0,1683514558624
2026-07-07 18:18:40.574466,31.699358741767156,0.2,autoscale-python-pi,1110,server_0,1683514562272
2026-07-07 18:18:40.574534,31.723068131427233,0.2,autoscale-python-pi,1111,server_0,1683514322544
2026-07-07 18:18:40.574597,31.735940773972107,0.2,autoscale-python-pi,1112,server_0,1683514916944
2026-07-07 18:18:40.574631,31.73647546314364,0.2,autoscale-python-pi,1113,server_0,1683514918848
2026-07-07 18:18:40.574665,31.74668311339381,0.2,autoscale-python-pi,1114,server_0,1683514605056
2026-07-07 18:18:40.574700,31.749286138241413,0.2,autoscale-python-pi,1115,server_0,1683514712912
2026-07-07 18:18:40.574744,31.749891591835144,0.2,autoscale-python-pi,1116,server_0,1683514715792
2026-07-07 18:18:40.574772,31.752442323836725,0.2,autoscale-python-pi,1117,server_0,1683514558624
2026-07-07 18:18:40.574892,31.885653367437744,0.2,autoscale-python-pi,1118,server_0,1683514562272
2026-07-07 18:18:40.574948,31.896900666670273,0.2,autoscale-python-pi,1119,server_0,1683514322544
2026-07-07 18:18:40.575002,31.90043797583979,0.2,autoscale-python-pi,1120,server_0,1683514916944
2026-07-07 18:18:40.575041,31.901443411810316,0.2,autoscale-python-pi,1121,server_0,1683514918848
2026-07-07 18:18:40.575080,31.908671669495966,0.2,autoscale-python-pi,1122,server_0,1683514605056
2026-07-07 18:18:40.575185,31.947017229103103,0.2,autoscale-python-pi,1123,server_0,1683514712912
2026-07-07 18:18:40.575274,31.971734163807117,0.2,autoscale-python-pi,1124,server_0,1683514715792
2026-07-07 18:18:40.575313,31.984041226322837,0.2,autoscale-python-pi,1125,server_0,1683514558624
2026-07-07 18:18:40.575661,32.01269733700465,0.2,autoscale-python-pi,1126,server_0,1683514562272
2026-07-07 18:18:40.575697,32.03827763017711,0.2,autoscale-python-pi,1127,server_0,1683514322544
2026-07-07 18:18:40.575752,32.095085285875584,0.2,autoscale-python-pi,1128,server_0,1683514916944
2026-07-07 18:18:40.575864,32.16730656358724,0.2,autoscale-python-pi,1129,server_0,1683514918848
2026-07-07 18:18:40.575916,32.17288146391289,0.2,autoscale-python-pi,1130,server_0,1683514605056
2026-07-07 18:18:40.575949,32.18216204967175,0.2,autoscale-python-pi,1131,server_0,1683514712912
2026-07-07 18:18:40.575995,32.19909565676757,0.2,autoscale-python-pi,1132,server_0,1683514715792
2026-07-07 18:18:40.576031,32.2011842322988,0.2,autoscale-python-pi,1133,server_0,1683514558624
2026-07-07 18:18:40.576061,32.20454734586006,0.2,autoscale-python-pi,1134,server_0,1683514562272
2026-07-07 18:18:40.576111,32.25811899824855,0.2,autoscale-python-pi,1135,server_0,1683514322544
2026-07-07 18:18:40.576138,32.26745177903632,0.2,autoscale-python-pi,1136,server_0,1683514916944
2026-07-07 18:18:40.576169,32.282425264028774,0.2,autoscale-python-pi,1137,server_0,1683514918848
2026-07-07 18:18:40.576214,32.297887357353275,0.2,autoscale-python-pi,1138,server_0,1683514605056
2026-07-07 18:18:40.576249,32.32636296004387,0.2,autoscale-python-pi,1139,server_0,1683514712912
2026-07-07 18:18:40.576289,32.342922380077106,0.2,autoscale-python-pi,1140,server_0,1683514715792
2026-07-07 18:18:40.576329,32.35308093356828,0.2,autoscale-python-pi,1141,server_0,1683514558624
2026-07-07 18:18:40.576396,32.37467219277065,0.2,autoscale-python-pi,1142,server_0,1683514562272
2026-07-07 18:18:40.576445,32.39597247674946,0.2,autoscale-python-pi,1143,server_0,1683514322544
2026-07-07 18:18:40.576526,32.44863584224045,0.2,autoscale-python-pi,1144,server_0,1683514916944
2026-07-07 18:18:40.576631,32.531355350317654,0.2,autoscale-python-pi,1145,server_0,1683514918848
2026-07-07 18:18:40.576670,32.538058834407195,0.2,autoscale-python-pi,1146,server_0,1683514605056
2026-07-07 18:18:40.576718,32.54003239096625,0.2,autoscale-python-pi,1147,server_0,1683514712912
2026-07-07 18:18:40.576782,32.56694510798876,0.2,autoscale-python-pi,1148,server_0,1683514715792
2026-07-07 18:18:40.576848,32.60056597323317,0.2,autoscale-python-pi,1149,server_0,1683514558624
2026-07-07 18:18:40.576901,32.668813856208736,0.2,autoscale-python-pi,1150,server_0,1683514562272
2026-07-07 18:18:40.576935,32.67331696136523,0.2,autoscale-python-pi,1151,server_0,1683514322544
2026-07-07 18:18:40.576969,32.6782838466507,0.2,autoscale-python-pi,1152,server_0,1683514916944
2026-07-07 18:18:40.577003,32.681504420144385,0.2,autoscale-python-pi,1153,server_0,1683514918848
2026-07-07 18:18:40.577036,32.68317029737624,0.2,autoscale-python-pi,1154,server_0,1683514605056
2026-07-07 18:18:40.577124,32.74497496894397,0.2,autoscale-python-pi,1155,server_0,1683514712912
2026-07-07 18:18:40.577261,32.91763563372998,0.2,autoscale-python-pi,1156,server_0,1683514715792
2026-07-07 18:18:40.577295,32.92193779450781,0.2,autoscale-python-pi,1157,server_0,1683514558624
2026-07-07 18:18:40.577348,32.963442722293514,0.2,autoscale-python-pi,1158,server_0,1683514562272
2026-07-07 18:18:40.577384,32.976952848014776,0.2,autoscale-python-pi,1159,server_0,1683514322544
2026-07-07 18:18:40.577421,32.99043579364735,0.2,autoscale-python-pi,1160,server_0,1683514916944
2026-07-07 18:18:40.577641,33.0576315712856,0.2,autoscale-python-pi,1161,server_0,1683514918848
2026-07-07 18:18:40.577678,33.071394529431,0.2,autoscale-python-pi,1162,server_0,1683514605056
2026-07-07 18:18:40.577713,33.10226746878824,0.2,autoscale-python-pi,1163,server_0,1683514712912
2026-07-07 18:18:40.577803,33.16881400742299,0.2,autoscale-python-pi,1164,server_0,1683514715792
2026-07-07 18:18:40.577854,33.17752646087539,0.2,autoscale-python-pi,1165,server_0,1683514558624
2026-07-07 18:18:40.577904,33.193543678535406,0.2,autoscale-python-pi,1166,server_0,1683514562272
2026-07-07 18:18:40.577939,33.2046459421812,0.2,autoscale-python-pi,1167,server_0,1683514322544
2026-07-07 18:18:40.577973,33.240498089624154,0.2,autoscale-python-pi,1168,server_0,1683514916944
2026-07-07 18:18:40.578007,33.254345043436466,0.2,autoscale-python-pi,1169,server_0,1683514918848
2026-07-07 18:18:40.578054,33.258653744605574,0.2,autoscale-python-pi,1170,server_0,1683514605056
2026-07-07 18:18:40.578122,33.35312759646829,0.2,autoscale-python-pi,1171,server_0,1683514712912
2026-07-07 18:18:40.578180,33.37416400081689,0.2,autoscale-python-pi,1172,server_0,1683514715792
2026-07-07 18:18:40.578229,33.383212903178645,0.2,autoscale-python-pi,1173,server_0,1683514558624
2026-07-07 18:18:40.578281,33.402621404391624,0.2,autoscale-python-pi,1174,server_0,1683514562272
2026-07-07 18:18:40.578338,33.40798416714846,0.2,autoscale-python-pi,1175,server_0,1683514322544
2026-07-07 18:18:40.578375,33.41461648044068,0.2,autoscale-python-pi,1176,server_0,1683514916944
2026-07-07 18:18:40.578413,33.43798276670757,0.2,autoscale-python-pi,1177,server_0,1683514918848
2026-07-07 18:18:40.578482,33.45761941911397,0.2,autoscale-python-pi,1178,server_0,1683514605056
2026-07-07 18:18:40.578535,33.46674581605182,0.2,autoscale-python-pi,1179,server_0,1683514712912
2026-07-07 18:18:40.578576,33.4783044620905,0.2,autoscale-python-pi,1180,server_0,1683514715792
2026-07-07 18:18:40.578613,33.4786562439031,0.2,autoscale-python-pi,1181,server_0,1683514558624
2026-07-07 18:18:40.578652,33.51208682119284,0.2,autoscale-python-pi,1182,server_0,1683514562272
2026-07-07 18:18:40.578694,33.52830689459544,0.2,autoscale-python-pi,1183,server_0,1683514322544
2026-07-07 18:18:40.578738,33.55238521469877,0.2,autoscale-python-pi,1184,server_0,1683514916944
2026-07-07 18:18:40.578826,33.590670147493825,0.2,autoscale-python-pi,1185,server_0,1683514918848
2026-07-07 18:18:40.578960,33.66849708596482,0.2,autoscale-python-pi,1186,server_0,1683514605056
2026-07-07 18:18:40.579030,33.68152843023855,0.2,autoscale-python-pi,1187,server_0,1683514712912
2026-07-07 18:18:40.579065,33.69091838879769,0.2,autoscale-python-pi,1188,server_0,1683514715792
2026-07-07 18:18:40.579146,33.77613616518459,0.2,autoscale-python-pi,1189,server_0,1683514558624
2026-07-07 18:18:40.579181,33.786870690791275,0.2,autoscale-python-pi,1190,server_0,1683514562272
2026-07-07 18:18:40.579236,33.82255659265168,0.2,autoscale-python-pi,1191,server_0,1683514322544
2026-07-07 18:18:40.579272,33.84439104825777,0.2,autoscale-python-pi,1192,server_0,1683514916944
2026-07-07 18:18:40.579322,33.878432124126874,0.2,autoscale-python-pi,1193,server_0,1683514918848
2026-07-07 18:18:40.579390,33.9670670869668,0.2,autoscale-python-pi,1194,server_0,1683514605056
2026-07-07 18:18:40.579428,33.97225414701051,0.2,autoscale-python-pi,1195,server_0,1683514712912
2026-07-07 18:18:40.579741,34.03320605416476,0.2,autoscale-python-pi,1196,server_0,1683514715792
2026-07-07 18:18:40.579804,34.04807555450553,0.2,autoscale-python-pi,1197,server_0,1683514558624
2026-07-07 18:18:40.579841,34.05292210757908,0.2,autoscale-python-pi,1198,server_0,1683514562272
2026-07-07 18:18:40.579876,34.07109347618862,0.2,autoscale-python-pi,1199,server_0,1683514322544
2026-07-07 18:18:40.579914,34.07202732840678,0.2,autoscale-python-pi,1200,server_0,1683514916944
2026-07-07 18:18:40.579967,34.09624503193133,0.2,autoscale-python-pi,1201,server_0,1683514918848
2026-07-07 18:18:40.580005,34.10827261269943,0.2,autoscale-python-pi,1202,server_0,1683514605056
2026-07-07 18:18:40.580042,34.11656829214022,0.2,autoscale-python-pi,1203,server_0,1683514712912
2026-07-07 18:18:40.580077,34.119671654808684,0.2,autoscale-python-pi,1204,server_0,1683514715792
2026-07-07 18:18:40.580114,34.12941790811092,0.2,autoscale-python-pi,1205,server_0,1683514558624
2026-07-07 18:18:40.580151,34.14140728983154,0.2,autoscale-python-pi,1206,server_0,1683514562272
2026-07-07 18:18:40.580187,34.15099635237916,0.2,autoscale-python-pi,1207,server_0,1683514322544
2026-07-07 18:18:40.580258,34.17645219882186,0.2,autoscale-python-pi,1208,server_0,1683514916944
2026-07-07 18:18:40.580296,34.18677236771564,0.2,autoscale-python-pi,1209,server_0,1683514918848
2026-07-07 18:18:40.580330,34.18835747826683,0.2,autoscale-python-pi,1210,server_0,1683514605056
2026-07-07 18:18:40.580370,34.21004491749634,0.2,autoscale-python-pi,1211,server_0,1683514712912
2026-07-07 18:18:40.580405,34.21775757232974,0.2,autoscale-python-pi,1212,server_0,1683514715792
2026-07-07 18:18:40.580442,34.232624773786455,0.2,autoscale-python-pi,1213,server_0,1683514558624
2026-07-07 18:18:40.580553,34.27299267036454,0.2,autoscale-python-pi,1214,server_0,1683514562272
2026-07-07 18:18:40.580591,34.28282375398968,0.2,autoscale-python-pi,1215,server_0,1683514322544
2026-07-07 18:18:40.580626,34.28507281176904,0.2,autoscale-python-pi,1216,server_0,1683514916944
2026-07-07 18:18:40.580705,34.3181332876342,0.2,autoscale-python-pi,1217,server_0,1683514918848
2026-07-07 18:18:40.580760,34.32936865423858,0.2,autoscale-python-pi,1218,server_0,1683514605056
2026-07-07 18:18:40.580848,34.35353655563233,0.2,autoscale-python-pi,1219,server_0,1683514712912
2026-07-07 18:18:40.580884,34.36394589561887,0.2,autoscale-python-pi,1220,server_0,1683514715792
2026-07-07 18:18:40.580997,34.42799340392063,0.2,autoscale-python-pi,1221,server_0,1683514558624
2026-07-07 18:18:40.581058,34.43574743880209,0.2,autoscale-python-pi,1222,server_0,1683514562272
2026-07-07 18:18:40.581114,34.473222579469905,0.2,autoscale-python-pi,1223,server_0,1683514322544
2026-07-07 18:18:40.581186,34.51566552136095,0.2,autoscale-python-pi,1224,server_0,1683514916944
2026-07-07 18:18:40.581261,34.53264151670769,0.2,autoscale-python-pi,1225,server_0,1683514918848
2026-07-07 18:18:40.581320,34.558442847044674,0.2,autoscale-python-pi,1226,server_0,1683514605056
2026-07-07 18:18:40.581372,34.566994307729395,0.2,autoscale-python-pi,1227,server_0,1683514712912
2026-07-07 18:18:40.581408,34.57895139109942,0.2,autoscale-python-pi,1228,server_0,1683514715792
2026-07-07 18:18:40.581445,34.61675582960594,0.2,autoscale-python-pi,1229,server_0,1683514558624
2026-07-07 18:18:40.581484,34.6235949228594,0.2,autoscale-python-pi,1230,server_0,1683514562272
2026-07-07 18:18:40.581536,34.62835211477978,0.2,autoscale-python-pi,1231,server_0,1683514322544
2026-07-07 18:18:40.581636,34.74937125811343,0.2,autoscale-python-pi,1232,server_0,1683514916944
2026-07-07 18:18:40.581769,34.783314369184176,0.2,autoscale-python-pi,1233,server_0,1683514918848
2026-07-07 18:18:40.581810,34.80446248702714,0.2,autoscale-python-pi,1234,server_0,1683514605056
2026-07-07 18:18:40.581870,34.81695097941214,0.2,autoscale-python-pi,1235,server_0,1683514712912
2026-07-07 18:18:40.581937,34.828735305733176,0.2,autoscale-python-pi,1236,server_0,1683514715792
2026-07-07 18:18:40.581974,34.854523583202315,0.2,autoscale-python-pi,1237,server_0,1683514558624
2026-07-07 18:18:40.582009,34.861191336442424,0.2,autoscale-python-pi,1238,server_0,1683514562272
2026-07-07 18:18:40.582045,34.86208204404172,0.2,autoscale-python-pi,1239,server_0,1683514322544
2026-07-07 18:18:40.582080,34.866037031863016,0.2,autoscale-python-pi,1240,server_0,1683514916944
2026-07-07 18:18:40.582124,34.87111405546524,0.2,autoscale-python-pi,1241,server_0,1683514918848
2026-07-07 18:18:40.582162,34.906649902808226,0.2,autoscale-python-pi,1242,server_0,1683514605056
2026-07-07 18:18:40.582199,34.911676785073304,0.2,autoscale-python-pi,1243,server_0,1683514712912
2026-07-07 18:18:40.582238,34.91314550114584,0.2,autoscale-python-pi,1244,server_0,1683514715792
2026-07-07 18:18:40.582274,34.924068459352085,0.2,autoscale-python-pi,1245,server_0,1683514558624
2026-07-07 18:18:40.582326,34.9695787030366,0.2,autoscale-python-pi,1246,server_0,1683514562272
2026-07-07 18:18:40.582370,34.98272377084593,0.2,autoscale-python-pi,1247,server_0,1683514322544
2026-07-07 18:18:40.582434,34.99281198041566,0.2,autoscale-python-pi,1248,server_0,1683514916944
2026-07-07 18:18:40.582743,35.02118120295037,0.2,autoscale-python-pi,1249,server_0,1683514918848
2026-07-07 18:18:40.582819,35.06027357377047,0.2,autoscale-python-pi,1250,server_0,1683514605056
2026-07-07 18:18:40.583007,35.085946889326564,0.2,autoscale-python-pi,1251,server_0,1683514712912
2026-07-07 18:18:40.583051,35.105741007199924,0.2,autoscale-python-pi,1252,server_0,1683514715792
2026-07-07 18:18:40.583184,35.11685965559793,0.2,autoscale-python-pi,1253,server_0,1683514558624
2026-07-07 18:18:40.583230,35.11699478599953,0.2,autoscale-python-pi,1254,server_0,1683514562272
2026-07-07 18:18:40.583264,35.11744078625534,0.2,autoscale-python-pi,1255,server_0,1683514322544
2026-07-07 18:18:40.583317,35.152948095665955,0.2,autoscale-python-pi,1256,server_0,1683514916944
2026-07-07 18:18:40.583390,35.20700878027541,0.2,autoscale-python-pi,1257,server_0,1683514918848
2026-07-07 18:18:40.583491,35.30402206729857,0.2,autoscale-python-pi,1258,server_0,1683514605056
2026-07-07 18:18:40.583601,35.31355922051464,0.2,autoscale-python-pi,1259,server_0,1683514712912
2026-07-07 18:18:40.583705,35.344524064549184,0.2,autoscale-python-pi,1260,server_0,1683514715792
2026-07-07 18:18:40.583756,35.35785581332036,0.2,autoscale-python-pi,1261,server_0,1683514558624
2026-07-07 18:18:40.583785,35.39888688296715,0.2,autoscale-python-pi,1262,server_0,1683514562272
2026-07-07 18:18:40.583826,35.41087075203339,0.2,autoscale-python-pi,1263,server_0,1683514322544
2026-07-07 18:18:40.583848,35.45761407694149,0.2,autoscale-python-pi,1264,server_0,1683514916944
2026-07-07 18:18:40.583875,35.47754099537656,0.2,autoscale-python-pi,1265,server_0,1683514918848
2026-07-07 18:18:40.583900,35.49892287853592,0.2,autoscale-python-pi,1266,server_0,1683514605056
2026-07-07 18:18:40.583962,35.523669137617205,0.2,autoscale-python-pi,1267,server_0,1683514712912
2026-07-07 18:18:40.583995,35.52444285189256,0.2,autoscale-python-pi,1268,server_0,1683514715792
2026-07-07 18:18:40.584040,35.54391031258516,0.2,autoscale-python-pi,1269,server_0,1683514558624
2026-07-07 18:18:40.584137,35.55343366059232,0.2,autoscale-python-pi,1270,server_0,1683514562272
2026-07-07 18:18:40.584258,35.565510820242594,0.2,autoscale-python-pi,1271,server_0,1683514322544
2026-07-07 18:18:40.584338,35.5805797022367,0.2,autoscale-python-pi,1272,server_0,1683514916944
2026-07-07 18:18:40.584388,35.58739012463577,0.2,autoscale-python-pi,1273,server_0,1683514918848
2026-07-07 18:18:40.584428,35.59488598670859,0.2,autoscale-python-pi,1274,server_0,1683514605056
2026-07-07 18:18:40.584504,35.61521108452081,0.2,autoscale-python-pi,1275,server_0,1683514712912
2026-07-07 18:18:40.584541,35.6251419034046,0.2,autoscale-python-pi,1276,server_0,1683514715792
2026-07-07 18:18:40.584585,35.626465605519506,0.2,autoscale-python-pi,1277,server_0,1683514558624
2026-07-07 18:18:40.584644,35.66101864805846,0.2,autoscale-python-pi,1278,server_0,1683514562272
2026-07-07 18:18:40.584688,35.667332182722156,0.2,autoscale-python-pi,1279,server_0,1683514322544
2026-07-07 18:18:40.584768,35.68523490370412,0.2,autoscale-python-pi,1280,server_0,1683514916944
2026-07-07 18:18:40.584829,35.68704451420074,0.2,autoscale-python-pi,1281,server_0,1683514918848
2026-07-07 18:18:40.584901,35.68741920815628,0.2,autoscale-python-pi,1282,server_0,1683514605056
2026-07-07 18:18:40.585146,35.72560497492879,0.2,autoscale-python-pi,1283,server_0,1683514712912
2026-07-07 18:18:40.585281,35.77050875647915,0.2,autoscale-python-pi,1284,server_0,1683514715792
2026-07-07 18:18:40.585410,35.79160305428526,0.2,autoscale-python-pi,1285,server_0,1683514558624
2026-07-07 18:18:40.585501,35.812030406800396,0.2,autoscale-python-pi,1286,server_0,1683514562272
2026-07-07 18:18:40.585733,35.83052235199654,0.2,autoscale-python-pi,1287,server_0,1683514322544
2026-07-07 18:18:40.586238,35.891116928370046,0.2,autoscale-python-pi,1288,server_0,1683514916944
2026-07-07 18:18:40.586339,35.938033324629295,0.2,autoscale-python-pi,1289,server_0,1683514918848
2026-07-07 18:18:40.586384,35.963511614954875,0.2,autoscale-python-pi,1290,server_0,1683514605056
2026-07-07 18:18:40.586799,36.01445418456481,0.2,autoscale-python-pi,1291,server_0,1683514712912
2026-07-07 18:18:40.586877,36.03444461138601,0.2,autoscale-python-pi,1292,server_0,1683514715792
2026-07-07 18:18:40.586954,36.05830246306024,0.2,autoscale-python-pi,1293,server_0,1683514558624
2026-07-07 18:18:40.587016,36.08980273512865,0.2,autoscale-python-pi,1294,server_0,1683514562272
2026-07-07 18:18:40.587105,36.15230413641883,0.2,autoscale-python-pi,1295,server_0,1683514322544
2026-07-07 18:18:40.587203,36.181820231567976,0.2,autoscale-python-pi,1296,server_0,1683514916944
2026-07-07 18:18:40.587265,36.186136140928966,0.2,autoscale-python-pi,1297,server_0,1683514918848
2026-07-07 18:18:40.587318,36.20157238802798,0.2,autoscale-python-pi,1298,server_0,1683514605056
2026-07-07 18:18:40.587393,36.216829581590424,0.2,autoscale-python-pi,1299,server_0,1683514712912
2026-07-07 18:18:40.587448,36.21699097942923,0.2,autoscale-python-pi,1300,server_0,1683514715792
2026-07-07 18:18:40.587495,36.21730816349922,0.2,autoscale-python-pi,1301,server_0,1683514558624
2026-07-07 18:18:40.587567,36.239000000022656,0.2,autoscale-python-pi,1302,server_0,1683514562272
2026-07-07 18:18:40.587701,36.26838147706244,0.2,autoscale-python-pi,1303,server_0,1683514322544
2026-07-07 18:18:40.587738,36.26871233586413,0.2,autoscale-python-pi,1304,server_0,1683514916944
2026-07-07 18:18:40.587782,36.29374728947702,0.2,autoscale-python-pi,1305,server_0,1683514918848
2026-07-07 18:18:40.587807,36.31901248075851,0.2,autoscale-python-pi,1306,server_0,1683514605056
2026-07-07 18:18:40.587830,36.324392550210185,0.2,autoscale-python-pi,1307,server_0,1683514712912
2026-07-07 18:18:40.587851,36.32765746395571,0.2,autoscale-python-pi,1308,server_0,1683514715792
2026-07-07 18:18:40.587890,36.37593118729154,0.2,autoscale-python-pi,1309,server_0,1683514558624
2026-07-07 18:18:40.587934,36.39925615931281,0.2,autoscale-python-pi,1310,server_0,1683514562272
2026-07-07 18:18:40.587954,36.40046979922093,0.2,autoscale-python-pi,1311,server_0,1683514322544
2026-07-07 18:18:40.588014,36.42748675102619,0.2,autoscale-python-pi,1312,server_0,1683514916944
2026-07-07 18:18:40.588047,36.46271061725381,0.2,autoscale-python-pi,1313,server_0,1683514918848
2026-07-07 18:18:40.588088,36.478820117789155,0.2,autoscale-python-pi,1314,server_0,1683514605056
2026-07-07 18:18:40.588108,36.4836839963166,0.2,autoscale-python-pi,1315,server_0,1683514712912
2026-07-07 18:18:40.588138,36.49652980016633,0.2,autoscale-python-pi,1316,server_0,1683514715792
2026-07-07 18:18:40.588188,36.52940607723194,0.2,autoscale-python-pi,1317,server_0,1683514558624
2026-07-07 18:18:40.588221,36.5309568373658,0.2,autoscale-python-pi,1318,server_0,1683514562272
2026-07-07 18:18:40.588245,36.53808466589971,0.2,autoscale-python-pi,1319,server_0,1683514322544
2026-07-07 18:18:40.588267,36.56498114435501,0.2,autoscale-python-pi,1320,server_0,1683514916944
2026-07-07 18:18:40.588300,36.59663180514917,0.2,autoscale-python-pi,1321,server_0,1683514918848
2026-07-07 18:18:40.588346,36.60279878689542,0.2,autoscale-python-pi,1322,server_0,1683514605056
2026-07-07 18:18:40.588368,36.62354027705821,0.2,autoscale-python-pi,1323,server_0,1683514712912
2026-07-07 18:18:40.588390,36.62640061332729,0.2,autoscale-python-pi,1324,server_0,1683514715792
2026-07-07 18:18:40.588424,36.63850410697824,0.2,autoscale-python-pi,1325,server_0,1683514558624
2026-07-07 18:18:40.588482,36.710506672280225,0.2,autoscale-python-pi,1326,server_0,1683514562272
2026-07-07 18:18:40.588505,36.72151773130386,0.2,autoscale-python-pi,1327,server_0,1683514322544
2026-07-07 18:18:40.588539,36.730838492312046,0.2,autoscale-python-pi,1328,server_0,1683514916944
2026-07-07 18:18:40.588582,36.75366354203854,0.2,autoscale-python-pi,1329,server_0,1683514918848
2026-07-07 18:18:40.588612,36.78628055218679,0.2,autoscale-python-pi,1330,server_0,1683514605056
2026-07-07 18:18:40.588668,36.83340261429026,0.2,autoscale-python-pi,1331,server_0,1683514712912
2026-07-07 18:18:40.588689,36.83423332799323,0.2,autoscale-python-pi,1332,server_0,1683514715792
2026-07-07 18:18:40.588732,36.84624752332036,0.2,autoscale-python-pi,1333,server_0,1683514558624
2026-07-07 18:18:40.588823,36.97371480818869,0.2,autoscale-python-pi,1334,server_0,1683514562272
2026-07-07 18:18:40.588858,36.98281048734297,0.2,autoscale-python-pi,1335,server_0,1683514322544
2026-07-07 18:18:40.588913,36.986604715012604,0.2,autoscale-python-pi,1336,server_0,1683514916944
2026-07-07 18:18:40.589191,37.09259033702974,0.2,autoscale-python-pi,1337,server_0,1683514918848
2026-07-07 18:18:40.589228,37.105722895559964,0.2,autoscale-python-pi,1338,server_0,1683514605056
2026-07-07 18:18:40.589268,37.11786196950962,0.2,autoscale-python-pi,1339,server_0,1683514712912
2026-07-07 18:18:40.589393,37.14705254192803,0.2,autoscale-python-pi,1340,server_0,1683514715792
2026-07-07 18:18:40.589427,37.14842616066453,0.2,autoscale-python-pi,1341,server_0,1683514558624
2026-07-07 18:18:40.589492,37.18650353170159,0.2,autoscale-python-pi,1342,server_0,1683514562272
2026-07-07 18:18:40.589539,37.24145846056818,0.2,autoscale-python-pi,1343,server_0,1683514322544
2026-07-07 18:18:40.589570,37.25189803857767,0.2,autoscale-python-pi,1344,server_0,1683514916944
2026-07-07 18:18:40.589600,37.28326494792551,0.2,autoscale-python-pi,1345,server_0,1683514918848
2026-07-07 18:18:40.589650,37.297918163743496,0.2,autoscale-python-pi,1346,server_0,1683514605056
2026-07-07 18:18:40.589696,37.31535298297334,0.2,autoscale-python-pi,1347,server_0,1683514712912
2026-07-07 18:18:40.589770,37.36888211124535,0.2,autoscale-python-pi,1348,server_0,1683514715792
2026-07-07 18:18:40.589810,37.38161551147896,0.2,autoscale-python-pi,1349,server_0,1683514558624
2026-07-07 18:18:40.589863,37.41593835894764,0.2,autoscale-python-pi,1350,server_0,1683514562272
2026-07-07 18:18:40.589895,37.4295408865166,0.2,autoscale-python-pi,1351,server_0,1683514322544
2026-07-07 18:18:40.589958,37.45967567069643,0.2,autoscale-python-pi,1352,server_0,1683514916944
2026-07-07 18:18:40.589991,37.48478679212875,0.2,autoscale-python-pi,1353,server_0,1683514918848
2026-07-07 18:18:40.590016,37.487981159166914,0.2,autoscale-python-pi,1354,server_0,1683514605056
2026-07-07 18:18:40.590047,37.5052194079602,0.2,autoscale-python-pi,1355,server_0,1683514712912
2026-07-07 18:18:40.590080,37.52102428823193,0.2,autoscale-python-pi,1356,server_0,1683514715792
2026-07-07 18:18:40.590116,37.52688798798802,0.2,autoscale-python-pi,1357,server_0,1683514558624
2026-07-07 18:18:40.590146,37.5442047209848,0.2,autoscale-python-pi,1358,server_0,1683514562272
2026-07-07 18:18:40.590218,37.621135838969494,0.2,autoscale-python-pi,1359,server_0,1683514322544
2026-07-07 18:18:40.590319,37.74069069127056,0.2,autoscale-python-pi,1360,server_0,1683514916944
2026-07-07 18:18:40.590364,37.77917750203176,0.2,autoscale-python-pi,1361,server_0,1683514918848
2026-07-07 18:18:40.590401,37.78936806102705,0.2,autoscale-python-pi,1362,server_0,1683514605056
2026-07-07 18:18:40.590448,37.82767304395822,0.2,autoscale-python-pi,1363,server_0,1683514712912
2026-07-07 18:18:40.590485,37.886460636539326,0.2,autoscale-python-pi,1364,server_0,1683514715792
2026-07-07 18:18:40.590508,37.917372251924625,0.2,autoscale-python-pi,1365,server_0,1683514558624
2026-07-07 18:18:40.590528,37.91922830474455,0.2,autoscale-python-pi,1366,server_0,1683514562272
2026-07-07 18:18:40.590558,37.92722107842273,0.2,autoscale-python-pi,1367,server_0,1683514322544
2026-07-07 18:18:40.590593,37.9419376404498,0.2,autoscale-python-pi,1368,server_0,1683514916944
2026-07-07 18:18:40.590623,37.96525773340875,0.2,autoscale-python-pi,1369,server_0,1683514918848
2026-07-07 18:18:40.590807,38.00371977959987,0.2,autoscale-python-pi,1370,server_0,1683514605056
2026-07-07 18:18:40.590830,38.005936743999385,0.2,autoscale-python-pi,1371,server_0,1683514712912
2026-07-07 18:18:40.590865,38.0406160455255,0.2,autoscale-python-pi,1372,server_0,1683514715792
2026-07-07 18:18:40.590888,38.06383116574342,0.2,autoscale-python-pi,1373,server_0,1683514558624
2026-07-07 18:18:40.590919,38.11621230784112,0.2,autoscale-python-pi,1374,server_0,1683514562272
2026-07-07 18:18:40.590985,38.166911966333544,0.2,autoscale-python-pi,1375,server_0,1683514322544
2026-07-07 18:18:40.591007,38.20251205100023,0.2,autoscale-python-pi,1376,server_0,1683514916944
2026-07-07 18:18:40.591049,38.21886981532148,0.2,autoscale-python-pi,1377,server_0,1683514918848
2026-07-07 18:18:40.591075,38.21955417383061,0.2,autoscale-python-pi,1378,server_0,1683514605056
2026-07-07 18:18:40.591113,38.24429124890112,0.2,autoscale-python-pi,1379,server_0,1683514712912
2026-07-07 18:18:40.591153,38.278507874370185,0.2,autoscale-python-pi,1380,server_0,1683514715792
2026-07-07 18:18:40.591173,38.298893842474385,0.2,autoscale-python-pi,1381,server_0,1683514558624
2026-07-07 18:18:40.591205,38.32188716705088,0.2,autoscale-python-pi,1382,server_0,1683514562272
2026-07-07 18:18:40.591238,38.39675397261885,0.2,autoscale-python-pi,1383,server_0,1683514322544
2026-07-07 18:18:40.591316,38.47740917066808,0.2,autoscale-python-pi,1384,server_0,1683514916944
2026-07-07 18:18:40.591364,38.51995297453284,0.2,autoscale-python-pi,1385,server_0,1683514918848
2026-07-07 18:18:40.591399,38.58407512123154,0.2,autoscale-python-pi,1386,server_0,1683514605056
2026-07-07 18:18:40.591437,38.59381099170387,0.2,autoscale-python-pi,1387,server_0,1683514712912
2026-07-07 18:18:40.591462,38.594512536689706,0.2,autoscale-python-pi,1388,server_0,1683514715792
2026-07-07 18:18:40.591499,38.63811795025893,0.2,autoscale-python-pi,1389,server_0,1683514558624
2026-07-07 18:18:40.591521,38.67706585045639,0.2,autoscale-python-pi,1390,server_0,1683514562272
2026-07-07 18:18:40.591559,38.679330037361424,0.2,autoscale-python-pi,1391,server_0,1683514322544
2026-07-07 18:18:40.591586,38.6828063722499,0.2,autoscale-python-pi,1392,server_0,1683514916944
2026-07-07 18:18:40.591611,38.70490728943437,0.2,autoscale-python-pi,1393,server_0,1683514918848
2026-07-07 18:18:40.591644,38.728826658398816,0.2,autoscale-python-pi,1394,server_0,1683514605056
2026-07-07 18:18:40.591670,38.73065243370514,0.2,autoscale-python-pi,1395,server_0,1683514712912
2026-07-07 18:18:40.591692,38.766067805791586,0.2,autoscale-python-pi,1396,server_0,1683514715792
2026-07-07 18:18:40.591738,38.77035709275371,0.2,autoscale-python-pi,1397,server_0,1683514558624
2026-07-07 18:18:40.591823,38.79697300391959,0.2,autoscale-python-pi,1398,server_0,1683514562272
2026-07-07 18:18:40.591847,38.802878728930104,0.2,autoscale-python-pi,1399,server_0,1683514322544
2026-07-07 18:18:40.591868,38.81583568287858,0.2,autoscale-python-pi,1400,server_0,1683514916944
2026-07-07 18:18:40.591893,38.829331466669636,0.2,autoscale-python-pi,1401,server_0,1683514918848
2026-07-07 18:18:40.591918,38.83350942120689,0.2,autoscale-python-pi,1402,server_0,1683514605056
2026-07-07 18:18:40.591955,38.853924743734765,0.2,autoscale-python-pi,1403,server_0,1683514712912
2026-07-07 18:18:40.591983,38.864589724419986,0.2,autoscale-python-pi,1404,server_0,1683514715792
2026-07-07 18:18:40.592041,38.880856418051415,0.2,autoscale-python-pi,1405,server_0,1683514558624
2026-07-07 18:18:40.592080,38.90151365017433,0.2,autoscale-python-pi,1406,server_0,1683514562272
2026-07-07 18:18:40.592146,38.930681053599834,0.2,autoscale-python-pi,1407,server_0,1683514322544
2026-07-07 18:18:40.592175,38.937594816868526,0.2,autoscale-python-pi,1408,server_0,1683514916944
2026-07-07 18:18:40.592200,38.95165547656978,0.2,autoscale-python-pi,1409,server_0,1683514918848
2026-07-07 18:18:40.592253,38.97653609587616,0.2,autoscale-python-pi,1410,server_0,1683514605056
2026-07-07 18:18:40.592482,39.0025251722389,0.2,autoscale-python-pi,1411,server_0,1683514712912
2026-07-07 18:18:40.592533,39.02655000465722,0.2,autoscale-python-pi,1412,server_0,1683514715792
2026-07-07 18:18:40.592599,39.076240134434805,0.2,autoscale-python-pi,1413,server_0,1683514558624
2026-07-07 18:18:40.592637,39.07729928365974,0.2,autoscale-python-pi,1414,server_0,1683514562272
2026-07-07 18:18:40.592680,39.102140788466635,0.2,autoscale-python-pi,1415,server_0,1683514322544
2026-07-07 18:18:40.592703,39.102244815741706,0.2,autoscale-python-pi,1416,server_0,1683514916944
2026-07-07 18:18:40.592727,39.11630177068984,0.2,autoscale-python-pi,1417,server_0,1683514918848
2026-07-07 18:18:40.592765,39.12432767306507,0.2,autoscale-python-pi,1418,server_0,1683514605056
2026-07-07 18:18:40.592804,39.13099601504459,0.2,autoscale-python-pi,1419,server_0,1683514712912
2026-07-07 18:18:40.592842,39.14518526414097,0.2,autoscale-python-pi,1420,server_0,1683514715792
2026-07-07 18:18:40.592899,39.22468806638587,0.2,autoscale-python-pi,1421,server_0,1683514558624
2026-07-07 18:18:40.592957,39.23206569021068,0.2,autoscale-python-pi,1422,server_0,1683514562272
2026-07-07 18:18:40.592992,39.24847310599098,0.2,autoscale-python-pi,1423,server_0,1683514322544
2026-07-07 18:18:40.593023,39.27003411225502,0.2,autoscale-python-pi,1424,server_0,1683514916944
2026-07-07 18:18:40.593091,39.29934792333952,0.2,autoscale-python-pi,1425,server_0,1683514918848
2026-07-07 18:18:40.593157,39.30512358905367,0.2,autoscale-python-pi,1426,server_0,1683514605056
2026-07-07 18:18:40.593221,39.326814682893044,0.2,autoscale-python-pi,1427,server_0,1683514712912
2026-07-07 18:18:40.593295,39.37351729249309,0.2,autoscale-python-pi,1428,server_0,1683514715792
2026-07-07 18:18:40.593331,39.38491287384778,0.2,autoscale-python-pi,1429,server_0,1683514558624
2026-07-07 18:18:40.593407,39.44999149571978,0.2,autoscale-python-pi,1430,server_0,1683514562272
2026-07-07 18:18:40.593439,39.45920562391159,0.2,autoscale-python-pi,1431,server_0,1683514322544
2026-07-07 18:18:40.593503,39.50173260456455,0.2,autoscale-python-pi,1432,server_0,1683514916944
2026-07-07 18:18:40.593571,39.53730846709228,0.2,autoscale-python-pi,1433,server_0,1683514918848
2026-07-07 18:18:40.593618,39.578122674502296,0.2,autoscale-python-pi,1434,server_0,1683514605056
2026-07-07 18:18:40.593669,39.58733723565846,0.2,autoscale-python-pi,1435,server_0,1683514712912
2026-07-07 18:18:40.593701,39.611477784178376,0.2,autoscale-python-pi,1436,server_0,1683514715792
2026-07-07 18:18:40.593781,39.695604436643016,0.2,autoscale-python-pi,1437,server_0,1683514558624
2026-07-07 18:18:40.593832,39.70250417686405,0.2,autoscale-python-pi,1438,server_0,1683514562272
2026-07-07 18:18:40.593868,39.71014746002332,0.2,autoscale-python-pi,1439,server_0,1683514322544
2026-07-07 18:18:40.593909,39.72950533863426,0.2,autoscale-python-pi,1440,server_0,1683514916944
2026-07-07 18:18:40.593981,39.78722767537151,0.2,autoscale-python-pi,1441,server_0,1683514918848
2026-07-07 18:18:40.594036,39.795580493761335,0.2,autoscale-python-pi,1442,server_0,1683514605056
2026-07-07 18:18:40.594105,39.85982762319849,0.2,autoscale-python-pi,1443,server_0,1683514712912
2026-07-07 18:18:40.594140,39.877813235437785,0.2,autoscale-python-pi,1444,server_0,1683514715792
2026-07-07 18:18:40.594201,39.8958439546432,0.2,autoscale-python-pi,1445,server_0,1683514558624
2026-07-07 18:18:40.594237,39.90425590326647,0.2,autoscale-python-pi,1446,server_0,1683514562272
2026-07-07 18:18:40.594288,39.954782156422525,0.2,autoscale-python-pi,1447,server_0,1683514322544
2026-07-07 18:18:40.594320,39.957834527496786,0.2,autoscale-python-pi,1448,server_0,1683514916944
2026-07-07 18:18:40.594346,39.974570393379146,0.2,autoscale-python-pi,1449,server_0,1683514918848
2026-07-07 18:18:40.594383,39.977361239528186,0.2,autoscale-python-pi,1450,server_0,1683514605056
2026-07-07 18:18:40.594410,39.9788493573226,0.2,autoscale-python-pi,1451,server_0,1683514712912
2026-07-07 18:18:40.594719,40.04474927746735,0.2,autoscale-python-pi,1452,server_0,1683514715792
2026-07-07 18:18:40.594774,40.083987978923524,0.2,autoscale-python-pi,1453,server_0,1683514558624
2026-07-07 18:18:40.594819,40.096984568142105,0.2,autoscale-python-pi,1454,server_0,1683514562272
2026-07-07 18:18:40.594868,40.11806862710081,0.2,autoscale-python-pi,1455,server_0,1683514322544
2026-07-07 18:18:40.594918,40.1275013204957,0.2,autoscale-python-pi,1456,server_0,1683514916944
2026-07-07 18:18:40.594979,40.16332175305161,0.2,autoscale-python-pi,1457,server_0,1683514918848
2026-07-07 18:18:40.595050,40.18205174038578,0.2,autoscale-python-pi,1458,server_0,1683514605056
2026-07-07 18:18:40.595078,40.18844923598067,0.2,autoscale-python-pi,1459,server_0,1683514712912
2026-07-07 18:18:40.595112,40.22320673182524,0.2,autoscale-python-pi,1460,server_0,1683514715792
2026-07-07 18:18:40.595159,40.26268777051098,0.2,autoscale-python-pi,1461,server_0,1683514558624
2026-07-07 18:18:40.595188,40.2634927948989,0.2,autoscale-python-pi,1462,server_0,1683514562272
2026-07-07 18:18:40.595297,40.32589211429389,0.2,autoscale-python-pi,1463,server_0,1683514322544
2026-07-07 18:18:40.595437,40.46187210284723,0.2,autoscale-python-pi,1464,server_0,1683514916944
2026-07-07 18:18:40.595488,40.46503836209857,0.2,autoscale-python-pi,1465,server_0,1683514918848
2026-07-07 18:18:40.595523,40.54080985002769,0.2,autoscale-python-pi,1466,server_0,1683514605056
2026-07-07 18:18:40.595546,40.56834627197523,0.2,autoscale-python-pi,1467,server_0,1683514712912
2026-07-07 18:18:40.595572,40.58174583605732,0.2,autoscale-python-pi,1468,server_0,1683514715792
2026-07-07 18:18:40.595596,40.610760728597946,0.2,autoscale-python-pi,1469,server_0,1683514558624
2026-07-07 18:18:40.595619,40.617024463390116,0.2,autoscale-python-pi,1470,server_0,1683514562272
2026-07-07 18:18:40.595673,40.71554267248658,0.2,autoscale-python-pi,1471,server_0,1683514322544
2026-07-07 18:18:40.595708,40.744732766434105,0.2,autoscale-python-pi,1472,server_0,1683514916944
2026-07-07 18:18:40.595736,40.76621073835659,0.2,autoscale-python-pi,1473,server_0,1683514918848
2026-07-07 18:18:40.595781,40.80717818076466,0.2,autoscale-python-pi,1474,server_0,1683514605056
2026-07-07 18:18:40.595827,40.83381012971685,0.2,autoscale-python-pi,1475,server_0,1683514712912
2026-07-07 18:18:40.595855,40.84458021616447,0.2,autoscale-python-pi,1476,server_0,1683514715792
2026-07-07 18:18:40.595877,40.84615462334185,0.2,autoscale-python-pi,1477,server_0,1683514558624
2026-07-07 18:18:40.595899,40.874403618145294,0.2,autoscale-python-pi,1478,server_0,1683514562272
2026-07-07 18:18:40.595927,40.88033410508677,0.2,autoscale-python-pi,1479,server_0,1683514322544
2026-07-07 18:18:40.595955,40.913230578720324,0.2,autoscale-python-pi,1480,server_0,1683514916944
2026-07-07 18:18:40.596009,40.97158093676913,0.2,autoscale-python-pi,1481,server_0,1683514918848
2026-07-07 18:18:40.596031,40.97283528544323,0.2,autoscale-python-pi,1482,server_0,1683514605056
2026-07-07 18:18:40.596218,41.01355296402522,0.2,autoscale-python-pi,1483,server_0,1683514712912
2026-07-07 18:18:40.596276,41.052201393033414,0.2,autoscale-python-pi,1484,server_0,1683514715792
2026-07-07 18:18:40.596313,41.06419971563756,0.2,autoscale-python-pi,1485,server_0,1683514558624
2026-07-07 18:18:40.596374,41.13097741108036,0.2,autoscale-python-pi,1486,server_0,1683514562272
2026-07-07 18:18:40.596404,41.17269766726986,0.2,autoscale-python-pi,1487,server_0,1683514322544
2026-07-07 18:18:40.596441,41.20762494603904,0.2,autoscale-python-pi,1488,server_0,1683514916944
2026-07-07 18:18:40.596463,41.21213393091838,0.2,autoscale-python-pi,1489,server_0,1683514918848
2026-07-07 18:18:40.596493,41.21419566146214,0.2,autoscale-python-pi,1490,server_0,1683514605056
2026-07-07 18:18:40.596513,41.22254714475771,0.2,autoscale-python-pi,1491,server_0,1683514712912
2026-07-07 18:18:40.596570,41.35064731812672,0.2,autoscale-python-pi,1492,server_0,1683514715792
2026-07-07 18:18:40.596606,41.38878843621828,0.2,autoscale-python-pi,1493,server_0,1683514558624
2026-07-07 18:18:40.596626,41.40034971151881,0.2,autoscale-python-pi,1494,server_0,1683514562272
2026-07-07 18:18:40.596681,41.43449312790532,0.2,autoscale-python-pi,1495,server_0,1683514322544
2026-07-07 18:18:40.596704,41.454605396128535,0.2,autoscale-python-pi,1496,server_0,1683514916944
2026-07-07 18:18:40.596725,41.517061663231274,0.2,autoscale-python-pi,1497,server_0,1683514918848
2026-07-07 18:18:40.596745,41.52432029032245,0.2,autoscale-python-pi,1498,server_0,1683514605056
2026-07-07 18:18:40.596769,41.52682115146356,0.2,autoscale-python-pi,1499,server_0,1683514712912
2026-07-07 18:18:40.596793,41.53681955009449,0.2,autoscale-python-pi,1500,server_0,1683514715792
2026-07-07 18:18:40.596817,41.54391935598081,0.2,autoscale-python-pi,1501,server_0,1683514558624
2026-07-07 18:18:40.596864,41.58938845809833,0.2,autoscale-python-pi,1502,server_0,1683514562272
2026-07-07 18:18:40.596917,41.665477084843054,0.2,autoscale-python-pi,1503,server_0,1683514322544
2026-07-07 18:18:40.596941,41.704796502448445,0.2,autoscale-python-pi,1504,server_0,1683514916944
2026-07-07 18:18:40.596981,41.709432496218305,0.2,autoscale-python-pi,1505,server_0,1683514918848
2026-07-07 18:18:40.597009,41.71354683129735,0.2,autoscale-python-pi,1506,server_0,1683514605056
2026-07-07 18:18:40.597073,41.730696837867974,0.2,autoscale-python-pi,1507,server_0,1683514712912
2026-07-07 18:18:40.597125,41.82220307024743,0.2,autoscale-python-pi,1508,server_0,1683514715792
2026-07-07 18:18:40.597149,41.835744038483064,0.2,autoscale-python-pi,1509,server_0,1683514558624
2026-07-07 18:18:40.597176,41.85474594251477,0.2,autoscale-python-pi,1510,server_0,1683514562272
2026-07-07 18:18:40.597208,41.88460977943939,0.2,autoscale-python-pi,1511,server_0,1683514322544
2026-07-07 18:18:40.597229,41.886561103557874,0.2,autoscale-python-pi,1512,server_0,1683514916944
2026-07-07 18:18:40.597255,41.887640733841515,0.2,autoscale-python-pi,1513,server_0,1683514918848
2026-07-07 18:18:40.597289,41.89336272056258,0.2,autoscale-python-pi,1514,server_0,1683514605056
2026-07-07 18:18:40.597321,41.89588119389182,0.2,autoscale-python-pi,1515,server_0,1683514712912
2026-07-07 18:18:40.597362,41.90926838558643,0.2,autoscale-python-pi,1516,server_0,1683514715792
2026-07-07 18:18:40.597402,41.91321784551421,0.2,autoscale-python-pi,1517,server_0,1683514558624
2026-07-07 18:18:40.597461,41.98295974613608,0.2,autoscale-python-pi,1518,server_0,1683514562272
2026-07-07 18:18:40.597707,42.0046619600224,0.2,autoscale-python-pi,1519,server_0,1683514322544
2026-07-07 18:18:40.597785,42.03106380431349,0.2,autoscale-python-pi,1520,server_0,1683514916944
2026-07-07 18:18:40.597857,42.06643485167,0.2,autoscale-python-pi,1521,server_0,1683514918848
2026-07-07 18:18:40.598025,42.12904965285407,0.2,autoscale-python-pi,1522,server_0,1683514605056
2026-07-07 18:18:40.598054,42.15440219955991,0.2,autoscale-python-pi,1523,server_0,1683514712912
2026-07-07 18:18:40.598081,42.17527694109581,0.2,autoscale-python-pi,1524,server_0,1683514715792
2026-07-07 18:18:40.598123,42.1935891317712,0.2,autoscale-python-pi,1525,server_0,1683514558624
2026-07-07 18:18:40.598146,42.1945194903222,0.2,autoscale-python-pi,1526,server_0,1683514562272
2026-07-07 18:18:40.598188,42.236216936521416,0.2,autoscale-python-pi,1527,server_0,1683514322544
2026-07-07 18:18:40.598211,42.24267639350842,0.2,autoscale-python-pi,1528,server_0,1683514916944
2026-07-07 18:18:40.598233,42.25308558879286,0.2,autoscale-python-pi,1529,server_0,1683514918848
2026-07-07 18:18:40.598268,42.27226424031855,0.2,autoscale-python-pi,1530,server_0,1683514605056
2026-07-07 18:18:40.598325,42.31773311749772,0.2,autoscale-python-pi,1531,server_0,1683514712912
2026-07-07 18:18:40.598509,42.379210307212915,0.2,autoscale-python-pi,1532,server_0,1683514715792
2026-07-07 18:18:40.598548,42.38517794136423,0.2,autoscale-python-pi,1533,server_0,1683514558624
2026-07-07 18:18:40.598611,42.42202080189906,0.2,autoscale-python-pi,1534,server_0,1683514562272
2026-07-07 18:18:40.598682,42.46010039598487,0.2,autoscale-python-pi,1535,server_0,1683514322544
2026-07-07 18:18:40.598719,42.5078102087848,0.2,autoscale-python-pi,1536,server_0,1683514916944
2026-07-07 18:18:40.598742,42.51561152464367,0.2,autoscale-python-pi,1537,server_0,1683514918848
2026-07-07 18:18:40.598773,42.51903550442937,0.2,autoscale-python-pi,1538,server_0,1683514605056
2026-07-07 18:18:40.598798,42.52497371457251,0.2,autoscale-python-pi,1539,server_0,1683514712912
2026-07-07 18:18:40.598832,42.563261245486,0.2,autoscale-python-pi,1540,server_0,1683514715792
2026-07-07 18:18:40.598870,42.568463838055955,0.2,autoscale-python-pi,1541,server_0,1683514558624
2026-07-07 18:18:40.598900,42.571021052112116,0.2,autoscale-python-pi,1542,server_0,1683514562272
2026-07-07 18:18:40.598975,42.63318813746927,0.2,autoscale-python-pi,1543,server_0,1683514322544
2026-07-07 18:18:40.599001,42.64234601928864,0.2,autoscale-python-pi,1544,server_0,1683514916944
2026-07-07 18:18:40.599021,42.64966712137153,0.2,autoscale-python-pi,1545,server_0,1683514918848
2026-07-07 18:18:40.599071,42.71864127077123,0.2,autoscale-python-pi,1546,server_0,1683514605056
2026-07-07 18:18:40.599113,42.736223939356385,0.2,autoscale-python-pi,1547,server_0,1683514712912
2026-07-07 18:18:40.599134,42.739771428767696,0.2,autoscale-python-pi,1548,server_0,1683514715792
2026-07-07 18:18:40.599196,42.8018925793438,0.2,autoscale-python-pi,1549,server_0,1683514558624
2026-07-07 18:18:40.599248,42.848233085260766,0.2,autoscale-python-pi,1550,server_0,1683514562272
2026-07-07 18:18:40.599302,42.867213795534624,0.2,autoscale-python-pi,1551,server_0,1683514322544
2026-07-07 18:18:40.599333,42.87050010480473,0.2,autoscale-python-pi,1552,server_0,1683514916944
2026-07-07 18:18:40.599359,42.89104202203316,0.2,autoscale-python-pi,1553,server_0,1683514918848
2026-07-07 18:18:40.599389,42.89894856917018,0.2,autoscale-python-pi,1554,server_0,1683514605056
2026-07-07 18:18:40.599415,42.908116302881595,0.2,autoscale-python-pi,1555,server_0,1683514712912
2026-07-07 18:18:40.599447,42.93064408807498,0.2,autoscale-python-pi,1556,server_0,1683514715792
2026-07-07 18:18:40.599479,42.937192898808824,0.2,autoscale-python-pi,1557,server_0,1683514558624
2026-07-07 18:18:40.599512,42.95015387224834,0.2,autoscale-python-pi,1558,server_0,1683514562272
2026-07-07 18:18:40.599534,42.97504241761727,0.2,autoscale-python-pi,1559,server_0,1683514322544
2026-07-07 18:18:40.599571,42.99024473573232,0.2,autoscale-python-pi,1560,server_0,1683514916944
2026-07-07 18:18:40.599815,43.04769722693596,0.2,autoscale-python-pi,1561,server_0,1683514918848
2026-07-07 18:18:40.599850,43.065360627008296,0.2,autoscale-python-pi,1562,server_0,1683514605056
2026-07-07 18:18:40.599898,43.098079632843714,0.2,autoscale-python-pi,1563,server_0,1683514712912
2026-07-07 18:18:40.599955,43.14378838618323,0.2,autoscale-python-pi,1564,server_0,1683514715792
2026-07-07 18:18:40.599978,43.149823532177614,0.2,autoscale-python-pi,1565,server_0,1683514558624
2026-07-07 18:18:40.600028,43.19106424972281,0.2,autoscale-python-pi,1566,server_0,1683514562272
2026-07-07 18:18:40.600048,43.232865428655245,0.2,autoscale-python-pi,1567,server_0,1683514322544
2026-07-07 18:18:40.600087,43.268552759382565,0.2,autoscale-python-pi,1568,server_0,1683514916944
2026-07-07 18:18:40.600112,43.27655550117177,0.2,autoscale-python-pi,1569,server_0,1683514918848
2026-07-07 18:18:40.600135,43.28056501843815,0.2,autoscale-python-pi,1570,server_0,1683514605056
2026-07-07 18:18:40.600163,43.28103652170789,0.2,autoscale-python-pi,1571,server_0,1683514712912
2026-07-07 18:18:40.600184,43.28659127919764,0.2,autoscale-python-pi,1572,server_0,1683514715792
2026-07-07 18:18:40.600210,43.29659411180579,0.2,autoscale-python-pi,1573,server_0,1683514558624
2026-07-07 18:18:40.600242,43.31758444574527,0.2,autoscale-python-pi,1574,server_0,1683514562272
2026-07-07 18:18:40.600301,43.354996129516955,0.2,autoscale-python-pi,1575,server_0,1683514322544
2026-07-07 18:18:40.600322,43.369176478801656,0.2,autoscale-python-pi,1576,server_0,1683514916944
2026-07-07 18:18:40.600362,43.4570216964907,0.2,autoscale-python-pi,1577,server_0,1683514918848
2026-07-07 18:18:40.600391,43.47015129167352,0.2,autoscale-python-pi,1578,server_0,1683514605056
2026-07-07 18:18:40.600411,43.472543668513445,0.2,autoscale-python-pi,1579,server_0,1683514712912
2026-07-07 18:18:40.600483,43.50097827469544,0.2,autoscale-python-pi,1580,server_0,1683514715792
2026-07-07 18:18:40.600520,43.53411537097025,0.2,autoscale-python-pi,1581,server_0,1683514558624
2026-07-07 18:18:40.600566,43.572464570243845,0.2,autoscale-python-pi,1582,server_0,1683514562272
2026-07-07 18:18:40.600588,43.575396646643625,0.2,autoscale-python-pi,1583,server_0,1683514322544
2026-07-07 18:18:40.600608,43.57673180330097,0.2,autoscale-python-pi,1584,server_0,1683514916944
2026-07-07 18:18:40.600629,43.58187261441918,0.2,autoscale-python-pi,1585,server_0,1683514918848
2026-07-07 18:18:40.600652,43.58615157949522,0.2,autoscale-python-pi,1586,server_0,1683514605056
2026-07-07 18:18:40.600674,43.588357877442974,0.2,autoscale-python-pi,1587,server_0,1683514712912
2026-07-07 18:18:40.600698,43.60709619412651,0.2,autoscale-python-pi,1588,server_0,1683514715792
2026-07-07 18:18:40.600750,43.69283756472609,0.2,autoscale-python-pi,1589,server_0,1683514558624
2026-07-07 18:18:40.600772,43.69854088778631,0.2,autoscale-python-pi,1590,server_0,1683514562272
2026-07-07 18:18:40.600810,43.712996752183464,0.2,autoscale-python-pi,1591,server_0,1683514322544
2026-07-07 18:18:40.600842,43.7348216924484,0.2,autoscale-python-pi,1592,server_0,1683514916944
2026-07-07 18:18:40.600862,43.74768467636108,0.2,autoscale-python-pi,1593,server_0,1683514918848
2026-07-07 18:18:40.600882,43.76102074479362,0.2,autoscale-python-pi,1594,server_0,1683514605056
2026-07-07 18:18:40.600930,43.780441301686345,0.2,autoscale-python-pi,1595,server_0,1683514712912
2026-07-07 18:18:40.600979,43.79762732142161,0.2,autoscale-python-pi,1596,server_0,1683514715792
2026-07-07 18:18:40.601011,43.80888733300213,0.2,autoscale-python-pi,1597,server_0,1683514558624
2026-07-07 18:18:40.601032,43.81029354751746,0.2,autoscale-python-pi,1598,server_0,1683514562272
2026-07-07 18:18:40.601052,43.82065599828657,0.2,autoscale-python-pi,1599,server_0,1683514322544
2026-07-07 18:18:40.601072,43.88952279344095,0.2,autoscale-python-pi,1600,server_0,1683514916944
2026-07-07 18:18:40.601122,43.913811630099985,0.2,autoscale-python-pi,1601,server_0,1683514918848
2026-07-07 18:18:40.601152,43.941992243386316,0.2,autoscale-python-pi,1602,server_0,1683514605056
2026-07-07 18:18:40.601200,43.98680881452712,0.2,autoscale-python-pi,1603,server_0,1683514712912
2026-07-07 18:18:40.601224,43.99335889666399,0.2,autoscale-python-pi,1604,server_0,1683514715792
2026-07-07 18:18:40.601420,44.07163755074125,0.2,autoscale-python-pi,1605,server_0,1683514558624
2026-07-07 18:18:40.601451,44.089601552727544,0.2,autoscale-python-pi,1606,server_0,1683514562272
2026-07-07 18:18:40.601473,44.09848538593938,0.2,autoscale-python-pi,1607,server_0,1683514322544
2026-07-07 18:18:40.601493,44.10705293760662,0.2,autoscale-python-pi,1608,server_0,1683514916944
2026-07-07 18:18:40.601517,44.107723450120496,0.2,autoscale-python-pi,1609,server_0,1683514918848
2026-07-07 18:18:40.601540,44.11186288415364,0.2,autoscale-python-pi,1610,server_0,1683514605056
2026-07-07 18:18:40.601571,44.125444542342194,0.2,autoscale-python-pi,1611,server_0,1683514712912
2026-07-07 18:18:40.601605,44.147092614243824,0.2,autoscale-python-pi,1612,server_0,1683514715792
2026-07-07 18:18:40.601626,44.16816966546754,0.2,autoscale-python-pi,1613,server_0,1683514558624
2026-07-07 18:18:40.601650,44.174034319652776,0.2,autoscale-python-pi,1614,server_0,1683514562272
2026-07-07 18:18:40.601695,44.206104707650226,0.2,autoscale-python-pi,1615,server_0,1683514322544
2026-07-07 18:18:40.601716,44.22705807982462,0.2,autoscale-python-pi,1616,server_0,1683514916944
2026-07-07 18:18:40.601735,44.25332502088835,0.2,autoscale-python-pi,1617,server_0,1683514918848
2026-07-07 18:18:40.601765,44.27745992058838,0.2,autoscale-python-pi,1618,server_0,1683514605056
2026-07-07 18:18:40.601794,44.296149186113055,0.2,autoscale-python-pi,1619,server_0,1683514712912
2026-07-07 18:18:40.601866,44.35012245589224,0.2,autoscale-python-pi,1620,server_0,1683514715792
2026-07-07 18:18:40.601888,44.35340668848324,0.2,autoscale-python-pi,1621,server_0,1683514558624
2026-07-07 18:18:40.601941,44.41492704003951,0.2,autoscale-python-pi,1622,server_0,1683514562272
2026-07-07 18:18:40.601970,44.4444174433391,0.2,autoscale-python-pi,1623,server_0,1683514322544
2026-07-07 18:18:40.602008,44.47803525662305,0.2,autoscale-python-pi,1624,server_0,1683514916944
2026-07-07 18:18:40.602031,44.489520153439784,0.2,autoscale-python-pi,1625,server_0,1683514918848
2026-07-07 18:18:40.602130,44.49767407450216,0.2,autoscale-python-pi,1626,server_0,1683514605056
2026-07-07 18:18:40.602153,44.504283804467775,0.2,autoscale-python-pi,1627,server_0,1683514712912
2026-07-07 18:18:40.602173,44.53910579688918,0.2,autoscale-python-pi,1628,server_0,1683514715792
2026-07-07 18:18:40.602233,44.65975750376087,0.2,autoscale-python-pi,1629,server_0,1683514558624
2026-07-07 18:18:40.602270,44.66378575929298,0.2,autoscale-python-pi,1630,server_0,1683514562272
2026-07-07 18:18:40.602344,44.725365755884255,0.2,autoscale-python-pi,1631,server_0,1683514322544
2026-07-07 18:18:40.602374,44.779260860382934,0.2,autoscale-python-pi,1632,server_0,1683514916944
2026-07-07 18:18:40.602399,44.77993306702703,0.2,autoscale-python-pi,1633,server_0,1683514918848
2026-07-07 18:18:40.602420,44.81536359793646,0.2,autoscale-python-pi,1634,server_0,1683514605056
2026-07-07 18:18:40.602440,44.8173403014918,0.2,autoscale-python-pi,1635,server_0,1683514712912
2026-07-07 18:18:40.602461,44.84101017788808,0.2,autoscale-python-pi,1636,server_0,1683514715792
2026-07-07 18:18:40.602480,44.84268736056174,0.2,autoscale-python-pi,1637,server_0,1683514558624
2026-07-07 18:18:40.602505,44.84581214619186,0.2,autoscale-python-pi,1638,server_0,1683514562272
2026-07-07 18:18:40.602525,44.852586772957245,0.2,autoscale-python-pi,1639,server_0,1683514322544
2026-07-07 18:18:40.602570,44.891913780190954,0.2,autoscale-python-pi,1640,server_0,1683514916944
2026-07-07 18:18:40.602615,44.91032974198471,0.2,autoscale-python-pi,1641,server_0,1683514918848
2026-07-07 18:18:40.602667,44.945089432516646,0.2,autoscale-python-pi,1642,server_0,1683514605056
2026-07-07 18:18:40.602705,44.96182348762111,0.2,autoscale-python-pi,1643,server_0,1683514712912
2026-07-07 18:18:40.602742,44.96224371134533,0.2,autoscale-python-pi,1644,server_0,1683514715792
2026-07-07 18:18:40.602779,44.972856052899175,0.2,autoscale-python-pi,1645,server_0,1683514558624
2026-07-07 18:18:40.602814,44.97665436678892,0.2,autoscale-python-pi,1646,server_0,1683514562272
2026-07-07 18:18:40.602890,44.99964142951777,0.2,autoscale-python-pi,1647,server_0,1683514322544
2026-07-07 18:18:40.603139,45.00415383024851,0.2,autoscale-python-pi,1648,server_0,1683514916944
2026-07-07 18:18:40.603180,45.01198723300043,0.2,autoscale-python-pi,1649,server_0,1683514918848
2026-07-07 18:18:40.603339,45.08019191740763,0.2,autoscale-python-pi,1650,server_0,1683514605056
2026-07-07 18:18:40.603422,45.15277489287382,0.2,autoscale-python-pi,1651,server_0,1683514712912
2026-07-07 18:18:40.603462,45.15317203132305,0.2,autoscale-python-pi,1652,server_0,1683514715792
2026-07-07 18:18:40.603527,45.169322528757874,0.2,autoscale-python-pi,1653,server_0,1683514558624
2026-07-07 18:18:40.603572,45.17612407748213,0.2,autoscale-python-pi,1654,server_0,1683514562272
2026-07-07 18:18:40.603627,45.1787369245718,0.2,autoscale-python-pi,1655,server_0,1683514322544
2026-07-07 18:18:40.603692,45.205150949547864,0.2,autoscale-python-pi,1656,server_0,1683514916944
2026-07-07 18:18:40.603746,45.23523626814989,0.2,autoscale-python-pi,1657,server_0,1683514918848
2026-07-07 18:18:40.603774,45.23733950320856,0.2,autoscale-python-pi,1658,server_0,1683514605056
2026-07-07 18:18:40.603794,45.24561297683679,0.2,autoscale-python-pi,1659,server_0,1683514712912
2026-07-07 18:18:40.603826,45.28258125294101,0.2,autoscale-python-pi,1660,server_0,1683514715792
2026-07-07 18:18:40.603848,45.2887041159747,0.2,autoscale-python-pi,1661,server_0,1683514558624
2026-07-07 18:18:40.603868,45.327493625677185,0.2,autoscale-python-pi,1662,server_0,1683514562272
2026-07-07 18:18:40.603889,45.33167714744882,0.2,autoscale-python-pi,1663,server_0,1683514322544
2026-07-07 18:18:40.603908,45.3357447450313,0.2,autoscale-python-pi,1664,server_0,1683514916944
2026-07-07 18:18:40.603977,45.386215943488324,0.2,autoscale-python-pi,1665,server_0,1683514918848
2026-07-07 18:18:40.603997,45.402239649150026,0.2,autoscale-python-pi,1666,server_0,1683514605056
2026-07-07 18:18:40.604028,45.40954863290669,0.2,autoscale-python-pi,1667,server_0,1683514712912
2026-07-07 18:18:40.604058,45.42287524220046,0.2,autoscale-python-pi,1668,server_0,1683514715792
2026-07-07 18:18:40.604078,45.425722699352434,0.2,autoscale-python-pi,1669,server_0,1683514558624
2026-07-07 18:18:40.604140,45.49964533991402,0.2,autoscale-python-pi,1670,server_0,1683514562272
2026-07-07 18:18:40.604161,45.50217821497071,0.2,autoscale-python-pi,1671,server_0,1683514322544
2026-07-07 18:18:40.604193,45.528237382735064,0.2,autoscale-python-pi,1672,server_0,1683514916944
2026-07-07 18:18:40.604229,45.54234512393422,0.2,autoscale-python-pi,1673,server_0,1683514918848
2026-07-07 18:18:40.604254,45.547906609052205,0.2,autoscale-python-pi,1674,server_0,1683514605056
2026-07-07 18:18:40.604335,45.5573665106712,0.2,autoscale-python-pi,1675,server_0,1683514712912
2026-07-07 18:18:40.604375,45.56303395631285,0.2,autoscale-python-pi,1676,server_0,1683514715792
2026-07-07 18:18:40.604409,45.56391280196786,0.2,autoscale-python-pi,1677,server_0,1683514558624
2026-07-07 18:18:40.604462,45.59183253193205,0.2,autoscale-python-pi,1678,server_0,1683514562272
2026-07-07 18:18:40.604553,45.63151436947642,0.2,autoscale-python-pi,1679,server_0,1683514322544
2026-07-07 18:18:40.604591,45.658403486087266,0.2,autoscale-python-pi,1680,server_0,1683514916944
2026-07-07 18:18:40.604622,45.67372512468932,0.2,autoscale-python-pi,1681,server_0,1683514918848
2026-07-07 18:18:40.604658,45.67834312380415,0.2,autoscale-python-pi,1682,server_0,1683514605056
2026-07-07 18:18:40.604690,45.67999015223057,0.2,autoscale-python-pi,1683,server_0,1683514712912
2026-07-07 18:18:40.604726,45.68375516630069,0.2,autoscale-python-pi,1684,server_0,1683514715792
2026-07-07 18:18:40.604818,45.74733224919061,0.2,autoscale-python-pi,1685,server_0,1683514558624
2026-07-07 18:18:40.604906,45.77567748753047,0.2,autoscale-python-pi,1686,server_0,1683514562272
2026-07-07 18:18:40.604959,45.80361760120888,0.2,autoscale-python-pi,1687,server_0,1683514322544
2026-07-07 18:18:40.605021,45.859130189292216,0.2,autoscale-python-pi,1688,server_0,1683514916944
2026-07-07 18:18:40.605055,45.862554134258126,0.2,autoscale-python-pi,1689,server_0,1683514918848
2026-07-07 18:18:40.605147,45.890104039554316,0.2,autoscale-python-pi,1690,server_0,1683514605056
2026-07-07 18:18:40.605179,45.91546115529655,0.2,autoscale-python-pi,1691,server_0,1683514712912
2026-07-07 18:18:40.605215,45.926111370863374,0.2,autoscale-python-pi,1692,server_0,1683514715792
2026-07-07 18:18:40.605301,45.97539525928243,0.2,autoscale-python-pi,1693,server_0,1683514558624
2026-07-07 18:18:40.605588,46.036028410201986,0.2,autoscale-python-pi,1694,server_0,1683514562272
2026-07-07 18:18:40.605622,46.0512750780613,0.2,autoscale-python-pi,1695,server_0,1683514322544
2026-07-07 18:18:40.605652,46.053125241080416,0.2,autoscale-python-pi,1696,server_0,1683514916944
2026-07-07 18:18:40.605744,46.12520184408935,0.2,autoscale-python-pi,1697,server_0,1683514918848
2026-07-07 18:18:40.605788,46.132704041841045,0.2,autoscale-python-pi,1698,server_0,1683514605056
2026-07-07 18:18:40.605819,46.13433257517743,0.2,autoscale-python-pi,1699,server_0,1683514712912
2026-07-07 18:18:40.605850,46.1517274771283,0.2,autoscale-python-pi,1700,server_0,1683514715792
2026-07-07 18:18:40.605894,46.21305436308741,0.2,autoscale-python-pi,1701,server_0,1683514558624
2026-07-07 18:18:40.605924,46.21412486301941,0.2,autoscale-python-pi,1702,server_0,1683514562272
2026-07-07 18:18:40.605975,46.23971984543228,0.2,autoscale-python-pi,1703,server_0,1683514322544
2026-07-07 18:18:40.606008,46.24469628443682,0.2,autoscale-python-pi,1704,server_0,1683514916944
2026-07-07 18:18:40.606087,46.32914723896137,0.2,autoscale-python-pi,1705,server_0,1683514918848
2026-07-07 18:18:40.606149,46.333405528576364,0.2,autoscale-python-pi,1706,server_0,1683514605056
2026-07-07 18:18:40.606217,46.36254153313793,0.2,autoscale-python-pi,1707,server_0,1683514712912
2026-07-07 18:18:40.606253,46.36390525028924,0.2,autoscale-python-pi,1708,server_0,1683514715792
2026-07-07 18:18:40.606284,46.384835118724986,0.2,autoscale-python-pi,1709,server_0,1683514558624
2026-07-07 18:18:40.606318,46.39558369345936,0.2,autoscale-python-pi,1710,server_0,1683514562272
2026-07-07 18:18:40.606351,46.40479524746692,0.2,autoscale-python-pi,1711,server_0,1683514322544
2026-07-07 18:18:40.606392,46.41070082095075,0.2,autoscale-python-pi,1712,server_0,1683514916944
2026-07-07 18:18:40.606495,46.4861114358821,0.2,autoscale-python-pi,1713,server_0,1683514918848
2026-07-07 18:18:40.606534,46.50378654146285,0.2,autoscale-python-pi,1714,server_0,1683514605056
2026-07-07 18:18:40.606620,46.569397650721776,0.2,autoscale-python-pi,1715,server_0,1683514712912
2026-07-07 18:18:40.606679,46.59571055388451,0.2,autoscale-python-pi,1716,server_0,1683514715792
2026-07-07 18:18:40.606741,46.61966155773941,0.2,autoscale-python-pi,1717,server_0,1683514558624
2026-07-07 18:18:40.606790,46.687851914402245,0.2,autoscale-python-pi,1718,server_0,1683514562272
2026-07-07 18:18:40.606837,46.703848100109376,0.2,autoscale-python-pi,1719,server_0,1683514322544
2026-07-07 18:18:40.606874,46.710018864333435,0.2,autoscale-python-pi,1720,server_0,1683514916944
2026-07-07 18:18:40.606913,46.74232560104289,0.2,autoscale-python-pi,1721,server_0,1683514918848
2026-07-07 18:18:40.606950,46.7655312323141,0.2,autoscale-python-pi,1722,server_0,1683514605056
2026-07-07 18:18:40.607038,46.78574453059177,0.2,autoscale-python-pi,1723,server_0,1683514712912
2026-07-07 18:18:40.607100,46.85563725516808,0.2,autoscale-python-pi,1724,server_0,1683514715792
2026-07-07 18:18:40.607123,46.877242780762494,0.2,autoscale-python-pi,1725,server_0,1683514558624
2026-07-07 18:18:40.607160,46.890619822445956,0.2,autoscale-python-pi,1726,server_0,1683514562272
2026-07-07 18:18:40.607199,46.93739714094953,0.2,autoscale-python-pi,1727,server_0,1683514322544
2026-07-07 18:18:40.607234,46.94328664548796,0.2,autoscale-python-pi,1728,server_0,1683514916944
2026-07-07 18:18:40.607268,46.94749370767277,0.2,autoscale-python-pi,1729,server_0,1683514918848
2026-07-07 18:18:40.607427,47.01382881909996,0.2,autoscale-python-pi,1730,server_0,1683514605056
2026-07-07 18:18:40.607454,47.02094498070687,0.2,autoscale-python-pi,1731,server_0,1683514712912
2026-07-07 18:18:40.607476,47.02368113131556,0.2,autoscale-python-pi,1732,server_0,1683514715792
2026-07-07 18:18:40.607496,47.047687058289796,0.2,autoscale-python-pi,1733,server_0,1683514558624
2026-07-07 18:18:40.607528,47.06811819326424,0.2,autoscale-python-pi,1734,server_0,1683514562272
2026-07-07 18:18:40.607560,47.08206506441914,0.2,autoscale-python-pi,1735,server_0,1683514322544
2026-07-07 18:18:40.607592,47.10037901757017,0.2,autoscale-python-pi,1736,server_0,1683514916944
2026-07-07 18:18:40.607613,47.13224289324024,0.2,autoscale-python-pi,1737,server_0,1683514918848
2026-07-07 18:18:40.607657,47.14355482665671,0.2,autoscale-python-pi,1738,server_0,1683514605056
2026-07-07 18:18:40.607695,47.15311641689956,0.2,autoscale-python-pi,1739,server_0,1683514712912
2026-07-07 18:18:40.607717,47.164664117676026,0.2,autoscale-python-pi,1740,server_0,1683514715792
2026-07-07 18:18:40.607740,47.20156985327061,0.2,autoscale-python-pi,1741,server_0,1683514558624
2026-07-07 18:18:40.607762,47.209997666639346,0.2,autoscale-python-pi,1742,server_0,1683514562272
2026-07-07 18:18:40.607807,47.22322775326473,0.2,autoscale-python-pi,1743,server_0,1683514322544
2026-07-07 18:18:40.607853,47.279703138963846,0.2,autoscale-python-pi,1744,server_0,1683514916944
2026-07-07 18:18:40.607920,47.35705571502754,0.2,autoscale-python-pi,1745,server_0,1683514918848
2026-07-07 18:18:40.607958,47.38272234667553,0.2,autoscale-python-pi,1746,server_0,1683514605056
2026-07-07 18:18:40.608006,47.439329518744856,0.2,autoscale-python-pi,1747,server_0,1683514712912
2026-07-07 18:18:40.608034,47.544331337341156,0.2,autoscale-python-pi,1748,server_0,1683514715792
2026-07-07 18:18:40.608064,47.57997754829652,0.2,autoscale-python-pi,1749,server_0,1683514558624
2026-07-07 18:18:40.608094,47.60912064187731,0.2,autoscale-python-pi,1750,server_0,1683514562272
2026-07-07 18:18:40.608128,47.66432198540239,0.2,autoscale-python-pi,1751,server_0,1683514322544
2026-07-07 18:18:40.608149,47.670200807354085,0.2,autoscale-python-pi,1752,server_0,1683514916944
2026-07-07 18:18:40.608169,47.72334443639337,0.2,autoscale-python-pi,1753,server_0,1683514918848
2026-07-07 18:18:40.608191,47.73841533586666,0.2,autoscale-python-pi,1754,server_0,1683514605056
2026-07-07 18:18:40.608211,47.73868951382712,0.2,autoscale-python-pi,1755,server_0,1683514712912
2026-07-07 18:18:40.608248,47.76485959863812,0.2,autoscale-python-pi,1756,server_0,1683514715792
2026-07-07 18:18:40.608270,47.77032524102588,0.2,autoscale-python-pi,1757,server_0,1683514558624
2026-07-07 18:18:40.608300,47.806136862923715,0.2,autoscale-python-pi,1758,server_0,1683514562272
2026-07-07 18:18:40.608332,47.814607204733186,0.2,autoscale-python-pi,1759,server_0,1683514322544
2026-07-07 18:18:40.608354,47.862785753759134,0.2,autoscale-python-pi,1760,server_0,1683514916944
2026-07-07 18:18:40.608425,47.96366954761358,0.2,autoscale-python-pi,1761,server_0,1683514918848
2026-07-07 18:18:40.608473,47.978818061113195,0.2,autoscale-python-pi,1762,server_0,1683514605056
2026-07-07 18:18:40.608494,47.9823282435029,0.2,autoscale-python-pi,1763,server_0,1683514712912
2026-07-07 18:18:40.608765,48.076936067911944,0.2,autoscale-python-pi,1764,server_0,1683514715792
2026-07-07 18:18:40.608806,48.08710173818853,0.2,autoscale-python-pi,1765,server_0,1683514558624
2026-07-07 18:18:40.608848,48.09044763739102,0.2,autoscale-python-pi,1766,server_0,1683514562272
2026-07-07 18:18:40.608887,48.13797230626381,0.2,autoscale-python-pi,1767,server_0,1683514322544
2026-07-07 18:18:40.608976,48.184518569615,0.2,autoscale-python-pi,1768,server_0,1683514916944
2026-07-07 18:18:40.609014,48.221595629622165,0.2,autoscale-python-pi,1769,server_0,1683514918848
2026-07-07 18:18:40.609052,48.22617227332455,0.2,autoscale-python-pi,1770,server_0,1683514605056
2026-07-07 18:18:40.609091,48.249078799624186,0.2,autoscale-python-pi,1771,server_0,1683514712912
2026-07-07 18:18:40.609180,48.29247876672023,0.2,autoscale-python-pi,1772,server_0,1683514715792
2026-07-07 18:18:40.609216,48.32176570496256,0.2,autoscale-python-pi,1773,server_0,1683514558624
2026-07-07 18:18:40.609289,48.387331075970664,0.2,autoscale-python-pi,1774,server_0,1683514562272
2026-07-07 18:18:40.609325,48.4079388876539,0.2,autoscale-python-pi,1775,server_0,1683514322544
2026-07-07 18:18:40.609390,48.443940230267586,0.2,autoscale-python-pi,1776,server_0,1683514916944
2026-07-07 18:18:40.609461,48.51327264732306,0.2,autoscale-python-pi,1777,server_0,1683514918848
2026-07-07 18:18:40.609522,48.547376424144545,0.2,autoscale-python-pi,1778,server_0,1683514605056
2026-07-07 18:18:40.609560,48.568445330844234,0.2,autoscale-python-pi,1779,server_0,1683514712912
2026-07-07 18:18:40.609600,48.57543330971574,0.2,autoscale-python-pi,1780,server_0,1683514715792
2026-07-07 18:18:40.609659,48.59775495643592,0.2,autoscale-python-pi,1781,server_0,1683514558624
2026-07-07 18:18:40.609714,48.62395241644541,0.2,autoscale-python-pi,1782,server_0,1683514562272
2026-07-07 18:18:40.609751,48.62409059570714,0.2,autoscale-python-pi,1783,server_0,1683514322544
2026-07-07 18:18:40.609806,48.67248000671567,0.2,autoscale-python-pi,1784,server_0,1683514916944
2026-07-07 18:18:40.609842,48.70119371719642,0.2,autoscale-python-pi,1785,server_0,1683514918848
2026-07-07 18:18:40.609886,48.711678388338186,0.2,autoscale-python-pi,1786,server_0,1683514605056
2026-07-07 18:18:40.609939,48.727441749486125,0.2,autoscale-python-pi,1787,server_0,1683514712912
2026-07-07 18:18:40.609976,48.74236109438068,0.2,autoscale-python-pi,1788,server_0,1683514715792
2026-07-07 18:18:40.610015,48.745132309734295,0.2,autoscale-python-pi,1789,server_0,1683514558624
2026-07-07 18:18:40.610051,48.760675915730864,0.2,autoscale-python-pi,1790,server_0,1683514562272
2026-07-07 18:18:40.610074,48.76430747433426,0.2,autoscale-python-pi,1791,server_0,1683514322544
2026-07-07 18:18:40.610123,48.80867355831161,0.2,autoscale-python-pi,1792,server_0,1683514916944
2026-07-07 18:18:40.610167,48.83358224552098,0.2,autoscale-python-pi,1793,server_0,1683514918848
2026-07-07 18:18:40.610192,48.849034070887335,0.2,autoscale-python-pi,1794,server_0,1683514605056
2026-07-07 18:18:40.610213,48.8633332651481,0.2,autoscale-python-pi,1795,server_0,1683514712912
2026-07-07 18:18:40.610273,48.882250520639,0.2,autoscale-python-pi,1796,server_0,1683514715792
2026-07-07 18:18:40.610309,48.885664252666075,0.2,autoscale-python-pi,1797,server_0,1683514558624
2026-07-07 18:18:40.610334,48.88819410121965,0.2,autoscale-python-pi,1798,server_0,1683514562272
2026-07-07 18:18:40.610367,48.90367984125253,0.2,autoscale-python-pi,1799,server_0,1683514322544
2026-07-07 18:18:40.610388,48.90702283376396,0.2,autoscale-python-pi,1800,server_0,1683514916944
2026-07-07 18:18:40.610409,48.90825047281579,0.2,autoscale-python-pi,1801,server_0,1683514918848
2026-07-07 18:18:40.610439,48.91310590557945,0.2,autoscale-python-pi,1802,server_0,1683514605056
2026-07-07 18:18:40.610495,48.962818724135346,0.2,autoscale-python-pi,1803,server_0,1683514712912
2026-07-07 18:18:40.610529,48.984593228283835,0.2,autoscale-python-pi,1804,server_0,1683514715792
2026-07-07 18:18:40.610554,48.995003986638785,0.2,autoscale-python-pi,1805,server_0,1683514558624
2026-07-07 18:18:40.610577,48.99659830964977,0.2,autoscale-python-pi,1806,server_0,1683514562272
2026-07-07 18:18:40.610721,49.00089217619341,0.2,autoscale-python-pi,1807,server_0,1683514322544
2026-07-07 18:18:40.610756,49.01962984793178,0.2,autoscale-python-pi,1808,server_0,1683514916944
2026-07-07 18:18:40.610796,49.05309217519526,0.2,autoscale-python-pi,1809,server_0,1683514918848
2026-07-07 18:18:40.610826,49.078360834025204,0.2,autoscale-python-pi,1810,server_0,1683514605056
2026-07-07 18:18:40.610872,49.09458243370683,0.2,autoscale-python-pi,1811,server_0,1683514712912
2026-07-07 18:18:40.610930,49.11684825542736,0.2,autoscale-python-pi,1812,server_0,1683514715792
2026-07-07 18:18:40.610951,49.1178377076267,0.2,autoscale-python-pi,1813,server_0,1683514558624
2026-07-07 18:18:40.610988,49.11940385709466,0.2,autoscale-python-pi,1814,server_0,1683514562272
2026-07-07 18:18:40.611027,49.13967254329095,0.2,autoscale-python-pi,1815,server_0,1683514322544
2026-07-07 18:18:40.611075,49.167014179135144,0.2,autoscale-python-pi,1816,server_0,1683514916944
2026-07-07 18:18:40.611133,49.20807546875525,0.2,autoscale-python-pi,1817,server_0,1683514918848
2026-07-07 18:18:40.611173,49.26876517820019,0.2,autoscale-python-pi,1818,server_0,1683514605056
2026-07-07 18:18:40.611205,49.28191516425872,0.2,autoscale-python-pi,1819,server_0,1683514712912
2026-07-07 18:18:40.611231,49.28255070838319,0.2,autoscale-python-pi,1820,server_0,1683514715792
2026-07-07 18:18:40.611269,49.303542774810516,0.2,autoscale-python-pi,1821,server_0,1683514558624
2026-07-07 18:18:40.611326,49.33027525465706,0.2,autoscale-python-pi,1822,server_0,1683514562272
2026-07-07 18:18:40.611364,49.369707779851545,0.2,autoscale-python-pi,1823,server_0,1683514322544
2026-07-07 18:18:40.611384,49.39020530120701,0.2,autoscale-python-pi,1824,server_0,1683514916944
2026-07-07 18:18:40.611413,49.45358014992642,0.2,autoscale-python-pi,1825,server_0,1683514918848
2026-07-07 18:18:40.611452,49.477848019359456,0.2,autoscale-python-pi,1826,server_0,1683514605056
2026-07-07 18:18:40.611505,49.490746926962714,0.2,autoscale-python-pi,1827,server_0,1683514712912
2026-07-07 18:18:40.611536,49.49153402593055,0.2,autoscale-python-pi,1828,server_0,1683514715792
2026-07-07 18:18:40.611573,49.49370017490159,0.2,autoscale-python-pi,1829,server_0,1683514558624
2026-07-07 18:18:40.611607,49.49384658406944,0.2,autoscale-python-pi,1830,server_0,1683514562272
2026-07-07 18:18:40.611628,49.50190064095007,0.2,autoscale-python-pi,1831,server_0,1683514322544
2026-07-07 18:18:40.611667,49.560524572452785,0.2,autoscale-python-pi,1832,server_0,1683514916944
2026-07-07 18:18:40.611687,49.56170453685074,0.2,autoscale-python-pi,1833,server_0,1683514918848
2026-07-07 18:18:40.611716,49.577790702143474,0.2,autoscale-python-pi,1834,server_0,1683514605056
2026-07-07 18:18:40.611748,49.59748170067232,0.2,autoscale-python-pi,1835,server_0,1683514712912
2026-07-07 18:18:40.611769,49.61955267839857,0.2,autoscale-python-pi,1836,server_0,1683514715792
2026-07-07 18:18:40.611789,49.64756158252497,0.2,autoscale-python-pi,1837,server_0,1683514558624
2026-07-07 18:18:40.611822,49.668367301906606,0.2,autoscale-python-pi,1838,server_0,1683514562272
2026-07-07 18:18:40.611872,49.69201438478389,0.2,autoscale-python-pi,1839,server_0,1683514322544
2026-07-07 18:18:40.611910,49.700970427436076,0.2,autoscale-python-pi,1840,server_0,1683514916944
2026-07-07 18:18:40.611963,49.79326630687043,0.2,autoscale-python-pi,1841,server_0,1683514918848
2026-07-07 18:18:40.611993,49.818013546672816,0.2,autoscale-python-pi,1842,server_0,1683514605056
2026-07-07 18:18:40.612036,49.8507872680439,0.2,autoscale-python-pi,1843,server_0,1683514712912
2026-07-07 18:18:40.612061,49.852702193931485,0.2,autoscale-python-pi,1844,server_0,1683514715792
2026-07-07 18:18:40.612285,50.02780809393067,0.2,autoscale-python-pi,1845,server_0,1683514558624
2026-07-07 18:18:40.612350,50.05299160786616,0.2,autoscale-python-pi,1846,server_0,1683514562272
2026-07-07 18:18:40.612399,50.06234513244474,0.2,autoscale-python-pi,1847,server_0,1683514322544
2026-07-07 18:18:40.612420,50.09438840959488,0.2,autoscale-python-pi,1848,server_0,1683514916944
2026-07-07 18:18:40.612440,50.16561600174041,0.2,autoscale-python-pi,1849,server_0,1683514918848
2026-07-07 18:18:40.612460,50.18376469832766,0.2,autoscale-python-pi,1850,server_0,1683514605056
2026-07-07 18:18:40.612480,50.19267125726744,0.2,autoscale-python-pi,1851,server_0,1683514712912
2026-07-07 18:18:40.612500,50.21880396420345,0.2,autoscale-python-pi,1852,server_0,1683514715792
2026-07-07 18:18:40.612556,50.29621673691214,0.2,autoscale-python-pi,1853,server_0,1683514558624
2026-07-07 18:18:40.612579,50.33508992445981,0.2,autoscale-python-pi,1854,server_0,1683514562272
2026-07-07 18:18:40.612604,50.35812599634925,0.2,autoscale-python-pi,1855,server_0,1683514322544
2026-07-07 18:18:40.612644,50.36443934544426,0.2,autoscale-python-pi,1856,server_0,1683514916944
2026-07-07 18:18:40.612709,50.37278204994072,0.2,autoscale-python-pi,1857,server_0,1683514918848
2026-07-07 18:18:40.612779,50.410255412074584,0.2,autoscale-python-pi,1858,server_0,1683514605056
2026-07-07 18:18:40.612817,50.41769352866198,0.2,autoscale-python-pi,1859,server_0,1683514712912
2026-07-07 18:18:40.612875,50.42224833495944,0.2,autoscale-python-pi,1860,server_0,1683514715792
2026-07-07 18:18:40.612919,50.45185032514893,0.2,autoscale-python-pi,1861,server_0,1683514558624
2026-07-07 18:18:40.612957,50.45631613402514,0.2,autoscale-python-pi,1862,server_0,1683514562272
2026-07-07 18:18:40.613002,50.47654036331526,0.2,autoscale-python-pi,1863,server_0,1683514322544
2026-07-07 18:18:40.613063,50.49904140768504,0.2,autoscale-python-pi,1864,server_0,1683514916944
2026-07-07 18:18:40.613104,50.5125071342289,0.2,autoscale-python-pi,1865,server_0,1683514918848
2026-07-07 18:18:40.613145,50.512767371073096,0.2,autoscale-python-pi,1866,server_0,1683514605056
2026-07-07 18:18:40.613181,50.51427800671876,0.2,autoscale-python-pi,1867,server_0,1683514712912
2026-07-07 18:18:40.613243,50.540091552931976,0.2,autoscale-python-pi,1868,server_0,1683514715792
2026-07-07 18:18:40.613280,50.54330033300632,0.2,autoscale-python-pi,1869,server_0,1683514558624
2026-07-07 18:18:40.613314,50.55306161250826,0.2,autoscale-python-pi,1870,server_0,1683514562272
2026-07-07 18:18:40.613354,50.56264811188057,0.2,autoscale-python-pi,1871,server_0,1683514322544
2026-07-07 18:18:40.613385,50.56596563417559,0.2,autoscale-python-pi,1872,server_0,1683514916944
2026-07-07 18:18:40.613415,50.593248534968566,0.2,autoscale-python-pi,1873,server_0,1683514918848
2026-07-07 18:18:40.613440,50.60383328487464,0.2,autoscale-python-pi,1874,server_0,1683514605056
2026-07-07 18:18:40.613487,50.63273123459793,0.2,autoscale-python-pi,1875,server_0,1683514712912
2026-07-07 18:18:40.613526,50.67170600526992,0.2,autoscale-python-pi,1876,server_0,1683514715792
2026-07-07 18:18:40.613564,50.70848425077647,0.2,autoscale-python-pi,1877,server_0,1683514558624
2026-07-07 18:18:40.613609,50.71661586699563,0.2,autoscale-python-pi,1878,server_0,1683514562272
2026-07-07 18:18:40.613632,50.72789522301471,0.2,autoscale-python-pi,1879,server_0,1683514322544
2026-07-07 18:18:40.613673,50.744582975967596,0.2,autoscale-python-pi,1880,server_0,1683514916944
2026-07-07 18:18:40.613697,50.7460718058015,0.2,autoscale-python-pi,1881,server_0,1683514918848
2026-07-07 18:18:40.613718,50.75086061966818,0.2,autoscale-python-pi,1882,server_0,1683514605056
2026-07-07 18:18:40.613779,50.802766314840575,0.2,autoscale-python-pi,1883,server_0,1683514712912
2026-07-07 18:18:40.613808,50.80406982071162,0.2,autoscale-python-pi,1884,server_0,1683514715792
2026-07-07 18:18:40.613829,50.82112154534223,0.2,autoscale-python-pi,1885,server_0,1683514558624
2026-07-07 18:18:40.613848,50.82712763221547,0.2,autoscale-python-pi,1886,server_0,1683514562272
2026-07-07 18:18:40.613877,50.86814306732562,0.2,autoscale-python-pi,1887,server_0,1683514322544
2026-07-07 18:18:40.613908,50.886974262892245,0.2,autoscale-python-pi,1888,server_0,1683514916944
2026-07-07 18:18:40.613933,50.90416613706203,0.2,autoscale-python-pi,1889,server_0,1683514918848
2026-07-07 18:18:40.613963,50.90849779615816,0.2,autoscale-python-pi,1890,server_0,1683514605056
2026-07-07 18:18:40.614009,50.94588107311273,0.2,autoscale-python-pi,1891,server_0,1683514712912
2026-07-07 18:18:40.614048,50.971053885704016,0.2,autoscale-python-pi,1892,server_0,1683514715792
2026-07-07 18:18:40.614069,50.99938043286464,0.2,autoscale-python-pi,1893,server_0,1683514558624
2026-07-07 18:18:40.614277,51.01739843025478,0.2,autoscale-python-pi,1894,server_0,1683514562272
2026-07-07 18:18:40.614349,51.038093388033985,0.2,autoscale-python-pi,1895,server_0,1683514322544
2026-07-07 18:18:40.614393,51.05967028668566,0.2,autoscale-python-pi,1896,server_0,1683514916944
2026-07-07 18:18:40.614471,51.07786037215815,0.2,autoscale-python-pi,1897,server_0,1683514918848
2026-07-07 18:18:40.614512,51.079695475664366,0.2,autoscale-python-pi,1898,server_0,1683514605056
2026-07-07 18:18:40.614554,51.087831317926565,0.2,autoscale-python-pi,1899,server_0,1683514712912
2026-07-07 18:18:40.614597,51.10914363046886,0.2,autoscale-python-pi,1900,server_0,1683514715792
2026-07-07 18:18:40.614620,51.140665097427,0.2,autoscale-python-pi,1901,server_0,1683514558624
2026-07-07 18:18:40.614659,51.171900150701084,0.2,autoscale-python-pi,1902,server_0,1683514562272
2026-07-07 18:18:40.614680,51.186595297680185,0.2,autoscale-python-pi,1903,server_0,1683514322544
2026-07-07 18:18:40.614711,51.20690039782571,0.2,autoscale-python-pi,1904,server_0,1683514916944
2026-07-07 18:18:40.614736,51.21688748516448,0.2,autoscale-python-pi,1905,server_0,1683514918848
2026-07-07 18:18:40.614772,51.22333025109002,0.2,autoscale-python-pi,1906,server_0,1683514605056
2026-07-07 18:18:40.614794,51.224951743364855,0.2,autoscale-python-pi,1907,server_0,1683514712912
2026-07-07 18:18:40.614881,51.231064459669504,0.2,autoscale-python-pi,1908,server_0,1683514715792
2026-07-07 18:18:40.614923,51.27746314479307,0.2,autoscale-python-pi,1909,server_0,1683514558624
2026-07-07 18:18:40.614971,51.30348790811687,0.2,autoscale-python-pi,1910,server_0,1683514562272
2026-07-07 18:18:40.615001,51.33294693672476,0.2,autoscale-python-pi,1911,server_0,1683514322544
2026-07-07 18:18:40.615030,51.35484553679128,0.2,autoscale-python-pi,1912,server_0,1683514916944
2026-07-07 18:18:40.615050,51.358999882453034,0.2,autoscale-python-pi,1913,server_0,1683514918848
2026-07-07 18:18:40.615072,51.36139138706285,0.2,autoscale-python-pi,1914,server_0,1683514605056
2026-07-07 18:18:40.615102,51.37713054946774,0.2,autoscale-python-pi,1915,server_0,1683514712912
2026-07-07 18:18:40.615132,51.38687601915046,0.2,autoscale-python-pi,1916,server_0,1683514715792
2026-07-07 18:18:40.615247,51.4262542352059,0.2,autoscale-python-pi,1917,server_0,1683514558624
2026-07-07 18:18:40.615321,51.43646737155657,0.2,autoscale-python-pi,1918,server_0,1683514562272
2026-07-07 18:18:40.615350,51.44279249295399,0.2,autoscale-python-pi,1919,server_0,1683514322544
2026-07-07 18:18:40.615384,51.44935860549387,0.2,autoscale-python-pi,1920,server_0,1683514916944
2026-07-07 18:18:40.615435,51.49559321183765,0.2,autoscale-python-pi,1921,server_0,1683514918848
2026-07-07 18:18:40.615479,51.54403653184395,0.2,autoscale-python-pi,1922,server_0,1683514605056
2026-07-07 18:18:40.615572,51.63270608032178,0.2,autoscale-python-pi,1923,server_0,1683514712912
2026-07-07 18:18:40.615639,51.65106541745091,0.2,autoscale-python-pi,1924,server_0,1683514715792
2026-07-07 18:18:40.615674,51.739855957511956,0.2,autoscale-python-pi,1925,server_0,1683514558624
2026-07-07 18:18:40.615705,51.76139024733839,0.2,autoscale-python-pi,1926,server_0,1683514562272
2026-07-07 18:18:40.615726,51.7615488324822,0.2,autoscale-python-pi,1927,server_0,1683514322544
2026-07-07 18:18:40.615752,51.761978783388805,0.2,autoscale-python-pi,1928,server_0,1683514916944
2026-07-07 18:18:40.615774,51.76905896282111,0.2,autoscale-python-pi,1929,server_0,1683514918848
2026-07-07 18:18:40.615795,51.775898516451925,0.2,autoscale-python-pi,1930,server_0,1683514605056
2026-07-07 18:18:40.615814,51.80461425533675,0.2,autoscale-python-pi,1931,server_0,1683514712912
2026-07-07 18:18:40.615834,51.806813380178816,0.2,autoscale-python-pi,1932,server_0,1683514715792
2026-07-07 18:18:40.615855,51.81284640120379,0.2,autoscale-python-pi,1933,server_0,1683514558624
2026-07-07 18:18:40.615878,51.82647758847631,0.2,autoscale-python-pi,1934,server_0,1683514562272
2026-07-07 18:18:40.615898,51.82693284965452,0.2,autoscale-python-pi,1935,server_0,1683514322544
2026-07-07 18:18:40.615940,51.86294858931716,0.2,autoscale-python-pi,1936,server_0,1683514916944
2026-07-07 18:18:40.615961,51.90474866179895,0.2,autoscale-python-pi,1937,server_0,1683514918848
2026-07-07 18:18:40.615985,51.91140891049939,0.2,autoscale-python-pi,1938,server_0,1683514605056
2026-07-07 18:18:40.616007,51.926241843782925,0.2,autoscale-python-pi,1939,server_0,1683514712912
2026-07-07 18:18:40.616038,51.95155691399031,0.2,autoscale-python-pi,1940,server_0,1683514715792
2026-07-07 18:18:40.616061,51.95768593453878,0.2,autoscale-python-pi,1941,server_0,1683514558624
2026-07-07 18:18:40.616128,51.98412977835222,0.2,autoscale-python-pi,1942,server_0,1683514562272
2026-07-07 18:18:40.616322,52.00827506039703,0.2,autoscale-python-pi,1943,server_0,1683514322544
2026-07-07 18:18:40.616371,52.03853302848024,0.2,autoscale-python-pi,1944,server_0,1683514916944
2026-07-07 18:18:40.616393,52.04830230663651,0.2,autoscale-python-pi,1945,server_0,1683514918848
2026-07-07 18:18:40.616416,52.06229347092925,0.2,autoscale-python-pi,1946,server_0,1683514605056
2026-07-07 18:18:40.616449,52.080405105685685,0.2,autoscale-python-pi,1947,server_0,1683514712912
2026-07-07 18:18:40.616488,52.12164178144661,0.2,autoscale-python-pi,1948,server_0,1683514715792
2026-07-07 18:18:40.616510,52.124799504757306,0.2,autoscale-python-pi,1949,server_0,1683514558624
2026-07-07 18:18:40.616540,52.13237225014279,0.2,autoscale-python-pi,1950,server_0,1683514562272
2026-07-07 18:18:40.616561,52.13380624732828,0.2,autoscale-python-pi,1951,server_0,1683514322544
2026-07-07 18:18:40.616581,52.14960644118717,0.2,autoscale-python-pi,1952,server_0,1683514916944
2026-07-07 18:18:40.616631,52.19235684826882,0.2,autoscale-python-pi,1953,server_0,1683514918848
2026-07-07 18:18:40.616652,52.19308939709681,0.2,autoscale-python-pi,1954,server_0,1683514605056
2026-07-07 18:18:40.616672,52.202861869357314,0.2,autoscale-python-pi,1955,server_0,1683514712912
2026-07-07 18:18:40.616713,52.245550697856444,0.2,autoscale-python-pi,1956,server_0,1683514715792
2026-07-07 18:18:40.616743,52.250672686634275,0.2,autoscale-python-pi,1957,server_0,1683514558624
2026-07-07 18:18:40.616766,52.255569578289055,0.2,autoscale-python-pi,1958,server_0,1683514562272
2026-07-07 18:18:40.616848,52.372398138983336,0.2,autoscale-python-pi,1959,server_0,1683514322544
2026-07-07 18:18:40.616871,52.38873993263881,0.2,autoscale-python-pi,1960,server_0,1683514916944
2026-07-07 18:18:40.616949,52.39317715672305,0.2,autoscale-python-pi,1961,server_0,1683514918848
2026-07-07 18:18:40.616986,52.428559234203156,0.2,autoscale-python-pi,1962,server_0,1683514605056
2026-07-07 18:18:40.617008,52.44072396605217,0.2,autoscale-python-pi,1963,server_0,1683514712912
2026-07-07 18:18:40.617055,52.494950327525245,0.2,autoscale-python-pi,1964,server_0,1683514715792
2026-07-07 18:18:40.617118,52.64717166945742,0.2,autoscale-python-pi,1965,server_0,1683514558624
2026-07-07 18:18:40.617139,52.65846839574902,0.2,autoscale-python-pi,1966,server_0,1683514562272
2026-07-07 18:18:40.617160,52.68258677345087,0.2,autoscale-python-pi,1967,server_0,1683514322544
2026-07-07 18:18:40.617180,52.68939853239488,0.2,autoscale-python-pi,1968,server_0,1683514916944
2026-07-07 18:18:40.617207,52.69492649184186,0.2,autoscale-python-pi,1969,server_0,1683514918848
2026-07-07 18:18:40.617251,52.703003558468694,0.2,autoscale-python-pi,1970,server_0,1683514605056
2026-07-07 18:18:40.617272,52.74076413811152,0.2,autoscale-python-pi,1971,server_0,1683514712912
2026-07-07 18:18:40.617292,52.76668635963126,0.2,autoscale-python-pi,1972,server_0,1683514715792
2026-07-07 18:18:40.617314,52.79866517786303,0.2,autoscale-python-pi,1973,server_0,1683514558624
2026-07-07 18:18:40.617339,52.80716476768231,0.2,autoscale-python-pi,1974,server_0,1683514562272
2026-07-07 18:18:40.617362,52.828693755435026,0.2,autoscale-python-pi,1975,server_0,1683514322544
2026-07-07 18:18:40.617403,52.85676476031981,0.2,autoscale-python-pi,1976,server_0,1683514916944
2026-07-07 18:18:40.617516,52.90625194636931,0.2,autoscale-python-pi,1977,server_0,1683514918848
2026-07-07 18:18:40.617556,52.93297420315548,0.2,autoscale-python-pi,1978,server_0,1683514605056
2026-07-07 18:18:40.617931,53.02537537467186,0.2,autoscale-python-pi,1979,server_0,1683514712912
2026-07-07 18:18:40.617979,53.053754599797365,0.2,autoscale-python-pi,1980,server_0,1683514715792
2026-07-07 18:18:40.618008,53.0559955515496,0.2,autoscale-python-pi,1981,server_0,1683514558624
2026-07-07 18:18:40.618054,53.07284453273171,0.2,autoscale-python-pi,1982,server_0,1683514562272
2026-07-07 18:18:40.618084,53.09990795479517,0.2,autoscale-python-pi,1983,server_0,1683514322544
2026-07-07 18:18:40.618143,53.120809800103714,0.2,autoscale-python-pi,1984,server_0,1683514916944
2026-07-07 18:18:40.618202,53.18559567302345,0.2,autoscale-python-pi,1985,server_0,1683514918848
2026-07-07 18:18:40.618281,53.19848624567777,0.2,autoscale-python-pi,1986,server_0,1683514605056
2026-07-07 18:18:40.618357,53.20659938156235,0.2,autoscale-python-pi,1987,server_0,1683514712912
2026-07-07 18:18:40.618575,53.307175049077706,0.2,autoscale-python-pi,1988,server_0,1683514715792
2026-07-07 18:18:40.618640,53.36721264000135,0.2,autoscale-python-pi,1989,server_0,1683514558624
2026-07-07 18:18:40.618685,53.36726721525085,0.2,autoscale-python-pi,1990,server_0,1683514562272
2026-07-07 18:18:40.619045,53.394856902314935,0.2,autoscale-python-pi,1991,server_0,1683514322544
2026-07-07 18:18:40.619133,53.39516808639895,0.2,autoscale-python-pi,1992,server_0,1683514916944
2026-07-07 18:18:40.619286,53.43895341730243,0.2,autoscale-python-pi,1993,server_0,1683514918848
2026-07-07 18:18:40.619395,53.475285510177464,0.2,autoscale-python-pi,1994,server_0,1683514605056
2026-07-07 18:18:40.619486,53.476304720634744,0.2,autoscale-python-pi,1995,server_0,1683514712912
2026-07-07 18:18:40.619551,53.49348003015599,0.2,autoscale-python-pi,1996,server_0,1683514715792
2026-07-07 18:18:40.619647,53.50239038130602,0.2,autoscale-python-pi,1997,server_0,1683514558624
2026-07-07 18:18:40.619688,53.526716154609396,0.2,autoscale-python-pi,1998,server_0,1683514562272
2026-07-07 18:18:40.619719,53.538473160698715,0.2,autoscale-python-pi,1999,server_0,1683514322544
2026-07-07 18:18:40.619763,53.5918171212351,0.2,autoscale-python-pi,2000,server_0,1683514916944
