time,t_wait,t_exec,t_start,memory,function_name,function_image,node,replica_id
2026-07-07 18:18:40.509550,0.0,0.20000000000000018,3.0133824978566586,134217728,autoscale-python-pi,autoscale-python-pi-cpu,server_0,1683514605056
2026-07-07 18:18:40.509587,0.0,0.20000000000000018,3.1143803016053,134217728,autoscale-python-pi,autoscale-python-pi-cpu,server_0,1683514605056
2026-07-07 18:18:40.509738,0.0,0.20000000000000018,3.213217677653192,134217728,autoscale-python-pi,autoscale-python-pi-cpu,server_0,1683514605056
2026-07-07 18:18:40.509791,0.0,0.20000000000000018,3.265157267798581,134217728,autoscale-python-pi,autoscale-python-pi-cpu,server_0,1683514605056
2026-07-07 18:18:40.509878,0.0,0.20000000000000018,3.33164423145473,134217728,autoscale-python-pi,autoscale-python-pi-cpu,server_0,1683514605056
2026-07-07 18:18:40.509888,0.0,0.20000000000000018,3.369381398719986,134217728,autoscale-python-pi,autoscale-python-pi-cpu,server_0,1683514605056
2026-07-07 18:18:40.509898,0.0,0.20000000000000018,3.3723359355117317,134217728,autoscale-python-pi,autoscale-python-pi-cpu,server_0,1683514605056
2026-07-07 18:18:40.509906,0.0,0.20000000000000018,3.373085499207122,134217728,autoscale-python-pi,autoscale-python-pi-cpu,server_0,1683514605056
2026-07-07 18:18:40.509935,0.0,0.20000000000000018,3.388301048502054,134217728,autoscale-python-pi,autoscale-python-pi-cpu,server_0,1683514605056
2026-07-07 18:18:40.509944,0.0,0.20000000000000018,3.3887529820174978,134217728,autoscale-python-pi,autoscale-python-pi-cpu,server_0,1683514605056
2026-07-07 18:18:40.509952,0.0,0.20000000000000018,3.3899922160930562,134217728,autoscale-python-pi,autoscale-python-pi-cpu,server_0,1683514605056
2026-07-07 18:18:40.509996,0.0,0.20000000000000018,3.4329653227672328,134217728,autoscale-python-pi,autoscale-python-pi-cpu,server_0,1683514605056
2026-07-07 18:18:40.510028,0.0,0.20000000000000018,3.4419984446431604,134217728,autoscale-python-pi,autoscale-python-pi-cpu,server_0,1683514605056
2026-07-07 18:18:40.510037,0.0,0.20000000000000018,3.4704673993537987,134217728,autoscale-python-pi,autoscale-python-pi-cpu,server_0,1683514605056
2026-07-07 18:18:40.510064,0.0,0.20000000000000018,3.4880797693209575,134217728,autoscale-python-pi,autoscale-python-pi-cpu,server_0,1683514605056
2026-07-07 18:18:40.510092,0.0,0.20000000000000018,3.5016063580509216,134217728,autoscale-python-pi,autoscale-python-pi-cpu,server_0,1683514605056
2026-07-07 18:18:40.510120,0.0,0.20000000000000018,3.515263922596633,134217728,autoscale-python-pi,autoscale-python-pi-cpu,server_0,1683514605056
2026-07-07 18:18:40.510164,0.0,0.20000000000000018,3.581583568851247,134217728,autoscale-python-pi,autoscale-python-pi-cpu,server_0,1683514605056
2026-07-07 18:18:40.510193,0.0,0.20000000000000018,3.5951211362557656,134217728,autoscale-python-pi,autoscale-python-pi-cpu,server_0,1683514605056
2026-07-07 18:18:40.510205,0.0,0.20000000000000018,3.601023827974458,134217728,autoscale-python-pi,autoscale-python-pi-cpu,server_0,1683514605056
2026-07-07 18:18:40.510235,0.0,0.20000000000000018,3.641852991551865,134217728,autoscale-python-pi,autoscale-python-pi-cpu,server_0,1683514605056
2026-07-07 18:18:40.510280,0.0,0.20000000000000018,3.6775979000336108,134217728,autoscale-python-pi,autoscale-python-pi-cpu,server_0,1683514605056
2026-07-07 18:18:40.510306,0.0,0.20000000000000018,3.69774052436248,134217728,autoscale-python-pi,autoscale-python-pi-cpu,server_0,1683514605056
2026-07-07 18:18:40.510315,0.0,0.20000000000000018,3.7035582403167258,134217728,autoscale-python-pi,autoscale-python-pi-cpu,server_0,1683514605056
2026-07-07 18:18:40.510342,0.0,0.20000000000000018,3.7506659915041936,134217728,autoscale-python-pi,autoscale-python-pi-cpu,server_0,1683514605056
2026-07-07 18:18:40.510368,0.0,0.20000000000000018,3.763694231134306,134217728,autoscale-python-pi,autoscale-python-pi-cpu,server_0,1683514605056
2026-07-07 18:18:40.510414,0.0,0.20000000000000018,3.787461189534541,134217728,autoscale-python-pi,autoscale-python-pi-cpu,server_0,1683514605056
2026-07-07 18:18:40.512976,0.0,0.19999999999999973,3.811455809078422,134217728,autoscale-python-pi,autoscale-python-pi-cpu,server_0,1683514605056
2026-07-07 18:18:40.513064,0.0,0.20000000000000018,3.8513214572923697,134217728,autoscale-python-pi,autoscale-python-pi-cpu,server_0,1683514605056
2026-07-07 18:18:40.513134,0.0,0.19999999999999973,3.869620361978091,134217728,autoscale-python-pi,autoscale-python-pi-cpu,server_0,1683514605056
2026-07-07 18:18:40.513149,0.0,0.19999999999999973,3.895710314155004,134217728,autoscale-python-pi,autoscale-python-pi-cpu,server_0,1683514605056
2026-07-07 18:18:40.513223,0.0,0.20000000000000018,3.9435453710138795,134217728,autoscale-python-pi,autoscale-python-pi-cpu,server_0,1683514605056
2026-07-07 18:18:40.513238,0.0,0.19999999999999973,3.9555758479222756,134217728,autoscale-python-pi,autoscale-python-pi-cpu,server_0,1683514605056
2026-07-07 18:18:40.513253,0.0,0.20000000000000018,3.9668187418317924,134217728,autoscale-python-pi,autoscale-python-pi-cpu,server_0,1683514605056
2026-07-07 18:18:40.513301,0.0,0.19999999999999973,3.977480459960487,134217728,autoscale-python-pi,autoscale-python-pi-cpu,server_0,1683514605056
2026-07-07 18:18:40.513319,0.0,0.20000000000000018,3.9928335480780177,134217728,autoscale-python-pi,autoscale-python-pi-cpu,server_0,1683514605056
2026-07-07 18:18:40.513422,0.0,0.20000000000000018,4.040514138578047,134217728,autoscale-python-pi,autoscale-python-pi-cpu,server_0,1683514605056
2026-07-07 18:18:40.513435,0.0,0.20000000000000018,4.047671610570661,134217728,autoscale-python-pi,autoscale-python-pi-cpu,server_0,1683514605056
2026-07-07 18:18:40.513532,0.0,0.20000000000000018,4.063711045842526,134217728,autoscale-python-pi,autoscale-python-pi-cpu,server_0,1683514605056
2026-07-07 18:18:40.513546,0.0,0.20000000000000018,4.066318356023452,134217728,autoscale-python-pi,autoscale-python-pi-cpu,server_0,1683514605056
2026-07-07 18:18:40.513651,0.0,0.20000000000000018,4.125915393206417,134217728,autoscale-python-pi,autoscale-python-pi-cpu,server_0,1683514605056
2026-07-07 18:18:40.513666,0.0,0.20000000000000018,4.131766644661076,134217728,autoscale-python-pi,autoscale-python-pi-cpu,server_0,1683514605056
2026-07-07 18:18:40.513810,0.0,0.20000000000000018,4.168988739658729,134217728,autoscale-python-pi,autoscale-python-pi-cpu,server_0,1683514605056
2026-07-07 18:18:40.513872,0.0,0.20000000000000018,4.207481053809106,134217728,autoscale-python-pi,autoscale-python-pi-cpu,server_0,1683514605056
2026-07-07 18:18:40.513892,0.0,0.20000000000000018,4.210931017647033,134217728,autoscale-python-pi,autoscale-python-pi-cpu,server_0,1683514605056
2026-07-07 18:18:40.513908,0.0,0.20000000000000018,4.219894370799724,134217728,autoscale-python-pi,autoscale-python-pi-cpu,server_0,1683514605056
2026-07-07 18:18:40.513960,0.0,0.20000000000000018,4.2605682084634635,134217728,autoscale-python-pi,autoscale-python-pi-cpu,server_0,1683514605056
2026-07-07 18:18:40.513978,0.0,0.20000000000000018,4.262081005302859,134217728,autoscale-python-pi,autoscale-python-pi-cpu,server_0,1683514605056
2026-07-07 18:18:40.513993,0.0,0.20000000000000018,4.2626130713699,134217728,autoscale-python-pi,autoscale-python-pi-cpu,server_0,1683514605056
2026-07-07 18:18:40.514051,0.0,0.20000000000000018,4.2757392195373525,134217728,autoscale-python-pi,autoscale-python-pi-cpu,server_0,1683514605056
2026-07-07 18:18:40.514069,0.0,0.20000000000000018,4.277592608844244,134217728,autoscale-python-pi,autoscale-python-pi-cpu,server_0,1683514605056
2026-07-07 18:18:40.514086,0.0,0.20000000000000018,4.289269658444504,134217728,autoscale-python-pi,autoscale-python-pi-cpu,server_0,1683514605056
2026-07-07 18:18:40.514304,0.0,0.20000000000000018,4.351835853386698,134217728,autoscale-python-pi,autoscale-python-pi-cpu,server_0,1683514605056
2026-07-07 18:18:40.514314,0.0,0.20000000000000018,4.362766218678543,134217728,autoscale-python-pi,autoscale-python-pi-cpu,server_0,1683514605056
2026-07-07 18:18:40.514351,0.0,0.20000000000000018,4.389229858051525,134217728,autoscale-python-pi,autoscale-python-pi-cpu,server_0,1683514605056
2026-07-07 18:18:40.514362,0.0,0.20000000000000018,4.421682247100021,134217728,autoscale-python-pi,autoscale-python-pi-cpu,server_0,1683514605056
2026-07-07 18:18:40.514461,0.0,0.20000000000000018,4.4741830614441085,134217728,autoscale-python-pi,autoscale-python-pi-cpu,server_0,1683514605056
2026-07-07 18:18:40.514519,0.0,0.20000000000000018,4.529808546096574,134217728,autoscale-python-pi,autoscale-python-pi-cpu,server_0,1683514605056
2026-07-07 18:18:40.514528,0.0,0.20000000000000018,4.536888397295075,134217728,autoscale-python-pi,autoscale-python-pi-cpu,server_0,1683514712912
2026-07-07 18:18:40.514562,0.0,0.20000000000000018,4.5851651698314795,134217728,autoscale-python-pi,autoscale-python-pi-cpu,server_0,1683514715792
2026-07-07 18:18:40.514571,0.0,0.20000000000000018,4.639028850100458,134217728,autoscale-python-pi,autoscale-python-pi-cpu,server_0,1683514558624
2026-07-07 18:18:40.514600,0.0,0.20000000000000018,4.644757616566863,134217728,autoscale-python-pi,autoscale-python-pi-cpu,server_0,1683514562272
2026-07-07 18:18:40.514609,0.0,0.20000000000000018,4.647349687888395,134217728,autoscale-python-pi,autoscale-python-pi-cpu,server_0,1683514322544
2026-07-07 18:18:40.514616,0.0,0.20000000000000018,4.658212192242194,134217728,autoscale-python-pi,autoscale-python-pi-cpu,server_0,1683514916944
2026-07-07 18:18:40.514666,0.0,0.20000000000000018,4.710569918020388,134217728,autoscale-python-pi,autoscale-python-pi-cpu,server_0,1683514918848
2026-07-07 18:18:40.514698,0.0,0.20000000000000018,4.72543577890558,134217728,autoscale-python-pi,autoscale-python-pi-cpu,server_0,1683514605056
2026-07-07 18:18:40.514735,0.0,0.20000000000000018,4.759402464044674,134217728,autoscale-python-pi,autoscale-python-pi-cpu,server_0,1683514712912
2026-07-07 18:18:40.514969,0.0,0.20000000000000018,4.8434870084123816,134217728,autoscale-python-pi,autoscale-python-pi-cpu,server_0,1683514715792
2026-07-07 18:18:40.515028,0.0,0.20000000000000018,4.886324235443057,134217728,autoscale-python-pi,autoscale-python-pi-cpu,server_0,1683514558624
2026-07-07 18:18:40.515037,0.0,0.20000000000000018,4.893473215632273,134217728,autoscale-python-pi,autoscale-python-pi-cpu,server_0,1683514562272
2026-07-07 18:18:40.515077,0.0,0.20000000000000018,4.918218078754839,134217728,autoscale-python-pi,autoscale-python-pi-cpu,server_0,1683514322544
2026-07-07 18:18:40.515130,0.0,0.20000000000000018,4.957385871893365,134217728,autoscale-python-pi,autoscale-python-pi-cpu,server_0,1683514916944
2026-07-07 18:18:40.515145,0.0,0.20000000000000018,4.960162054280371,134217728,autoscale-python-pi,autoscale-python-pi-cpu,server_0,1683514918848
2026-07-07 18:18:40.515272,0.0,0.20000000000000018,5.014521175282393,134217728,autoscale-python-pi,autoscale-python-pi-cpu,server_0,1683514605056
2026-07-07 18:18:40.515288,0.0,0.20000000000000018,5.0281870544957785,134217728,autoscale-python-pi,autoscale-python-pi-cpu,server_0,1683514712912
2026-07-07 18:18:40.515301,0.0,0.20000000000000018,5.037959386869762,134217728,autoscale-python-pi,autoscale-python-pi-cpu,server_0,1683514715792
2026-07-07 18:18:40.515315,0.0,0.20000000000000018,5.068906428174314,134217728,autoscale-python-pi,autoscale-python-pi-cpu,server_0,1683514558624
2026-07-07 18:18:40.515367,0.0,0.20000000000000018,5.077843420183353,134217728,autoscale-python-pi,autoscale-python-pi-cpu,server_0,1683514562272
2026-07-07 18:18:40.515426,0.0,0.20000000000000018,5.112626630506689,134217728,autoscale-python-pi,autoscale-python-pi-cpu,server_0,1683514322544
2026-07-07 18:18:40.515483,0.0,0.20000000000000018,5.1350416960286145,134217728,autoscale-python-pi,autoscale-python-pi-cpu,server_0,1683514916944
2026-07-07 18:18:40.515537,0.0,0.20000000000000018,5.176210734407074,134217728,autoscale-python-pi,autoscale-python-pi-cpu,server_0,1683514918848
2026-07-07 18:18:40.515552,0.0,0.20000000000000018,5.179085680217192,134217728,autoscale-python-pi,autoscale-python-pi-cpu,server_0,1683514605056
2026-07-07 18:18:40.515645,0.0,0.20000000000000018,5.2022424041339175,134217728,autoscale-python-pi,autoscale-python-pi-cpu,server_0,1683514712912
2026-07-07 18:18:40.515778,0.0,0.20000000000000018,5.269336638057213,134217728,autoscale-python-pi,autoscale-python-pi-cpu,server_0,1683514715792
2026-07-07 18:18:40.515793,0.0,0.20000000000000018,5.2852911376669125,134217728,autoscale-python-pi,autoscale-python-pi-cpu,server_0,1683514558624
2026-07-07 18:18:40.515883,0.0,0.20000000000000018,5.328250287901666,134217728,autoscale-python-pi,autoscale-python-pi-cpu,server_0,1683514562272
2026-07-07 18:18:40.515900,0.0,0.20000000000000018,5.3351086909002134,134217728,autoscale-python-pi,autoscale-python-pi-cpu,server_0,1683514322544
2026-07-07 18:18:40.515913,0.0,0.20000000000000018,5.386656988475265,134217728,autoscale-python-pi,autoscale-python-pi-cpu,server_0,1683514916944
2026-07-07 18:18:40.515926,0.0,0.20000000000000018,5.3963514497554534,134217728,autoscale-python-pi,autoscale-python-pi-cpu,server_0,1683514918848
2026-07-07 18:18:40.515940,0.0,0.20000000000000018,5.418146253755179,134217728,autoscale-python-pi,autoscale-python-pi-cpu,server_0,1683514605056
2026-07-07 18:18:40.515954,0.0,0.20000000000000018,5.455624322058746,134217728,autoscale-python-pi,autoscale-python-pi-cpu,server_0,1683514712912
2026-07-07 18:18:40.516007,0.0,0.20000000000000018,5.503182465417401,134217728,autoscale-python-pi,autoscale-python-pi-cpu,server_0,1683514715792
2026-07-07 18:18:40.516095,0.0,0.20000000000000018,5.525526563274694,134217728,autoscale-python-pi,autoscale-python-pi-cpu,server_0,1683514558624
2026-07-07 18:18:40.516255,0.0,0.20000000000000018,5.6788224594184324,134217728,autoscale-python-pi,autoscale-python-pi-cpu,server_0,1683514562272
2026-07-07 18:18:40.516310,0.0,0.20000000000000018,5.709238512345049,134217728,autoscale-python-pi,autoscale-python-pi-cpu,server_0,1683514322544
2026-07-07 18:18:40.516367,0.0,0.20000000000000018,5.720173918463773,134217728,autoscale-python-pi,autoscale-python-pi-cpu,server_0,1683514916944
2026-07-07 18:18:40.516386,0.0,0.20000000000000018,5.785597322518996,134217728,autoscale-python-pi,autoscale-python-pi-cpu,server_0,1683514918848
2026-07-07 18:18:40.516641,0.0,0.20000000000000018,5.8054606302842195,134217728,autoscale-python-pi,autoscale-python-pi-cpu,server_0,1683514605056
2026-07-07 18:18:40.516663,0.0,0.20000000000000018,5.827407429608867,134217728,autoscale-python-pi,autoscale-python-pi-cpu,server_0,1683514712912
2026-07-07 18:18:40.516731,0.0,0.20000000000000018,5.843015676359688,134217728,autoscale-python-pi,autoscale-python-pi-cpu,server_0,1683514715792
2026-07-07 18:18:40.516831,0.0,0.20000000000000018,5.896355454753063,134217728,autoscale-python-pi,autoscale-python-pi-cpu,server_0,1683514558624
2026-07-07 18:18:40.516884,0.0,0.20000000000000018,5.920051978032956,134217728,autoscale-python-pi,autoscale-python-pi-cpu,server_0,1683514562272
2026-07-07 18:18:40.517215,0.0,0.20000000000000018,6.042107039621667,134217728,autoscale-python-pi,autoscale-python-pi-cpu,server_0,1683514322544
2026-07-07 18:18:40.517231,0.0,0.20000000000000018,6.067793330167612,134217728,autoscale-python-pi,autoscale-python-pi-cpu,server_0,1683514916944
2026-07-07 18:18:40.517242,0.0,0.20000000000000018,6.068966194116925,134217728,autoscale-python-pi,autoscale-python-pi-cpu,server_0,1683514918848
2026-07-07 18:18:40.517278,0.0,0.20000000000000018,6.1016604985340095,134217728,autoscale-python-pi,autoscale-python-pi-cpu,server_0,1683514605056
2026-07-07 18:18:40.517392,0.0,0.20000000000000018,6.147029611256952,134217728,autoscale-python-pi,autoscale-python-pi-cpu,server_0,1683514712912
2026-07-07 18:18:40.517408,0.0,0.20000000000000018,6.148762168173117,134217728,autoscale-python-pi,autoscale-python-pi-cpu,server_0,1683514715792
2026-07-07 18:18:40.517423,0.0,0.20000000000000018,6.152652555055235,134217728,autoscale-python-pi,autoscale-python-pi-cpu,server_0,1683514558624
2026-07-07 18:18:40.517480,0.0,0.20000000000000018,6.1825313438629035,134217728,autoscale-python-pi,autoscale-python-pi-cpu,server_0,1683514562272
2026-07-07 18:18:40.517496,0.0,0.20000000000000018,6.193728265519762,134217728,autoscale-python-pi,autoscale-python-pi-cpu,server_0,1683514322544
2026-07-07 18:18:40.517586,0.0,0.20000000000000018,6.216455339618054,134217728,autoscale-python-pi,autoscale-python-pi-cpu,server_0,1683514916944
2026-07-07 18:18:40.517600,0.0,0.20000000000000018,6.217599333294395,134217728,autoscale-python-pi,autoscale-python-pi-cpu,server_0,1683514918848
2026-07-07 18:18:40.517657,0.0,0.20000000000000018,6.239729961514926,134217728,autoscale-python-pi,autoscale-python-pi-cpu,server_0,1683514605056
2026-07-07 18:18:40.517730,0.0,0.20000000000000018,6.2926379338254685,134217728,autoscale-python-pi,autoscale-python-pi-cpu,server_0,1683514712912
2026-07-07 18:18:40.517742,0.0,0.20000000000000018,6.314889634317891,134217728,autoscale-python-pi,autoscale-python-pi-cpu,server_0,1683514715792
2026-07-07 18:18:40.517754,0.0,0.20000000000000018,6.328337226177178,134217728,autoscale-python-pi,autoscale-python-pi-cpu,server_0,1683514558624
2026-07-07 18:18:40.517763,0.0,0.20000000000000018,6.3409676598927796,134217728,autoscale-python-pi,autoscale-python-pi-cpu,server_0,1683514562272
2026-07-07 18:18:40.517773,0.0,0.20000000000000018,6.361250256120224,134217728,autoscale-python-pi,autoscale-python-pi-cpu,server_0,1683514322544
2026-07-07 18:18:40.517828,0.0,0.20000000000000018,6.406521777167814,134217728,autoscale-python-pi,autoscale-python-pi-cpu,server_0,1683514916944
2026-07-07 18:18:40.517860,0.0,0.20000000000000018,6.422499213233742,134217728,autoscale-python-pi,autoscale-python-pi-cpu,server_0,1683514918848
2026-07-07 18:18:40.517871,0.0,0.20000000000000018,6.440196760871634,134217728,autoscale-python-pi,autoscale-python-pi-cpu,server_0,1683514605056
2026-07-07 18:18:40.517880,0.0,0.20000000000000018,6.479443520558757,134217728,autoscale-python-pi,autoscale-python-pi-cpu,server_0,1683514712912
2026-07-07 18:18:40.517967,0.0,0.20000000000000018,6.569269978151629,134217728,autoscale-python-pi,autoscale-python-pi-cpu,server_0,1683514715792
2026-07-07 18:18:40.517979,0.0,0.20000000000000018,6.573210119512022,134217728,autoscale-python-pi,autoscale-python-pi-cpu,server_0,1683514558624
2026-07-07 18:18:40.518049,0.0,0.20000000000000018,6.607417413349812,134217728,autoscale-python-pi,autoscale-python-pi-cpu,server_0,1683514562272
2026-07-07 18:18:40.518121,0.0,0.20000000000000018,6.719725728024182,134217728,autoscale-python-pi,autoscale-python-pi-cpu,server_0,1683514322544
2026-07-07 18:18:40.518134,0.0,0.20000000000000018,6.722998186543877,134217728,autoscale-python-pi,autoscale-python-pi-cpu,server_0,1683514916944
2026-07-07 18:18:40.518181,0.0,0.20000000000000018,6.7414274449068525,134217728,autoscale-python-pi,autoscale-python-pi-cpu,server_0,1683514918848
2026-07-07 18:18:40.518303,0.0,0.20000000000000018,6.775093065730375,134217728,autoscale-python-pi,autoscale-python-pi-cpu,server_0,1683514605056
2026-07-07 18:18:40.518699,0.0,0.20000000000000018,6.805973931686638,134217728,autoscale-python-pi,autoscale-python-pi-cpu,server_0,1683514712912
2026-07-07 18:18:40.518973,0.0,0.20000000000000018,6.874314562437659,134217728,autoscale-python-pi,autoscale-python-pi-cpu,server_0,1683514715792
2026-07-07 18:18:40.519019,0.0,0.20000000000000018,6.883783681836403,134217728,autoscale-python-pi,autoscale-python-pi-cpu,server_0,1683514558624
2026-07-07 18:18:40.519290,0.0,0.20000000000000018,6.934357745891785,134217728,autoscale-python-pi,autoscale-python-pi-cpu,server_0,1683514562272
2026-07-07 18:18:40.519342,0.0,0.20000000000000018,6.943564057067045,134217728,autoscale-python-pi,autoscale-python-pi-cpu,server_0,1683514322544
2026-07-07 18:18:40.519369,0.0,0.20000000000000018,6.947653627033145,134217728,autoscale-python-pi,autoscale-python-pi-cpu,server_0,1683514916944
2026-07-07 18:18:40.519399,0.0,0.20000000000000018,6.970744238623945,134217728,autoscale-python-pi,autoscale-python-pi-cpu,server_0,1683514918848
2026-07-07 18:18:40.519419,0.0,0.20000000000000018,6.993131218029932,134217728,autoscale-python-pi,autoscale-python-pi-cpu,server_0,1683514605056
2026-07-07 18:18:40.519444,0.0,0.20000000000000018,7.036306636447781,134217728,autoscale-python-pi,autoscale-python-pi-cpu,server_0,1683514712912
2026-07-07 18:18:40.519541,0.0,0.20000000000000018,7.091979204056257,134217728,autoscale-python-pi,autoscale-python-pi-cpu,server_0,1683514715792
2026-07-07 18:18:40.519923,0.0,0.20000000000000018,7.274602597943051,134217728,autoscale-python-pi,autoscale-python-pi-cpu,server_0,1683514558624
2026-07-07 18:18:40.520142,0.0,0.20000000000000018,7.374723736440204,134217728,autoscale-python-pi,autoscale-python-pi-cpu,server_0,1683514562272
2026-07-07 18:18:40.520220,0.0,0.20000000000000018,7.404874172876175,134217728,autoscale-python-pi,autoscale-python-pi-cpu,server_0,1683514322544
2026-07-07 18:18:40.520243,0.0,0.20000000000000018,7.416450383960067,134217728,autoscale-python-pi,autoscale-python-pi-cpu,server_0,1683514916944
2026-07-07 18:18:40.520260,0.0,0.20000000000000018,7.428771853879633,134217728,autoscale-python-pi,autoscale-python-pi-cpu,server_0,1683514918848
2026-07-07 18:18:40.520278,0.0,0.20000000000000018,7.472188388465801,134217728,autoscale-python-pi,autoscale-python-pi-cpu,server_0,1683514605056
2026-07-07 18:18:40.520296,0.0,0.20000000000000018,7.472322122540932,134217728,autoscale-python-pi,autoscale-python-pi-cpu,server_0,1683514712912
2026-07-07 18:18:40.520320,0.0,0.20000000000000018,7.472877920126033,134217728,autoscale-python-pi,autoscale-python-pi-cpu,server_0,1683514715792
2026-07-07 18:18:40.520400,0.0,0.20000000000000018,7.489470428379217,134217728,autoscale-python-pi,autoscale-python-pi-cpu,server_0,1683514558624
2026-07-07 18:18:40.520420,0.0,0.20000000000000018,7.513740829463255,134217728,autoscale-python-pi,autoscale-python-pi-cpu,server_0,1683514562272
2026-07-07 18:18:40.520436,0.0,0.20000000000000018,7.514925858696165,134217728,autoscale-python-pi,autoscale-python-pi-cpu,server_0,1683514322544
2026-07-07 18:18:40.520504,0.0,0.20000000000000018,7.536598725744653,134217728,autoscale-python-pi,autoscale-python-pi-cpu,server_0,1683514916944
2026-07-07 18:18:40.520575,0.0,0.20000000000000018,7.576595266489553,134217728,autoscale-python-pi,autoscale-python-pi-cpu,server_0,1683514918848
2026-07-07 18:18:40.520892,0.0,0.20000000000000018,7.6735401398391785,134217728,autoscale-python-pi,autoscale-python-pi-cpu,server_0,1683514605056
2026-07-07 18:18:40.521015,0.0,0.20000000000000018,7.718872464496341,134217728,autoscale-python-pi,autoscale-python-pi-cpu,server_0,1683514712912
2026-07-07 18:18:40.521065,0.0,0.20000000000000018,7.761609429224074,134217728,autoscale-python-pi,autoscale-python-pi-cpu,server_0,1683514715792
2026-07-07 18:18:40.521119,0.0,0.20000000000000018,7.795487211977862,134217728,autoscale-python-pi,autoscale-python-pi-cpu,server_0,1683514558624
2026-07-07 18:18:40.521402,0.0,0.1999999999999993,7.809205335578207,134217728,autoscale-python-pi,autoscale-python-pi-cpu,server_0,1683514562272
2026-07-07 18:18:40.521417,0.0,0.1999999999999993,7.810386158271243,134217728,autoscale-python-pi,autoscale-python-pi-cpu,server_0,1683514322544
2026-07-07 18:18:40.521467,0.0,0.20000000000000018,7.824388154703617,134217728,autoscale-python-pi,autoscale-python-pi-cpu,server_0,1683514916944
2026-07-07 18:18:40.521484,0.0,0.20000000000000018,7.829006123577378,134217728,autoscale-python-pi,autoscale-python-pi-cpu,server_0,1683514918848
2026-07-07 18:18:40.521498,0.0,0.1999999999999993,7.837739643125271,134217728,autoscale-python-pi,autoscale-python-pi-cpu,server_0,1683514605056
2026-07-07 18:18:40.521546,0.0,0.1999999999999993,7.860494351530072,134217728,autoscale-python-pi,autoscale-python-pi-cpu,server_0,1683514712912
2026-07-07 18:18:40.521593,0.0,0.20000000000000018,7.874700857502924,134217728,autoscale-python-pi,autoscale-python-pi-cpu,server_0,1683514715792
2026-07-07 18:18:40.521606,0.0,0.1999999999999993,7.875026441706494,134217728,autoscale-python-pi,autoscale-python-pi-cpu,server_0,1683514558624
2026-07-07 18:18:40.521657,0.0,0.1999999999999993,7.89831473936275,134217728,autoscale-python-pi,autoscale-python-pi-cpu,server_0,1683514562272
2026-07-07 18:18:40.521740,0.0,0.1999999999999993,7.925426078459486,134217728,autoscale-python-pi,autoscale-python-pi-cpu,server_0,1683514322544
2026-07-07 18:18:40.521822,0.0,0.1999999999999993,7.980840691428554,134217728,autoscale-python-pi,autoscale-python-pi-cpu,server_0,1683514916944
2026-07-07 18:18:40.521907,0.0,0.1999999999999993,8.006248997495724,134217728,autoscale-python-pi,autoscale-python-pi-cpu,server_0,1683514918848
2026-07-07 18:18:40.521921,0.0,0.1999999999999993,8.01456129374644,134217728,autoscale-python-pi,autoscale-python-pi-cpu,server_0,1683514605056
2026-07-07 18:18:40.521967,0.0,0.1999999999999993,8.038345884939766,134217728,autoscale-python-pi,autoscale-python-pi-cpu,server_0,1683514712912
2026-07-07 18:18:40.521980,0.0,0.1999999999999993,8.073109703638387,134217728,autoscale-python-pi,autoscale-python-pi-cpu,server_0,1683514715792
2026-07-07 18:18:40.522088,0.0,0.1999999999999993,8.093791461426445,134217728,autoscale-python-pi,autoscale-python-pi-cpu,server_0,1683514558624
2026-07-07 18:18:40.522101,0.0,0.1999999999999993,8.100424565311338,134217728,autoscale-python-pi,autoscale-python-pi-cpu,server_0,1683514562272
2026-07-07 18:18:40.522145,0.0,0.1999999999999993,8.106413257782707,134217728,autoscale-python-pi,autoscale-python-pi-cpu,server_0,1683514322544
2026-07-07 18:18:40.522193,0.0,0.1999999999999993,8.166211896405342,134217728,autoscale-python-pi,autoscale-python-pi-cpu,server_0,1683514916944
2026-07-07 18:18:40.522209,0.0,0.1999999999999993,8.168298990833735,134217728,autoscale-python-pi,autoscale-python-pi-cpu,server_0,1683514918848
2026-07-07 18:18:40.522221,0.0,0.1999999999999993,8.191162156119994,134217728,autoscale-python-pi,autoscale-python-pi-cpu,server_0,1683514605056
2026-07-07 18:18:40.522233,0.0,0.1999999999999993,8.19637947165887,134217728,autoscale-python-pi,autoscale-python-pi-cpu,server_0,1683514712912
2026-07-07 18:18:40.522245,0.0,0.1999999999999993,8.234462924770535,134217728,autoscale-python-pi,autoscale-python-pi-cpu,server_0,1683514715792
2026-07-07 18:18:40.522297,0.0,0.1999999999999993,8.288516254673022,134217728,autoscale-python-pi,autoscale-python-pi-cpu,server_0,1683514558624
2026-07-07 18:18:40.522311,0.0,0.1999999999999993,8.289076625893832,134217728,autoscale-python-pi,autoscale-python-pi-cpu,server_0,1683514562272
2026-07-07 18:18:40.522327,0.0,0.1999999999999993,8.290089654046247,134217728,autoscale-python-pi,autoscale-python-pi-cpu,server_0,1683514322544
2026-07-07 18:18:40.522340,0.0,0.1999999999999993,8.305103740465237,134217728,autoscale-python-pi,autoscale-python-pi-cpu,server_0,1683514916944
2026-07-07 18:18:40.522387,0.0,0.1999999999999993,8.361862128963434,134217728,autoscale-python-pi,autoscale-python-pi-cpu,server_0,1683514918848
2026-07-07 18:18:40.522602,0.0,0.1999999999999993,8.481235372522821,134217728,autoscale-python-pi,autoscale-python-pi-cpu,server_0,1683514605056
2026-07-07 18:18:40.522764,0.0,0.1999999999999993,8.526883624065196,134217728,autoscale-python-pi,autoscale-python-pi-cpu,server_0,1683514712912
2026-07-07 18:18:40.523278,0.0,0.1999999999999993,8.571465752796103,134217728,autoscale-python-pi,autoscale-python-pi-cpu,server_0,1683514715792
2026-07-07 18:18:40.523294,0.0,0.1999999999999993,8.589313588145451,134217728,autoscale-python-pi,autoscale-python-pi-cpu,server_0,1683514558624
2026-07-07 18:18:40.523307,0.0,0.1999999999999993,8.59616256004848,134217728,autoscale-python-pi,autoscale-python-pi-cpu,server_0,1683514562272
2026-07-07 18:18:40.523320,0.0,0.1999999999999993,8.59749536586987,134217728,autoscale-python-pi,autoscale-python-pi-cpu,server_0,1683514322544
2026-07-07 18:18:40.523502,0.0,0.1999999999999993,8.654499491019804,134217728,autoscale-python-pi,autoscale-python-pi-cpu,server_0,1683514916944
2026-07-07 18:18:40.523556,0.0,0.1999999999999993,8.679218703324622,134217728,autoscale-python-pi,autoscale-python-pi-cpu,server_0,1683514918848
2026-07-07 18:18:40.523568,0.0,0.1999999999999993,8.68343813721642,134217728,autoscale-python-pi,autoscale-python-pi-cpu,server_0,1683514605056
2026-07-07 18:18:40.523578,0.0,0.1999999999999993,8.685713975956938,134217728,autoscale-python-pi,autoscale-python-pi-cpu,server_0,1683514712912
2026-07-07 18:18:40.523586,0.0,0.1999999999999993,8.691320329954479,134217728,autoscale-python-pi,autoscale-python-pi-cpu,server_0,1683514715792
2026-07-07 18:18:40.523623,0.0,0.1999999999999993,8.715299553690485,134217728,autoscale-python-pi,autoscale-python-pi-cpu,server_0,1683514558624
2026-07-07 18:18:40.523632,0.0,0.1999999999999993,8.739316869560751,134217728,autoscale-python-pi,autoscale-python-pi-cpu,server_0,1683514562272
2026-07-07 18:18:40.523664,0.0,0.1999999999999993,8.752022928607413,134217728,autoscale-python-pi,autoscale-python-pi-cpu,server_0,1683514322544
2026-07-07 18:18:40.523678,0.0,0.1999999999999993,8.755828520368592,134217728,autoscale-python-pi,autoscale-python-pi-cpu,server_0,1683514916944
2026-07-07 18:18:40.523714,0.0,0.1999999999999993,8.799900527598385,134217728,autoscale-python-pi,autoscale-python-pi-cpu,server_0,1683514918848
2026-07-07 18:18:40.523852,0.0,0.1999999999999993,8.806215335808997,134217728,autoscale-python-pi,autoscale-python-pi-cpu,server_0,1683514605056
2026-07-07 18:18:40.523863,0.0,0.1999999999999993,8.822825693126926,134217728,autoscale-python-pi,autoscale-python-pi-cpu,server_0,1683514712912
2026-07-07 18:18:40.523872,0.0,0.1999999999999993,8.877923267680586,134217728,autoscale-python-pi,autoscale-python-pi-cpu,server_0,1683514715792
2026-07-07 18:18:40.523882,0.0,0.1999999999999993,8.898257042298013,134217728,autoscale-python-pi,autoscale-python-pi-cpu,server_0,1683514558624
2026-07-07 18:18:40.523961,0.0,0.1999999999999993,8.94762436727472,134217728,autoscale-python-pi,autoscale-python-pi-cpu,server_0,1683514562272
2026-07-07 18:18:40.524015,0.0,0.1999999999999993,8.977514946238255,134217728,autoscale-python-pi,autoscale-python-pi-cpu,server_0,1683514322544
2026-07-07 18:18:40.524086,0.0,0.1999999999999993,9.108369812183874,134217728,autoscale-python-pi,autoscale-python-pi-cpu,server_0,1683514916944
2026-07-07 18:18:40.524136,0.0,0.1999999999999993,9.121502368039469,134217728,autoscale-python-pi,autoscale-python-pi-cpu,server_0,1683514918848
2026-07-07 18:18:40.524145,0.0,0.1999999999999993,9.146833528735668,134217728,autoscale-python-pi,autoscale-python-pi-cpu,server_0,1683514605056
2026-07-07 18:18:40.524153,0.0,0.1999999999999993,9.152063269200386,134217728,autoscale-python-pi,autoscale-python-pi-cpu,server_0,1683514712912
2026-07-07 18:18:40.524162,0.0,0.1999999999999993,9.153109042626962,134217728,autoscale-python-pi,autoscale-python-pi-cpu,server_0,1683514715792
2026-07-07 18:18:40.524265,0.0,0.1999999999999993,9.200349224551855,134217728,autoscale-python-pi,autoscale-python-pi-cpu,server_0,1683514558624
2026-07-07 18:18:40.524348,0.0,0.1999999999999993,9.237112158262603,134217728,autoscale-python-pi,autoscale-python-pi-cpu,server_0,1683514562272
2026-07-07 18:18:40.524379,0.0,0.1999999999999993,9.245905774891911,134217728,autoscale-python-pi,autoscale-python-pi-cpu,server_0,1683514322544
2026-07-07 18:18:40.524431,0.0,0.1999999999999993,9.316790417810264,134217728,autoscale-python-pi,autoscale-python-pi-cpu,server_0,1683514916944
2026-07-07 18:18:40.524440,0.0,0.1999999999999993,9.31736270131748,134217728,autoscale-python-pi,autoscale-python-pi-cpu,server_0,1683514918848
2026-07-07 18:18:40.524555,0.0,0.1999999999999993,9.354780101508064,134217728,autoscale-python-pi,autoscale-python-pi-cpu,server_0,1683514605056
2026-07-07 18:18:40.524585,0.0,0.1999999999999993,9.36156500515752,134217728,autoscale-python-pi,autoscale-python-pi-cpu,server_0,1683514712912
2026-07-07 18:18:40.524614,0.0,0.1999999999999993,9.420656342088192,134217728,autoscale-python-pi,autoscale-python-pi-cpu,server_0,1683514715792
2026-07-07 18:18:40.524644,0.0,0.1999999999999993,9.429925693414953,134217728,autoscale-python-pi,autoscale-python-pi-cpu,server_0,1683514558624
2026-07-07 18:18:40.524653,0.0,0.1999999999999993,9.430557830305863,134217728,autoscale-python-pi,autoscale-python-pi-cpu,server_0,1683514562272
2026-07-07 18:18:40.524660,0.0,0.1999999999999993,9.437448281378002,134217728,autoscale-python-pi,autoscale-python-pi-cpu,server_0,1683514322544
2026-07-07 18:18:40.524690,0.0,0.1999999999999993,9.453192490075729,134217728,autoscale-python-pi,autoscale-python-pi-cpu,server_0,1683514916944
2026-07-07 18:18:40.524700,0.0,0.1999999999999993,9.454289144703715,134217728,autoscale-python-pi,autoscale-python-pi-cpu,server_0,1683514918848
2026-07-07 18:18:40.524729,0.0,0.1999999999999993,9.52966363192548,134217728,autoscale-python-pi,autoscale-python-pi-cpu,server_0,1683514605056
2026-07-07 18:18:40.524785,0.0,0.1999999999999993,9.540890968019696,134217728,autoscale-python-pi,autoscale-python-pi-cpu,server_0,1683514712912
2026-07-07 18:18:40.524794,0.0,0.1999999999999993,9.5489885134885,134217728,autoscale-python-pi,autoscale-python-pi-cpu,server_0,1683514715792
2026-07-07 18:18:40.524806,0.0,0.1999999999999993,9.55052352717153,134217728,autoscale-python-pi,autoscale-python-pi-cpu,server_0,1683514558624
2026-07-07 18:18:40.524814,0.0,0.1999999999999993,9.55214338288581,134217728,autoscale-python-pi,autoscale-python-pi-cpu,server_0,1683514562272
2026-07-07 18:18:40.524823,0.0,0.1999999999999993,9.557192904858827,134217728,autoscale-python-pi,autoscale-python-pi-cpu,server_0,1683514322544
2026-07-07 18:18:40.524915,0.0,0.1999999999999993,9.617904439933618,134217728,autoscale-python-pi,autoscale-python-pi-cpu,server_0,1683514916944
2026-07-07 18:18:40.524924,0.0,0.1999999999999993,9.622036411271031,134217728,autoscale-python-pi,autoscale-python-pi-cpu,server_0,1683514918848
2026-07-07 18:18:40.524933,0.0,0.1999999999999993,9.643109253806971,134217728,autoscale-python-pi,autoscale-python-pi-cpu,server_0,1683514605056
2026-07-07 18:18:40.524967,0.0,0.1999999999999993,9.662907047453238,134217728,autoscale-python-pi,autoscale-python-pi-cpu,server_0,1683514712912
2026-07-07 18:18:40.525068,0.0,0.1999999999999993,9.735011866521264,134217728,autoscale-python-pi,autoscale-python-pi-cpu,server_0,1683514715792
2026-07-07 18:18:40.525077,0.0,0.1999999999999993,9.7367138362806,134217728,autoscale-python-pi,autoscale-python-pi-cpu,server_0,1683514558624
2026-07-07 18:18:40.525107,0.0,0.1999999999999993,9.76013380482217,134217728,autoscale-python-pi,autoscale-python-pi-cpu,server_0,1683514562272
2026-07-07 18:18:40.525116,0.0,0.1999999999999993,9.765211321461479,134217728,autoscale-python-pi,autoscale-python-pi-cpu,server_0,1683514322544
2026-07-07 18:18:40.525124,0.0,0.1999999999999993,9.768741861174005,134217728,autoscale-python-pi,autoscale-python-pi-cpu,server_0,1683514916944
2026-07-07 18:18:40.525133,0.0,0.1999999999999993,9.770588989544871,134217728,autoscale-python-pi,autoscale-python-pi-cpu,server_0,1683514918848
2026-07-07 18:18:40.525447,0.0,0.1999999999999993,9.849743385276785,134217728,autoscale-python-pi,autoscale-python-pi-cpu,server_0,1683514605056
2026-07-07 18:18:40.525492,0.0,0.1999999999999993,9.865835110823884,134217728,autoscale-python-pi,autoscale-python-pi-cpu,server_0,1683514712912
2026-07-07 18:18:40.525503,0.0,0.1999999999999993,9.883337732775644,134217728,autoscale-python-pi,autoscale-python-pi-cpu,server_0,1683514715792
2026-07-07 18:18:40.525513,0.0,0.1999999999999993,9.889452129293034,134217728,autoscale-python-pi,autoscale-python-pi-cpu,server_0,1683514558624
2026-07-07 18:18:40.525523,0.0,0.1999999999999993,9.924259324349539,134217728,autoscale-python-pi,autoscale-python-pi-cpu,server_0,1683514562272
2026-07-07 18:18:40.525557,0.0,0.1999999999999993,9.937251217748075,134217728,autoscale-python-pi,autoscale-python-pi-cpu,server_0,1683514322544
2026-07-07 18:18:40.525644,0.0,0.1999999999999993,9.993122867249943,134217728,autoscale-python-pi,autoscale-python-pi-cpu,server_0,1683514916944
2026-07-07 18:18:40.525654,0.0,0.1999999999999993,10.003526101368049,134217728,autoscale-python-pi,autoscale-python-pi-cpu,server_0,1683514918848
2026-07-07 18:18:40.525746,0.0,0.1999999999999993,10.032577980242381,134217728,autoscale-python-pi,autoscale-python-pi-cpu,server_0,1683514605056
2026-07-07 18:18:40.525757,0.0,0.1999999999999993,10.06212542686561,134217728,autoscale-python-pi,autoscale-python-pi-cpu,server_0,1683514712912
2026-07-07 18:18:40.525931,0.0,0.1999999999999993,10.132632485290477,134217728,autoscale-python-pi,autoscale-python-pi-cpu,server_0,1683514715792
2026-07-07 18:18:40.525945,0.0,0.1999999999999993,10.141213895235982,134217728,autoscale-python-pi,autoscale-python-pi-cpu,server_0,1683514558624
2026-07-07 18:18:40.525955,0.0,0.1999999999999993,10.142330416006219,134217728,autoscale-python-pi,autoscale-python-pi-cpu,server_0,1683514562272
2026-07-07 18:18:40.525965,0.0,0.1999999999999993,10.15799313635893,134217728,autoscale-python-pi,autoscale-python-pi-cpu,server_0,1683514322544
2026-07-07 18:18:40.526009,0.0,0.1999999999999993,10.205799053182695,134217728,autoscale-python-pi,autoscale-python-pi-cpu,server_0,1683514916944
2026-07-07 18:18:40.526050,0.0,0.1999999999999993,10.219269893000842,134217728,autoscale-python-pi,autoscale-python-pi-cpu,server_0,1683514918848
2026-07-07 18:18:40.526094,0.0,0.1999999999999993,10.231930843000262,134217728,autoscale-python-pi,autoscale-python-pi-cpu,server_0,1683514605056
2026-07-07 18:18:40.526127,0.0,0.1999999999999993,10.262840735972398,134217728,autoscale-python-pi,autoscale-python-pi-cpu,server_0,1683514712912
2026-07-07 18:18:40.526161,0.0,0.1999999999999993,10.266046379963043,134217728,autoscale-python-pi,autoscale-python-pi-cpu,server_0,1683514715792
2026-07-07 18:18:40.526296,0.0,0.1999999999999993,10.296603675411589,134217728,autoscale-python-pi,autoscale-python-pi-cpu,server_0,1683514558624
2026-07-07 18:18:40.526312,0.0,0.1999999999999993,10.301155432486182,134217728,autoscale-python-pi,autoscale-python-pi-cpu,server_0,1683514562272
2026-07-07 18:18:40.526323,0.0,0.1999999999999993,10.303485789446905,134217728,autoscale-python-pi,autoscale-python-pi-cpu,server_0,1683514322544
2026-07-07 18:18:40.526368,0.0,0.1999999999999993,10.331112679847513,134217728,autoscale-python-pi,autoscale-python-pi-cpu,server_0,1683514916944
2026-07-07 18:18:40.526504,0.0,0.1999999999999993,10.380620959783998,134217728,autoscale-python-pi,autoscale-python-pi-cpu,server_0,1683514918848
2026-07-07 18:18:40.526513,0.0,0.1999999999999993,10.40840097612647,134217728,autoscale-python-pi,autoscale-python-pi-cpu,server_0,1683514605056
2026-07-07 18:18:40.526573,0.0,0.1999999999999993,10.428600703236132,134217728,autoscale-python-pi,autoscale-python-pi-cpu,server_0,1683514712912
2026-07-07 18:18:40.526605,0.0,0.1999999999999993,10.437952059384857,134217728,autoscale-python-pi,autoscale-python-pi-cpu,server_0,1683514715792
2026-07-07 18:18:40.526657,0.0,0.1999999999999993,10.465593532166283,134217728,autoscale-python-pi,autoscale-python-pi-cpu,server_0,1683514558624
2026-07-07 18:18:40.526690,0.0,0.1999999999999993,10.485580994944502,134217728,autoscale-python-pi,autoscale-python-pi-cpu,server_0,1683514562272
2026-07-07 18:18:40.526753,0.0,0.1999999999999993,10.511055652031379,134217728,autoscale-python-pi,autoscale-python-pi-cpu,server_0,1683514322544
2026-07-07 18:18:40.526762,0.0,0.1999999999999993,10.541365375867917,134217728,autoscale-python-pi,autoscale-python-pi-cpu,server_0,1683514916944
2026-07-07 18:18:40.526771,0.0,0.1999999999999993,10.542363785546335,134217728,autoscale-python-pi,autoscale-python-pi-cpu,server_0,1683514918848
2026-07-07 18:18:40.526784,0.0,0.1999999999999993,10.555804201883179,134217728,autoscale-python-pi,autoscale-python-pi-cpu,server_0,1683514605056
2026-07-07 18:18:40.526816,0.0,0.1999999999999993,10.559289958254322,134217728,autoscale-python-pi,autoscale-python-pi-cpu,server_0,1683514712912
2026-07-07 18:18:40.526824,0.0,0.1999999999999993,10.56674424223075,134217728,autoscale-python-pi,autoscale-python-pi-cpu,server_0,1683514715792
2026-07-07 18:18:40.526835,0.0,0.1999999999999993,10.6107654083452,134217728,autoscale-python-pi,autoscale-python-pi-cpu,server_0,1683514558624
2026-07-07 18:18:40.526865,0.0,0.1999999999999993,10.616543349560015,134217728,autoscale-python-pi,autoscale-python-pi-cpu,server_0,1683514562272
2026-07-07 18:18:40.526874,0.0,0.1999999999999993,10.636467647433925,134217728,autoscale-python-pi,autoscale-python-pi-cpu,server_0,1683514322544
2026-07-07 18:18:40.526882,0.0,0.1999999999999993,10.648265292286773,134217728,autoscale-python-pi,autoscale-python-pi-cpu,server_0,1683514916944
2026-07-07 18:18:40.526891,0.0,0.1999999999999993,10.64840613138237,134217728,autoscale-python-pi,autoscale-python-pi-cpu,server_0,1683514918848
2026-07-07 18:18:40.526945,0.0,0.1999999999999993,10.671967968803578,134217728,autoscale-python-pi,autoscale-python-pi-cpu,server_0,1683514605056
2026-07-07 18:18:40.526995,0.0,0.1999999999999993,10.702377417966261,134217728,autoscale-python-pi,autoscale-python-pi-cpu,server_0,1683514712912
2026-07-07 18:18:40.527006,0.0,0.1999999999999993,10.707934454733008,134217728,autoscale-python-pi,autoscale-python-pi-cpu,server_0,1683514715792
2026-07-07 18:18:40.527064,0.0,0.1999999999999993,10.758196571665495,134217728,autoscale-python-pi,autoscale-python-pi-cpu,server_0,1683514558624
2026-07-07 18:18:40.527292,0.0,0.1999999999999993,10.812728779677666,134217728,autoscale-python-pi,autoscale-python-pi-cpu,server_0,1683514562272
2026-07-07 18:18:40.527303,0.0,0.1999999999999993,10.850204758445358,134217728,autoscale-python-pi,autoscale-python-pi-cpu,server_0,1683514322544
2026-07-07 18:18:40.527349,0.0,0.1999999999999993,10.865085918308194,134217728,autoscale-python-pi,autoscale-python-pi-cpu,server_0,1683514916944
2026-07-07 18:18:40.527399,0.0,0.1999999999999993,10.891072991905943,134217728,autoscale-python-pi,autoscale-python-pi-cpu,server_0,1683514918848
2026-07-07 18:18:40.527416,0.0,0.1999999999999993,10.90209219600223,134217728,autoscale-python-pi,autoscale-python-pi-cpu,server_0,1683514605056
2026-07-07 18:18:40.527432,0.0,0.1999999999999993,10.918451205658917,134217728,autoscale-python-pi,autoscale-python-pi-cpu,server_0,1683514712912
2026-07-07 18:18:40.527446,0.0,0.1999999999999993,10.953478737575535,134217728,autoscale-python-pi,autoscale-python-pi-cpu,server_0,1683514715792
2026-07-07 18:18:40.527455,0.0,0.1999999999999993,10.961144820476882,134217728,autoscale-python-pi,autoscale-python-pi-cpu,server_0,1683514558624
2026-07-07 18:18:40.527502,0.0,0.1999999999999993,10.993432518137826,134217728,autoscale-python-pi,autoscale-python-pi-cpu,server_0,1683514562272
2026-07-07 18:18:40.527538,0.0,0.1999999999999993,11.05432080634144,134217728,autoscale-python-pi,autoscale-python-pi-cpu,server_0,1683514322544
2026-07-07 18:18:40.527618,0.0,0.1999999999999993,11.081711194406694,134217728,autoscale-python-pi,autoscale-python-pi-cpu,server_0,1683514916944
2026-07-07 18:18:40.527719,0.0,0.1999999999999993,11.184522344604867,134217728,autoscale-python-pi,autoscale-python-pi-cpu,server_0,1683514918848
2026-07-07 18:18:40.527731,0.0,0.1999999999999993,11.20331061351976,134217728,autoscale-python-pi,autoscale-python-pi-cpu,server_0,1683514605056
2026-07-07 18:18:40.527787,0.0,0.1999999999999993,11.261015452891614,134217728,autoscale-python-pi,autoscale-python-pi-cpu,server_0,1683514712912
2026-07-07 18:18:40.527797,0.0,0.1999999999999993,11.28113619211877,134217728,autoscale-python-pi,autoscale-python-pi-cpu,server_0,1683514715792
2026-07-07 18:18:40.527827,0.0,0.1999999999999993,11.323619940406475,134217728,autoscale-python-pi,autoscale-python-pi-cpu,server_0,1683514558624
2026-07-07 18:18:40.527836,0.0,0.1999999999999993,11.333565759100606,134217728,autoscale-python-pi,autoscale-python-pi-cpu,server_0,1683514562272
2026-07-07 18:18:40.527845,0.0,0.1999999999999993,11.351025704079342,134217728,autoscale-python-pi,autoscale-python-pi-cpu,server_0,1683514322544
2026-07-07 18:18:40.527880,0.0,0.1999999999999993,11.411484139038494,134217728,autoscale-python-pi,autoscale-python-pi-cpu,server_0,1683514916944
2026-07-07 18:18:40.527889,0.0,0.1999999999999993,11.442692534809941,134217728,autoscale-python-pi,autoscale-python-pi-cpu,server_0,1683514918848
2026-07-07 18:18:40.527977,0.0,0.1999999999999993,11.519228462457388,134217728,autoscale-python-pi,autoscale-python-pi-cpu,server_0,1683514605056
2026-07-07 18:18:40.528088,0.0,0.1999999999999993,11.602674042697574,134217728,autoscale-python-pi,autoscale-python-pi-cpu,server_0,1683514712912
2026-07-07 18:18:40.528144,0.0,0.1999999999999993,11.643546098333706,134217728,autoscale-python-pi,autoscale-python-pi-cpu,server_0,1683514715792
2026-07-07 18:18:40.528198,0.0,0.1999999999999993,11.6532608477007,134217728,autoscale-python-pi,autoscale-python-pi-cpu,server_0,1683514558624
2026-07-07 18:18:40.528357,0.0,0.1999999999999993,11.688980914388873,134217728,autoscale-python-pi,autoscale-python-pi-cpu,server_0,1683514562272
2026-07-07 18:18:40.528521,0.0,0.1999999999999993,11.722826174323771,134217728,autoscale-python-pi,autoscale-python-pi-cpu,server_0,1683514322544
2026-07-07 18:18:40.528628,0.0,0.1999999999999993,11.747253108551426,134217728,autoscale-python-pi,autoscale-python-pi-cpu,server_0,1683514916944
2026-07-07 18:18:40.528691,0.0,0.1999999999999993,11.764887810074558,134217728,autoscale-python-pi,autoscale-python-pi-cpu,server_0,1683514918848
2026-07-07 18:18:40.529575,0.0,0.1999999999999993,11.806355496846221,134217728,autoscale-python-pi,autoscale-python-pi-cpu,server_0,1683514605056
2026-07-07 18:18:40.529652,0.0,0.1999999999999993,11.840579588898922,134217728,autoscale-python-pi,autoscale-python-pi-cpu,server_0,1683514712912
2026-07-07 18:18:40.529678,0.0,0.1999999999999993,11.845606658211642,134217728,autoscale-python-pi,autoscale-python-pi-cpu,server_0,1683514715792
2026-07-07 18:18:40.529703,0.0,0.1999999999999993,11.874352975441976,134217728,autoscale-python-pi,autoscale-python-pi-cpu,server_0,1683514558624
2026-07-07 18:18:40.529725,0.0,0.1999999999999993,11.889006150867706,134217728,autoscale-python-pi,autoscale-python-pi-cpu,server_0,1683514562272
2026-07-07 18:18:40.529801,0.0,0.1999999999999993,11.898376434790473,134217728,autoscale-python-pi,autoscale-python-pi-cpu,server_0,1683514322544
2026-07-07 18:18:40.529823,0.0,0.1999999999999993,11.908316654807553,134217728,autoscale-python-pi,autoscale-python-pi-cpu,server_0,1683514916944
2026-07-07 18:18:40.530020,0.0,0.1999999999999993,11.936896808386392,134217728,autoscale-python-pi,autoscale-python-pi-cpu,server_0,1683514918848
2026-07-07 18:18:40.530040,0.0,0.1999999999999993,11.938442651086683,134217728,autoscale-python-pi,autoscale-python-pi-cpu,server_0,1683514605056
2026-07-07 18:18:40.530093,0.0,0.1999999999999993,11.964065779728948,134217728,autoscale-python-pi,autoscale-python-pi-cpu,server_0,1683514712912
2026-07-07 18:18:40.530143,0.0,0.1999999999999993,11.9705396964645,134217728,autoscale-python-pi,autoscale-python-pi-cpu,server_0,1683514715792
2026-07-07 18:18:40.530164,0.0,0.1999999999999993,11.974153896468248,134217728,autoscale-python-pi,autoscale-python-pi-cpu,server_0,1683514558624
2026-07-07 18:18:40.530185,0.0,0.1999999999999993,11.98111488427964,134217728,autoscale-python-pi,autoscale-python-pi-cpu,server_0,1683514562272
2026-07-07 18:18:40.530200,0.0,0.1999999999999993,11.984427104240998,134217728,autoscale-python-pi,autoscale-python-pi-cpu,server_0,1683514322544
2026-07-07 18:18:40.530251,0.0,0.1999999999999993,12.006286168349575,134217728,autoscale-python-pi,autoscale-python-pi-cpu,server_0,1683514916944
2026-07-07 18:18:40.530293,0.0,0.1999999999999993,12.011968569612728,134217728,autoscale-python-pi,autoscale-python-pi-cpu,server_0,1683514918848
2026-07-07 18:18:40.530429,0.0,0.1999999999999993,12.092182875444157,134217728,autoscale-python-pi,autoscale-python-pi-cpu,server_0,1683514605056
2026-07-07 18:18:40.530442,0.0,0.1999999999999993,12.109423000830104,134217728,autoscale-python-pi,autoscale-python-pi-cpu,server_0,1683514712912
2026-07-07 18:18:40.530455,0.0,0.1999999999999993,12.112758233513443,134217728,autoscale-python-pi,autoscale-python-pi-cpu,server_0,1683514715792
2026-07-07 18:18:40.530507,0.0,0.1999999999999993,12.125546958051517,134217728,autoscale-python-pi,autoscale-python-pi-cpu,server_0,1683514558624
2026-07-07 18:18:40.530522,0.0,0.1999999999999993,12.131857076906641,134217728,autoscale-python-pi,autoscale-python-pi-cpu,server_0,1683514562272
2026-07-07 18:18:40.530536,0.0,0.1999999999999993,12.150353706105816,134217728,autoscale-python-pi,autoscale-python-pi-cpu,server_0,1683514322544
2026-07-07 18:18:40.530551,0.0,0.1999999999999993,12.167593248160346,134217728,autoscale-python-pi,autoscale-python-pi-cpu,server_0,1683514916944
2026-07-07 18:18:40.530646,0.0,0.1999999999999993,12.245207212282894,134217728,autoscale-python-pi,autoscale-python-pi-cpu,server_0,1683514918848
2026-07-07 18:18:40.530662,0.0,0.1999999999999993,12.261329524956913,134217728,autoscale-python-pi,autoscale-python-pi-cpu,server_0,1683514605056
2026-07-07 18:18:40.530712,0.0,0.1999999999999993,12.272520782931029,134217728,autoscale-python-pi,autoscale-python-pi-cpu,server_0,1683514712912
2026-07-07 18:18:40.530907,0.0,0.1999999999999993,12.321210319297727,134217728,autoscale-python-pi,autoscale-python-pi-cpu,server_0,1683514715792
2026-07-07 18:18:40.530960,0.0,0.1999999999999993,12.369429320156868,134217728,autoscale-python-pi,autoscale-python-pi-cpu,server_0,1683514558624
2026-07-07 18:18:40.531019,0.0,0.1999999999999993,12.406061011588395,134217728,autoscale-python-pi,autoscale-python-pi-cpu,server_0,1683514562272
2026-07-07 18:18:40.531078,0.0,0.1999999999999993,12.465677688466036,134217728,autoscale-python-pi,autoscale-python-pi-cpu,server_0,1683514322544
2026-07-07 18:18:40.531093,0.0,0.1999999999999993,12.490344834249555,134217728,autoscale-python-pi,autoscale-python-pi-cpu,server_0,1683514916944
2026-07-07 18:18:40.531105,0.0,0.1999999999999993,12.497244974076452,134217728,autoscale-python-pi,autoscale-python-pi-cpu,server_0,1683514918848
2026-07-07 18:18:40.531117,0.0,0.1999999999999993,12.498088293249298,134217728,autoscale-python-pi,autoscale-python-pi-cpu,server_0,1683514605056
2026-07-07 18:18:40.531129,0.0,0.1999999999999993,12.504955528913593,134217728,autoscale-python-pi,autoscale-python-pi-cpu,server_0,1683514712912
2026-07-07 18:18:40.531141,0.0,0.1999999999999993,12.50698729513493,134217728,autoscale-python-pi,autoscale-python-pi-cpu,server_0,1683514715792
2026-07-07 18:18:40.531154,0.0,0.1999999999999993,12.535539083631383,134217728,autoscale-python-pi,autoscale-python-pi-cpu,server_0,1683514558624
2026-07-07 18:18:40.531337,0.0,0.1999999999999993,12.604427371276303,134217728,autoscale-python-pi,autoscale-python-pi-cpu,server_0,1683514562272
2026-07-07 18:18:40.531395,0.0,0.1999999999999993,12.640104102369268,134217728,autoscale-python-pi,autoscale-python-pi-cpu,server_0,1683514322544
2026-07-07 18:18:40.531521,0.0,0.1999999999999993,12.785777556781918,134217728,autoscale-python-pi,autoscale-python-pi-cpu,server_0,1683514916944
2026-07-07 18:18:40.531536,0.0,0.1999999999999993,12.78804359458007,134217728,autoscale-python-pi,autoscale-python-pi-cpu,server_0,1683514918848
2026-07-07 18:18:40.531807,0.0,0.1999999999999993,12.8016423479457,134217728,autoscale-python-pi,autoscale-python-pi-cpu,server_0,1683514605056
2026-07-07 18:18:40.531830,0.0,0.1999999999999993,12.837733080715912,134217728,autoscale-python-pi,autoscale-python-pi-cpu,server_0,1683514712912
2026-07-07 18:18:40.531983,0.0,0.1999999999999993,12.886164787752598,134217728,autoscale-python-pi,autoscale-python-pi-cpu,server_0,1683514715792
2026-07-07 18:18:40.532364,0.0,0.1999999999999993,12.91926916193775,134217728,autoscale-python-pi,autoscale-python-pi-cpu,server_0,1683514558624
2026-07-07 18:18:40.532473,0.0,0.1999999999999993,12.950818505730709,134217728,autoscale-python-pi,autoscale-python-pi-cpu,server_0,1683514562272
2026-07-07 18:18:40.532594,0.0,0.1999999999999993,13.063252009881683,134217728,autoscale-python-pi,autoscale-python-pi-cpu,server_0,1683514322544
2026-07-07 18:18:40.532610,0.0,0.1999999999999993,13.069496176817946,134217728,autoscale-python-pi,autoscale-python-pi-cpu,server_0,1683514916944
2026-07-07 18:18:40.532624,0.0,0.1999999999999993,13.086387028432494,134217728,autoscale-python-pi,autoscale-python-pi-cpu,server_0,1683514918848
2026-07-07 18:18:40.532676,0.0,0.1999999999999993,13.105602295192984,134217728,autoscale-python-pi,autoscale-python-pi-cpu,server_0,1683514605056
2026-07-07 18:18:40.532757,0.0,0.1999999999999993,13.118669404480439,134217728,autoscale-python-pi,autoscale-python-pi-cpu,server_0,1683514712912
2026-07-07 18:18:40.532838,0.0,0.1999999999999993,13.142199514121968,134217728,autoscale-python-pi,autoscale-python-pi-cpu,server_0,1683514715792
2026-07-07 18:18:40.532957,0.0,0.1999999999999993,13.207441404832887,134217728,autoscale-python-pi,autoscale-python-pi-cpu,server_0,1683514558624
2026-07-07 18:18:40.532971,0.0,0.1999999999999993,13.209116051902004,134217728,autoscale-python-pi,autoscale-python-pi-cpu,server_0,1683514562272
2026-07-07 18:18:40.533118,0.0,0.1999999999999993,13.254130996158024,134217728,autoscale-python-pi,autoscale-python-pi-cpu,server_0,1683514322544
2026-07-07 18:18:40.533131,0.0,0.1999999999999993,13.288874738542528,134217728,autoscale-python-pi,autoscale-python-pi-cpu,server_0,1683514916944
2026-07-07 18:18:40.533144,0.0,0.1999999999999993,13.315387524622812,134217728,autoscale-python-pi,autoscale-python-pi-cpu,server_0,1683514918848
2026-07-07 18:18:40.533157,0.0,0.1999999999999993,13.315652461725847,134217728,autoscale-python-pi,autoscale-python-pi-cpu,server_0,1683514605056
2026-07-07 18:18:40.533188,0.0,0.1999999999999993,13.319143051046218,134217728,autoscale-python-pi,autoscale-python-pi-cpu,server_0,1683514712912
2026-07-07 18:18:40.533224,0.0,0.1999999999999993,13.328231318747104,134217728,autoscale-python-pi,autoscale-python-pi-cpu,server_0,1683514715792
2026-07-07 18:18:40.533389,0.0,0.1999999999999993,13.367671416467015,134217728,autoscale-python-pi,autoscale-python-pi-cpu,server_0,1683514558624
2026-07-07 18:18:40.533405,0.0,0.1999999999999993,13.387336257120655,134217728,autoscale-python-pi,autoscale-python-pi-cpu,server_0,1683514562272
2026-07-07 18:18:40.533446,0.0,0.1999999999999993,13.397833552724357,134217728,autoscale-python-pi,autoscale-python-pi-cpu,server_0,1683514322544
2026-07-07 18:18:40.533458,0.0,0.1999999999999993,13.411464382340274,134217728,autoscale-python-pi,autoscale-python-pi-cpu,server_0,1683514916944
2026-07-07 18:18:40.533468,0.0,0.1999999999999993,13.412256926996475,134217728,autoscale-python-pi,autoscale-python-pi-cpu,server_0,1683514918848
2026-07-07 18:18:40.533476,0.0,0.1999999999999993,13.433381992190533,134217728,autoscale-python-pi,autoscale-python-pi-cpu,server_0,1683514605056
2026-07-07 18:18:40.533484,0.0,0.1999999999999993,13.438599332757912,134217728,autoscale-python-pi,autoscale-python-pi-cpu,server_0,1683514712912
2026-07-07 18:18:40.533599,0.0,0.1999999999999993,13.532086858352399,134217728,autoscale-python-pi,autoscale-python-pi-cpu,server_0,1683514715792
2026-07-07 18:18:40.533611,0.0,0.1999999999999993,13.535109403005725,134217728,autoscale-python-pi,autoscale-python-pi-cpu,server_0,1683514558624
2026-07-07 18:18:40.533672,0.0,0.1999999999999993,13.557613824027861,134217728,autoscale-python-pi,autoscale-python-pi-cpu,server_0,1683514562272
2026-07-07 18:18:40.533687,0.0,0.1999999999999993,13.559002751632475,134217728,autoscale-python-pi,autoscale-python-pi-cpu,server_0,1683514322544
2026-07-07 18:18:40.533736,0.0,0.1999999999999993,13.5928504186005,134217728,autoscale-python-pi,autoscale-python-pi-cpu,server_0,1683514916944
2026-07-07 18:18:40.533752,0.0,0.1999999999999993,13.661880757982715,134217728,autoscale-python-pi,autoscale-python-pi-cpu,server_0,1683514918848
2026-07-07 18:18:40.533807,0.0,0.1999999999999993,13.663286564965894,134217728,autoscale-python-pi,autoscale-python-pi-cpu,server_0,1683514605056
2026-07-07 18:18:40.533823,0.0,0.1999999999999993,13.672894106648222,134217728,autoscale-python-pi,autoscale-python-pi-cpu,server_0,1683514712912
2026-07-07 18:18:40.533876,0.0,0.1999999999999993,13.680602887114823,134217728,autoscale-python-pi,autoscale-python-pi-cpu,server_0,1683514715792
2026-07-07 18:18:40.534048,0.0,0.1999999999999993,13.721502314226262,134217728,autoscale-python-pi,autoscale-python-pi-cpu,server_0,1683514558624
2026-07-07 18:18:40.534142,0.0,0.1999999999999993,13.75544787752947,134217728,autoscale-python-pi,autoscale-python-pi-cpu,server_0,1683514562272
2026-07-07 18:18:40.534199,0.0,0.1999999999999993,13.79091660327449,134217728,autoscale-python-pi,autoscale-python-pi-cpu,server_0,1683514322544
2026-07-07 18:18:40.534494,0.0,0.1999999999999993,13.862851124039075,134217728,autoscale-python-pi,autoscale-python-pi-cpu,server_0,1683514916944
2026-07-07 18:18:40.534534,0.0,0.1999999999999993,13.874241635105967,134217728,autoscale-python-pi,autoscale-python-pi-cpu,server_0,1683514918848
2026-07-07 18:18:40.534566,0.0,0.1999999999999993,13.893328291076607,134217728,autoscale-python-pi,autoscale-python-pi-cpu,server_0,1683514605056
2026-07-07 18:18:40.534576,0.0,0.1999999999999993,13.89528053104303,134217728,autoscale-python-pi,autoscale-python-pi-cpu,server_0,1683514712912
2026-07-07 18:18:40.534608,0.0,0.1999999999999993,13.910917973328486,134217728,autoscale-python-pi,autoscale-python-pi-cpu,server_0,1683514715792
2026-07-07 18:18:40.534617,0.0,0.1999999999999993,13.911146610760857,134217728,autoscale-python-pi,autoscale-python-pi-cpu,server_0,1683514558624
2026-07-07 18:18:40.534675,0.0,0.1999999999999993,13.932621819241778,134217728,autoscale-python-pi,autoscale-python-pi-cpu,server_0,1683514562272
2026-07-07 18:18:40.534684,0.0,0.1999999999999993,13.944689963740764,134217728,autoscale-python-pi,autoscale-python-pi-cpu,server_0,1683514322544
2026-07-07 18:18:40.534761,0.0,0.1999999999999993,13.970488977869163,134217728,autoscale-python-pi,autoscale-python-pi-cpu,server_0,1683514916944
2026-07-07 18:18:40.534857,0.0,0.1999999999999993,14.025358966515544,134217728,autoscale-python-pi,autoscale-python-pi-cpu,server_0,1683514918848
2026-07-07 18:18:40.534867,0.0,0.1999999999999993,14.026232560413835,134217728,autoscale-python-pi,autoscale-python-pi-cpu,server_0,1683514605056
2026-07-07 18:18:40.534875,0.0,0.1999999999999993,14.043236504117873,134217728,autoscale-python-pi,autoscale-python-pi-cpu,server_0,1683514712912
2026-07-07 18:18:40.534904,0.0,0.1999999999999993,14.0635975490874,134217728,autoscale-python-pi,autoscale-python-pi-cpu,server_0,1683514715792
2026-07-07 18:18:40.534913,0.0,0.1999999999999993,14.079165799896478,134217728,autoscale-python-pi,autoscale-python-pi-cpu,server_0,1683514558624
2026-07-07 18:18:40.534945,0.0,0.1999999999999993,14.110754024736387,134217728,autoscale-python-pi,autoscale-python-pi-cpu,server_0,1683514562272
2026-07-07 18:18:40.534954,0.0,0.1999999999999993,14.117045779306144,134217728,autoscale-python-pi,autoscale-python-pi-cpu,server_0,1683514322544
2026-07-07 18:18:40.534962,0.0,0.1999999999999993,14.119961919511427,134217728,autoscale-python-pi,autoscale-python-pi-cpu,server_0,1683514916944
2026-07-07 18:18:40.535015,0.0,0.1999999999999993,14.155334621561105,134217728,autoscale-python-pi,autoscale-python-pi-cpu,server_0,1683514918848
2026-07-07 18:18:40.535025,0.0,0.1999999999999993,14.1663502343181,134217728,autoscale-python-pi,autoscale-python-pi-cpu,server_0,1683514605056
2026-07-07 18:18:40.535033,0.0,0.1999999999999993,14.167628579230152,134217728,autoscale-python-pi,autoscale-python-pi-cpu,server_0,1683514712912
2026-07-07 18:18:40.535043,0.0,0.1999999999999993,14.178518215270586,134217728,autoscale-python-pi,autoscale-python-pi-cpu,server_0,1683514715792
2026-07-07 18:18:40.535051,0.0,0.1999999999999993,14.184532676395504,134217728,autoscale-python-pi,autoscale-python-pi-cpu,server_0,1683514558624
2026-07-07 18:18:40.535108,0.0,0.1999999999999993,14.215021007956453,134217728,autoscale-python-pi,autoscale-python-pi-cpu,server_0,1683514562272
2026-07-07 18:18:40.535139,0.0,0.1999999999999993,14.22006809347969,134217728,autoscale-python-pi,autoscale-python-pi-cpu,server_0,1683514322544
2026-07-07 18:18:40.535200,0.0,0.1999999999999993,14.256889059603866,134217728,autoscale-python-pi,autoscale-python-pi-cpu,server_0,1683514916944
2026-07-07 18:18:40.535254,0.0,0.1999999999999993,14.28555857456342,134217728,autoscale-python-pi,autoscale-python-pi-cpu,server_0,1683514918848
2026-07-07 18:18:40.535351,0.0,0.1999999999999993,14.334893043414295,134217728,autoscale-python-pi,autoscale-python-pi-cpu,server_0,1683514605056
2026-07-07 18:18:40.535360,0.0,0.1999999999999993,14.339815547359779,134217728,autoscale-python-pi,autoscale-python-pi-cpu,server_0,1683514712912
2026-07-07 18:18:40.535456,0.0,0.1999999999999993,14.389859324840835,134217728,autoscale-python-pi,autoscale-python-pi-cpu,server_0,1683514715792
2026-07-07 18:18:40.535467,0.0,0.1999999999999993,14.402659011515604,134217728,autoscale-python-pi,autoscale-python-pi-cpu,server_0,1683514558624
2026-07-07 18:18:40.535475,0.0,0.1999999999999993,14.418277562519108,134217728,autoscale-python-pi,autoscale-python-pi-cpu,server_0,1683514562272
2026-07-07 18:18:40.535483,0.0,0.1999999999999993,14.425086629914714,134217728,autoscale-python-pi,autoscale-python-pi-cpu,server_0,1683514322544
2026-07-07 18:18:40.535524,0.0,0.1999999999999993,14.43633869742049,134217728,autoscale-python-pi,autoscale-python-pi-cpu,server_0,1683514916944
2026-07-07 18:18:40.535596,0.0,0.1999999999999993,14.465095183323493,134217728,autoscale-python-pi,autoscale-python-pi-cpu,server_0,1683514918848
2026-07-07 18:18:40.535610,0.0,0.1999999999999993,14.473302889365868,134217728,autoscale-python-pi,autoscale-python-pi-cpu,server_0,1683514605056
2026-07-07 18:18:40.535698,0.0,0.1999999999999993,14.499058845220478,134217728,autoscale-python-pi,autoscale-python-pi-cpu,server_0,1683514712912
2026-07-07 18:18:40.535712,0.0,0.1999999999999993,14.499092391557543,134217728,autoscale-python-pi,autoscale-python-pi-cpu,server_0,1683514715792
2026-07-07 18:18:40.535759,0.0,0.1999999999999993,14.511247007387865,134217728,autoscale-python-pi,autoscale-python-pi-cpu,server_0,1683514558624
2026-07-07 18:18:40.535774,0.0,0.1999999999999993,14.518529517407341,134217728,autoscale-python-pi,autoscale-python-pi-cpu,server_0,1683514562272
2026-07-07 18:18:40.535821,0.0,0.1999999999999993,14.541752485600854,134217728,autoscale-python-pi,autoscale-python-pi-cpu,server_0,1683514322544
2026-07-07 18:18:40.535835,0.0,0.1999999999999993,14.5427674270972,134217728,autoscale-python-pi,autoscale-python-pi-cpu,server_0,1683514916944
2026-07-07 18:18:40.535886,0.0,0.1999999999999993,14.570336011884947,134217728,autoscale-python-pi,autoscale-python-pi-cpu,server_0,1683514918848
2026-07-07 18:18:40.535937,0.0,0.1999999999999993,14.587002547151481,134217728,autoscale-python-pi,autoscale-python-pi-cpu,server_0,1683514605056
2026-07-07 18:18:40.536054,0.0,0.1999999999999993,14.626763332235656,134217728,autoscale-python-pi,autoscale-python-pi-cpu,server_0,1683514712912
2026-07-07 18:18:40.536139,0.0,0.1999999999999993,14.642491450410516,134217728,autoscale-python-pi,autoscale-python-pi-cpu,server_0,1683514715792
2026-07-07 18:18:40.536223,0.0,0.1999999999999993,14.664142429309647,134217728,autoscale-python-pi,autoscale-python-pi-cpu,server_0,1683514558624
2026-07-07 18:18:40.536247,0.0,0.1999999999999993,14.680097058181165,134217728,autoscale-python-pi,autoscale-python-pi-cpu,server_0,1683514562272
2026-07-07 18:18:40.536268,0.0,0.1999999999999993,14.695419200636215,134217728,autoscale-python-pi,autoscale-python-pi-cpu,server_0,1683514322544
2026-07-07 18:18:40.536281,0.0,0.1999999999999993,14.705381637944198,134217728,autoscale-python-pi,autoscale-python-pi-cpu,server_0,1683514916944
2026-07-07 18:18:40.536296,0.0,0.1999999999999993,14.724990094118999,134217728,autoscale-python-pi,autoscale-python-pi-cpu,server_0,1683514918848
2026-07-07 18:18:40.536403,0.0,0.1999999999999993,14.748428433990338,134217728,autoscale-python-pi,autoscale-python-pi-cpu,server_0,1683514605056
2026-07-07 18:18:40.536462,0.0,0.1999999999999993,14.77579296434459,134217728,autoscale-python-pi,autoscale-python-pi-cpu,server_0,1683514712912
2026-07-07 18:18:40.536554,0.0,0.1999999999999993,14.793469500040157,134217728,autoscale-python-pi,autoscale-python-pi-cpu,server_0,1683514715792
2026-07-07 18:18:40.536948,0.0,0.1999999999999993,14.805520985500628,134217728,autoscale-python-pi,autoscale-python-pi-cpu,server_0,1683514558624
2026-07-07 18:18:40.536970,0.0,0.1999999999999993,14.825209946992752,134217728,autoscale-python-pi,autoscale-python-pi-cpu,server_0,1683514562272
2026-07-07 18:18:40.537068,0.0,0.1999999999999993,14.836615823897972,134217728,autoscale-python-pi,autoscale-python-pi-cpu,server_0,1683514322544
2026-07-07 18:18:40.537083,0.0,0.1999999999999993,14.84205315179045,134217728,autoscale-python-pi,autoscale-python-pi-cpu,server_0,1683514916944
2026-07-07 18:18:40.537097,0.0,0.1999999999999993,14.845493300266114,134217728,autoscale-python-pi,autoscale-python-pi-cpu,server_0,1683514918848
2026-07-07 18:18:40.537240,0.0,0.1999999999999993,14.945314515772596,134217728,autoscale-python-pi,autoscale-python-pi-cpu,server_0,1683514605056
2026-07-07 18:18:40.537253,0.0,0.1999999999999993,14.967891720048415,134217728,autoscale-python-pi,autoscale-python-pi-cpu,server_0,1683514712912
2026-07-07 18:18:40.537335,0.0,0.1999999999999993,14.978262750892545,134217728,autoscale-python-pi,autoscale-python-pi-cpu,server_0,1683514715792
2026-07-07 18:18:40.537349,0.0,0.1999999999999993,14.997341457589346,134217728,autoscale-python-pi,autoscale-python-pi-cpu,server_0,1683514558624
2026-07-07 18:18:40.537424,0.0,0.1999999999999993,15.036213425122856,134217728,autoscale-python-pi,autoscale-python-pi-cpu,server_0,1683514562272
2026-07-07 18:18:40.537438,0.0,0.1999999999999993,15.036437938033131,134217728,autoscale-python-pi,autoscale-python-pi-cpu,server_0,1683514322544
2026-07-07 18:18:40.537510,0.0,0.1999999999999993,15.075200458824968,134217728,autoscale-python-pi,autoscale-python-pi-cpu,server_0,1683514916944
2026-07-07 18:18:40.537521,0.0,0.1999999999999993,15.086581026243216,134217728,autoscale-python-pi,autoscale-python-pi-cpu,server_0,1683514918848
2026-07-07 18:18:40.537559,0.0,0.1999999999999993,15.09941779169752,134217728,autoscale-python-pi,autoscale-python-pi-cpu,server_0,1683514605056
2026-07-07 18:18:40.537703,0.0,0.1999999999999993,15.143106119198409,134217728,autoscale-python-pi,autoscale-python-pi-cpu,server_0,1683514712912
2026-07-07 18:18:40.537715,0.0,0.1999999999999993,15.170663205869738,134217728,autoscale-python-pi,autoscale-python-pi-cpu,server_0,1683514715792
2026-07-07 18:18:40.537728,0.0,0.1999999999999993,15.177113505334068,134217728,autoscale-python-pi,autoscale-python-pi-cpu,server_0,1683514558624
2026-07-07 18:18:40.537989,0.0,0.1999999999999993,15.198683877961944,134217728,autoscale-python-pi,autoscale-python-pi-cpu,server_0,1683514562272
2026-07-07 18:18:40.538097,0.0,0.1999999999999993,15.227537918493882,134217728,autoscale-python-pi,autoscale-python-pi-cpu,server_0,1683514322544
2026-07-07 18:18:40.538117,0.0,0.1999999999999993,15.259166656586741,134217728,autoscale-python-pi,autoscale-python-pi-cpu,server_0,1683514916944
2026-07-07 18:18:40.538233,0.0,0.1999999999999993,15.264874844631914,134217728,autoscale-python-pi,autoscale-python-pi-cpu,server_0,1683514918848
2026-07-07 18:18:40.538253,0.0,0.1999999999999993,15.291378518752492,134217728,autoscale-python-pi,autoscale-python-pi-cpu,server_0,1683514605056
2026-07-07 18:18:40.538427,0.0,0.1999999999999993,15.299766905191467,134217728,autoscale-python-pi,autoscale-python-pi-cpu,server_0,1683514712912
2026-07-07 18:18:40.538449,0.0,0.1999999999999993,15.32226374123824,134217728,autoscale-python-pi,autoscale-python-pi-cpu,server_0,1683514715792
2026-07-07 18:18:40.538467,0.0,0.1999999999999993,15.322503323727709,134217728,autoscale-python-pi,autoscale-python-pi-cpu,server_0,1683514558624
2026-07-07 18:18:40.538483,0.0,0.1999999999999993,15.325941778399606,134217728,autoscale-python-pi,autoscale-python-pi-cpu,server_0,1683514562272
2026-07-07 18:18:40.538588,0.0,0.1999999999999993,15.386157785363286,134217728,autoscale-python-pi,autoscale-python-pi-cpu,server_0,1683514322544
2026-07-07 18:18:40.538603,0.0,0.1999999999999993,15.389373830581151,134217728,autoscale-python-pi,autoscale-python-pi-cpu,server_0,1683514916944
2026-07-07 18:18:40.538613,0.0,0.1999999999999993,15.396576262336794,134217728,autoscale-python-pi,autoscale-python-pi-cpu,server_0,1683514918848
2026-07-07 18:18:40.538622,0.0,0.1999999999999993,15.398095234373146,134217728,autoscale-python-pi,autoscale-python-pi-cpu,server_0,1683514605056
2026-07-07 18:18:40.538684,0.0,0.1999999999999993,15.409852845551727,134217728,autoscale-python-pi,autoscale-python-pi-cpu,server_0,1683514712912
2026-07-07 18:18:40.538693,0.0,0.1999999999999993,15.41676280720559,134217728,autoscale-python-pi,autoscale-python-pi-cpu,server_0,1683514715792
2026-07-07 18:18:40.538723,0.0,0.1999999999999993,15.461530933030517,134217728,autoscale-python-pi,autoscale-python-pi-cpu,server_0,1683514558624
2026-07-07 18:18:40.538734,0.0,0.1999999999999993,15.463253498514396,134217728,autoscale-python-pi,autoscale-python-pi-cpu,server_0,1683514562272
2026-07-07 18:18:40.538882,0.0,0.1999999999999993,15.492771748717368,134217728,autoscale-python-pi,autoscale-python-pi-cpu,server_0,1683514322544
2026-07-07 18:18:40.538892,0.0,0.1999999999999993,15.49417770755525,134217728,autoscale-python-pi,autoscale-python-pi-cpu,server_0,1683514916944
2026-07-07 18:18:40.538922,0.0,0.1999999999999993,15.555486275522306,134217728,autoscale-python-pi,autoscale-python-pi-cpu,server_0,1683514918848
2026-07-07 18:18:40.538953,0.0,0.1999999999999993,15.570645796014109,134217728,autoscale-python-pi,autoscale-python-pi-cpu,server_0,1683514605056
2026-07-07 18:18:40.539027,0.0,0.1999999999999993,15.598115084566055,134217728,autoscale-python-pi,autoscale-python-pi-cpu,server_0,1683514712912
2026-07-07 18:18:40.539037,0.0,0.1999999999999993,15.604029406161136,134217728,autoscale-python-pi,autoscale-python-pi-cpu,server_0,1683514715792
2026-07-07 18:18:40.539092,0.0,0.1999999999999993,15.645659571333308,134217728,autoscale-python-pi,autoscale-python-pi-cpu,server_0,1683514558624
2026-07-07 18:18:40.539122,0.0,0.1999999999999993,15.672250615695534,134217728,autoscale-python-pi,autoscale-python-pi-cpu,server_0,1683514562272
2026-07-07 18:18:40.539131,0.0,0.1999999999999993,15.688697922158818,134217728,autoscale-python-pi,autoscale-python-pi-cpu,server_0,1683514322544
2026-07-07 18:18:40.539139,0.0,0.1999999999999993,15.736191170164457,134217728,autoscale-python-pi,autoscale-python-pi-cpu,server_0,1683514916944
2026-07-07 18:18:40.539175,0.0,0.1999999999999993,15.758668975193325,134217728,autoscale-python-pi,autoscale-python-pi-cpu,server_0,1683514918848
2026-07-07 18:18:40.539187,0.0,0.1999999999999993,15.780598135563917,134217728,autoscale-python-pi,autoscale-python-pi-cpu,server_0,1683514605056
2026-07-07 18:18:40.539195,0.0,0.1999999999999993,15.785743683898426,134217728,autoscale-python-pi,autoscale-python-pi-cpu,server_0,1683514712912
2026-07-07 18:18:40.539226,0.0,0.1999999999999993,15.791069484450876,134217728,autoscale-python-pi,autoscale-python-pi-cpu,server_0,1683514715792
2026-07-07 18:18:40.539402,0.0,0.1999999999999993,15.827297678508238,134217728,autoscale-python-pi,autoscale-python-pi-cpu,server_0,1683514558624
2026-07-07 18:18:40.539413,0.0,0.1999999999999993,15.828864501282641,134217728,autoscale-python-pi,autoscale-python-pi-cpu,server_0,1683514562272
2026-07-07 18:18:40.539469,0.0,0.20000000000000107,15.86186549736732,134217728,autoscale-python-pi,autoscale-python-pi-cpu,server_0,1683514322544
2026-07-07 18:18:40.539595,0.0,0.1999999999999993,15.940726299923735,134217728,autoscale-python-pi,autoscale-python-pi-cpu,server_0,1683514916944
2026-07-07 18:18:40.539698,0.0,0.20000000000000107,15.990163984635915,134217728,autoscale-python-pi,autoscale-python-pi-cpu,server_0,1683514918848
2026-07-07 18:18:40.539709,0.0,0.1999999999999993,15.993821067449133,134217728,autoscale-python-pi,autoscale-python-pi-cpu,server_0,1683514605056
2026-07-07 18:18:40.539852,0.0,0.1999999999999993,16.04775701142005,134217728,autoscale-python-pi,autoscale-python-pi-cpu,server_0,1683514712912
2026-07-07 18:18:40.539861,0.0,0.1999999999999993,16.047998114459244,134217728,autoscale-python-pi,autoscale-python-pi-cpu,server_0,1683514715792
2026-07-07 18:18:40.539890,0.0,0.1999999999999993,16.065103600828394,134217728,autoscale-python-pi,autoscale-python-pi-cpu,server_0,1683514558624
2026-07-07 18:18:40.539921,0.0,0.1999999999999993,16.070037397883112,134217728,autoscale-python-pi,autoscale-python-pi-cpu,server_0,1683514562272
2026-07-07 18:18:40.539952,0.0,0.1999999999999993,16.08297311925868,134217728,autoscale-python-pi,autoscale-python-pi-cpu,server_0,1683514322544
2026-07-07 18:18:40.539961,0.0,0.1999999999999993,16.095577378855555,134217728,autoscale-python-pi,autoscale-python-pi-cpu,server_0,1683514916944
2026-07-07 18:18:40.539969,0.0,0.1999999999999993,16.12169284553475,134217728,autoscale-python-pi,autoscale-python-pi-cpu,server_0,1683514918848
2026-07-07 18:18:40.540002,0.0,0.1999999999999993,16.141574888278633,134217728,autoscale-python-pi,autoscale-python-pi-cpu,server_0,1683514605056
2026-07-07 18:18:40.540011,0.0,0.1999999999999993,16.144635723520373,134217728,autoscale-python-pi,autoscale-python-pi-cpu,server_0,1683514712912
2026-07-07 18:18:40.540019,0.0,0.1999999999999993,16.154550541181358,134217728,autoscale-python-pi,autoscale-python-pi-cpu,server_0,1683514715792
2026-07-07 18:18:40.540070,0.0,0.1999999999999993,16.18621527365163,134217728,autoscale-python-pi,autoscale-python-pi-cpu,server_0,1683514558624
2026-07-07 18:18:40.540078,0.0,0.1999999999999993,16.19552714690521,134217728,autoscale-python-pi,autoscale-python-pi-cpu,server_0,1683514562272
2026-07-07 18:18:40.540086,0.0,0.1999999999999993,16.205529103143142,134217728,autoscale-python-pi,autoscale-python-pi-cpu,server_0,1683514322544
2026-07-07 18:18:40.540094,0.0,0.1999999999999993,16.209826445928314,134217728,autoscale-python-pi,autoscale-python-pi-cpu,server_0,1683514916944
2026-07-07 18:18:40.540128,0.0,0.1999999999999993,16.215518538776717,134217728,autoscale-python-pi,autoscale-python-pi-cpu,server_0,1683514918848
2026-07-07 18:18:40.540137,0.0,0.1999999999999993,16.22193453295508,134217728,autoscale-python-pi,autoscale-python-pi-cpu,server_0,1683514605056
2026-07-07 18:18:40.540146,0.0,0.1999999999999993,16.228549065376725,134217728,autoscale-python-pi,autoscale-python-pi-cpu,server_0,1683514712912
2026-07-07 18:18:40.540190,0.0,0.1999999999999993,16.25321077663352,134217728,autoscale-python-pi,autoscale-python-pi-cpu,server_0,1683514715792
2026-07-07 18:18:40.540203,0.0,0.1999999999999993,16.26891073220689,134217728,autoscale-python-pi,autoscale-python-pi-cpu,server_0,1683514558624
2026-07-07 18:18:40.540254,0.0,0.1999999999999993,16.27812726127103,134217728,autoscale-python-pi,autoscale-python-pi-cpu,server_0,1683514562272
2026-07-07 18:18:40.540305,0.0,0.1999999999999993,16.328137975973558,134217728,autoscale-python-pi,autoscale-python-pi-cpu,server_0,1683514322544
2026-07-07 18:18:40.540334,0.0,0.1999999999999993,16.37322614482891,134217728,autoscale-python-pi,autoscale-python-pi-cpu,server_0,1683514916944
2026-07-07 18:18:40.540342,0.0,0.1999999999999993,16.374341090264107,134217728,autoscale-python-pi,autoscale-python-pi-cpu,server_0,1683514918848
2026-07-07 18:18:40.540371,0.0,0.1999999999999993,16.40993148875246,134217728,autoscale-python-pi,autoscale-python-pi-cpu,server_0,1683514605056
2026-07-07 18:18:40.540380,0.0,0.1999999999999993,16.440884907777352,134217728,autoscale-python-pi,autoscale-python-pi-cpu,server_0,1683514712912
2026-07-07 18:18:40.540411,0.0,0.1999999999999993,16.46961759725042,134217728,autoscale-python-pi,autoscale-python-pi-cpu,server_0,1683514715792
2026-07-07 18:18:40.540419,0.0,0.1999999999999993,16.47140123488808,134217728,autoscale-python-pi,autoscale-python-pi-cpu,server_0,1683514558624
2026-07-07 18:18:40.540449,0.0,0.1999999999999993,16.511522558085545,134217728,autoscale-python-pi,autoscale-python-pi-cpu,server_0,1683514562272
2026-07-07 18:18:40.540457,0.0,0.1999999999999993,16.522043317673983,134217728,autoscale-python-pi,autoscale-python-pi-cpu,server_0,1683514322544
2026-07-07 18:18:40.540508,0.0,0.1999999999999993,16.551118919660382,134217728,autoscale-python-pi,autoscale-python-pi-cpu,server_0,1683514916944
2026-07-07 18:18:40.540595,0.0,0.1999999999999993,16.599511157140416,134217728,autoscale-python-pi,autoscale-python-pi-cpu,server_0,1683514918848
2026-07-07 18:18:40.540689,0.0,0.1999999999999993,16.659814199277324,134217728,autoscale-python-pi,autoscale-python-pi-cpu,server_0,1683514605056
2026-07-07 18:18:40.540721,0.0,0.1999999999999993,16.693107330517993,134217728,autoscale-python-pi,autoscale-python-pi-cpu,server_0,1683514712912
2026-07-07 18:18:40.540730,0.0,0.1999999999999993,16.732121262069494,134217728,autoscale-python-pi,autoscale-python-pi-cpu,server_0,1683514715792
2026-07-07 18:18:40.540741,0.0,0.1999999999999993,16.737377552910864,134217728,autoscale-python-pi,autoscale-python-pi-cpu,server_0,1683514558624
2026-07-07 18:18:40.540772,0.0,0.1999999999999993,16.754490077245663,134217728,autoscale-python-pi,autoscale-python-pi-cpu,server_0,1683514562272
2026-07-07 18:18:40.540781,0.0,0.1999999999999993,16.755703417602202,134217728,autoscale-python-pi,autoscale-python-pi-cpu,server_0,1683514322544
2026-07-07 18:18:40.540830,0.0,0.1999999999999993,16.782081164202,134217728,autoscale-python-pi,autoscale-python-pi-cpu,server_0,1683514916944
2026-07-07 18:18:40.540962,0.0,0.1999999999999993,16.80035807638325,134217728,autoscale-python-pi,autoscale-python-pi-cpu,server_0,1683514918848
2026-07-07 18:18:40.540973,0.0,0.1999999999999993,16.80275193319682,134217728,autoscale-python-pi,autoscale-python-pi-cpu,server_0,1683514605056
2026-07-07 18:18:40.541032,0.0,0.1999999999999993,16.812434710830388,134217728,autoscale-python-pi,autoscale-python-pi-cpu,server_0,1683514712912
2026-07-07 18:18:40.541042,0.0,0.1999999999999993,16.822998541281535,134217728,autoscale-python-pi,autoscale-python-pi-cpu,server_0,1683514715792
2026-07-07 18:18:40.541099,0.0,0.1999999999999993,16.888559445189507,134217728,autoscale-python-pi,autoscale-python-pi-cpu,server_0,1683514558624
2026-07-07 18:18:40.541157,0.0,0.1999999999999993,16.950970551671485,134217728,autoscale-python-pi,autoscale-python-pi-cpu,server_0,1683514562272
2026-07-07 18:18:40.541171,0.0,0.1999999999999993,16.964785502001565,134217728,autoscale-python-pi,autoscale-python-pi-cpu,server_0,1683514322544
2026-07-07 18:18:40.541215,0.0,0.1999999999999993,16.97576314313515,134217728,autoscale-python-pi,autoscale-python-pi-cpu,server_0,1683514916944
2026-07-07 18:18:40.541296,0.0,0.1999999999999993,17.003751146877537,134217728,autoscale-python-pi,autoscale-python-pi-cpu,server_0,1683514918848
2026-07-07 18:18:40.541326,0.0,0.1999999999999993,17.006172904577944,134217728,autoscale-python-pi,autoscale-python-pi-cpu,server_0,1683514605056
2026-07-07 18:18:40.541334,0.0,0.1999999999999993,17.024850338595343,134217728,autoscale-python-pi,autoscale-python-pi-cpu,server_0,1683514712912
2026-07-07 18:18:40.541343,0.0,0.1999999999999993,17.080620084494043,134217728,autoscale-python-pi,autoscale-python-pi-cpu,server_0,1683514715792
2026-07-07 18:18:40.541356,0.0,0.1999999999999993,17.097794460019927,134217728,autoscale-python-pi,autoscale-python-pi-cpu,server_0,1683514558624
2026-07-07 18:18:40.541367,0.0,0.1999999999999993,17.136655999978966,134217728,autoscale-python-pi,autoscale-python-pi-cpu,server_0,1683514562272
2026-07-07 18:18:40.541375,0.0,0.1999999999999993,17.172230495140457,134217728,autoscale-python-pi,autoscale-python-pi-cpu,server_0,1683514322544
2026-07-07 18:18:40.541382,0.0,0.1999999999999993,17.182408761385396,134217728,autoscale-python-pi,autoscale-python-pi-cpu,server_0,1683514916944
2026-07-07 18:18:40.541421,0.0,0.1999999999999993,17.193121230363346,134217728,autoscale-python-pi,autoscale-python-pi-cpu,server_0,1683514918848
2026-07-07 18:18:40.541431,0.0,0.1999999999999993,17.203011677671082,134217728,autoscale-python-pi,autoscale-python-pi-cpu,server_0,1683514605056
2026-07-07 18:18:40.541440,0.0,0.1999999999999993,17.203858913907922,134217728,autoscale-python-pi,autoscale-python-pi-cpu,server_0,1683514712912
2026-07-07 18:18:40.541588,0.0,0.1999999999999993,17.385780589364067,134217728,autoscale-python-pi,autoscale-python-pi-cpu,server_0,1683514715792
2026-07-07 18:18:40.541713,0.0,0.1999999999999993,17.441389004669034,134217728,autoscale-python-pi,autoscale-python-pi-cpu,server_0,1683514558624
2026-07-07 18:18:40.541723,0.0,0.1999999999999993,17.443943514885206,134217728,autoscale-python-pi,autoscale-python-pi-cpu,server_0,1683514562272
2026-07-07 18:18:40.541731,0.0,0.1999999999999993,17.449916039921327,134217728,autoscale-python-pi,autoscale-python-pi-cpu,server_0,1683514322544
2026-07-07 18:18:40.541740,0.0,0.1999999999999993,17.46056186454019,134217728,autoscale-python-pi,autoscale-python-pi-cpu,server_0,1683514916944
2026-07-07 18:18:40.541748,0.0,0.1999999999999993,17.502667467013687,134217728,autoscale-python-pi,autoscale-python-pi-cpu,server_0,1683514918848
2026-07-07 18:18:40.541756,0.0,0.1999999999999993,17.51339347568117,134217728,autoscale-python-pi,autoscale-python-pi-cpu,server_0,1683514605056
2026-07-07 18:18:40.541821,0.0,0.1999999999999993,17.58834258194882,134217728,autoscale-python-pi,autoscale-python-pi-cpu,server_0,1683514712912
2026-07-07 18:18:40.541835,0.0,0.1999999999999993,17.59810614272534,134217728,autoscale-python-pi,autoscale-python-pi-cpu,server_0,1683514715792
2026-07-07 18:18:40.541843,0.0,0.1999999999999993,17.59981399037315,134217728,autoscale-python-pi,autoscale-python-pi-cpu,server_0,1683514558624
2026-07-07 18:18:40.541852,0.0,0.1999999999999993,17.602904807812656,134217728,autoscale-python-pi,autoscale-python-pi-cpu,server_0,1683514562272
2026-07-07 18:18:40.541862,0.0,0.1999999999999993,17.62909536290628,134217728,autoscale-python-pi,autoscale-python-pi-cpu,server_0,1683514322544
2026-07-07 18:18:40.542068,0.0,0.1999999999999993,17.723062792912263,134217728,autoscale-python-pi,autoscale-python-pi-cpu,server_0,1683514916944
2026-07-07 18:18:40.542079,0.0,0.1999999999999993,17.76521689894749,134217728,autoscale-python-pi,autoscale-python-pi-cpu,server_0,1683514918848
2026-07-07 18:18:40.542523,0.0,0.1999999999999993,17.830467077896113,134217728,autoscale-python-pi,autoscale-python-pi-cpu,server_0,1683514605056
2026-07-07 18:18:40.542543,0.0,0.1999999999999993,17.840420129049605,134217728,autoscale-python-pi,autoscale-python-pi-cpu,server_0,1683514712912
2026-07-07 18:18:40.542561,0.0,0.1999999999999993,17.849947460537965,134217728,autoscale-python-pi,autoscale-python-pi-cpu,server_0,1683514715792
2026-07-07 18:18:40.542578,0.0,0.1999999999999993,17.852694069522745,134217728,autoscale-python-pi,autoscale-python-pi-cpu,server_0,1683514558624
2026-07-07 18:18:40.542601,0.0,0.1999999999999993,17.85833980198619,134217728,autoscale-python-pi,autoscale-python-pi-cpu,server_0,1683514562272
2026-07-07 18:18:40.542617,0.0,0.1999999999999993,17.86253583285048,134217728,autoscale-python-pi,autoscale-python-pi-cpu,server_0,1683514322544
2026-07-07 18:18:40.542676,0.0,0.1999999999999993,17.889134880387555,134217728,autoscale-python-pi,autoscale-python-pi-cpu,server_0,1683514916944
2026-07-07 18:18:40.542691,0.0,0.1999999999999993,17.889453755628992,134217728,autoscale-python-pi,autoscale-python-pi-cpu,server_0,1683514918848
2026-07-07 18:18:40.542706,0.0,0.1999999999999993,17.8919160773496,134217728,autoscale-python-pi,autoscale-python-pi-cpu,server_0,1683514605056
2026-07-07 18:18:40.542815,0.0,0.1999999999999993,17.968068513154233,134217728,autoscale-python-pi,autoscale-python-pi-cpu,server_0,1683514712912
2026-07-07 18:18:40.542832,0.0,0.1999999999999993,17.97192009671398,134217728,autoscale-python-pi,autoscale-python-pi-cpu,server_0,1683514715792
2026-07-07 18:18:40.542889,0.0,0.1999999999999993,17.997796409355562,134217728,autoscale-python-pi,autoscale-python-pi-cpu,server_0,1683514558624
2026-07-07 18:18:40.542944,0.0,0.1999999999999993,18.02508073740643,134217728,autoscale-python-pi,autoscale-python-pi-cpu,server_0,1683514562272
2026-07-07 18:18:40.543041,0.0,0.1999999999999993,18.06296659859393,134217728,autoscale-python-pi,autoscale-python-pi-cpu,server_0,1683514322544
2026-07-07 18:18:40.543108,0.0,0.1999999999999993,18.11415581748687,134217728,autoscale-python-pi,autoscale-python-pi-cpu,server_0,1683514916944
2026-07-07 18:18:40.543184,0.0,0.1999999999999993,18.15387998098524,134217728,autoscale-python-pi,autoscale-python-pi-cpu,server_0,1683514918848
2026-07-07 18:18:40.543245,0.0,0.1999999999999993,18.179411653594443,134217728,autoscale-python-pi,autoscale-python-pi-cpu,server_0,1683514605056
2026-07-07 18:18:40.543303,0.0,0.1999999999999993,18.218646240360513,134217728,autoscale-python-pi,autoscale-python-pi-cpu,server_0,1683514712912
2026-07-07 18:18:40.543393,0.0,0.1999999999999993,18.25162630759034,134217728,autoscale-python-pi,autoscale-python-pi-cpu,server_0,1683514715792
2026-07-07 18:18:40.543403,0.0,0.1999999999999993,18.261450710615705,134217728,autoscale-python-pi,autoscale-python-pi-cpu,server_0,1683514558624
2026-07-07 18:18:40.543432,0.0,0.1999999999999993,18.296319656908345,134217728,autoscale-python-pi,autoscale-python-pi-cpu,server_0,1683514562272
2026-07-07 18:18:40.543484,0.0,0.1999999999999993,18.338583128022293,134217728,autoscale-python-pi,autoscale-python-pi-cpu,server_0,1683514322544
2026-07-07 18:18:40.543495,0.0,0.1999999999999993,18.364005945387945,134217728,autoscale-python-pi,autoscale-python-pi-cpu,server_0,1683514916944
2026-07-07 18:18:40.543503,0.0,0.1999999999999993,18.380807151671455,134217728,autoscale-python-pi,autoscale-python-pi-cpu,server_0,1683514918848
2026-07-07 18:18:40.543533,0.0,0.1999999999999993,18.394627486241333,134217728,autoscale-python-pi,autoscale-python-pi-cpu,server_0,1683514605056
2026-07-07 18:18:40.543562,0.0,0.1999999999999993,18.429951556814107,134217728,autoscale-python-pi,autoscale-python-pi-cpu,server_0,1683514712912
2026-07-07 18:18:40.543570,0.0,0.1999999999999993,18.434480228618167,134217728,autoscale-python-pi,autoscale-python-pi-cpu,server_0,1683514715792
2026-07-07 18:18:40.543579,0.0,0.1999999999999993,18.435699779474337,134217728,autoscale-python-pi,autoscale-python-pi-cpu,server_0,1683514558624
2026-07-07 18:18:40.543587,0.0,0.1999999999999993,18.440772047572487,134217728,autoscale-python-pi,autoscale-python-pi-cpu,server_0,1683514562272
2026-07-07 18:18:40.543639,0.0,0.1999999999999993,18.49167295265534,134217728,autoscale-python-pi,autoscale-python-pi-cpu,server_0,1683514322544
2026-07-07 18:18:40.543727,0.0,0.1999999999999993,18.5112430107083,134217728,autoscale-python-pi,autoscale-python-pi-cpu,server_0,1683514916944
2026-07-07 18:18:40.543758,0.0,0.1999999999999993,18.52549931656492,134217728,autoscale-python-pi,autoscale-python-pi-cpu,server_0,1683514918848
2026-07-07 18:18:40.543826,0.0,0.1999999999999993,18.584542822217426,134217728,autoscale-python-pi,autoscale-python-pi-cpu,server_0,1683514605056
2026-07-07 18:18:40.543854,0.0,0.1999999999999993,18.60004867641684,134217728,autoscale-python-pi,autoscale-python-pi-cpu,server_0,1683514712912
2026-07-07 18:18:40.543925,0.0,0.1999999999999993,18.653707677574822,134217728,autoscale-python-pi,autoscale-python-pi-cpu,server_0,1683514715792
2026-07-07 18:18:40.543934,0.0,0.1999999999999993,18.663661188013624,134217728,autoscale-python-pi,autoscale-python-pi-cpu,server_0,1683514558624
2026-07-07 18:18:40.544006,0.0,0.1999999999999993,18.69318214637676,134217728,autoscale-python-pi,autoscale-python-pi-cpu,server_0,1683514562272
2026-07-07 18:18:40.544015,0.0,0.1999999999999993,18.704483311003298,134217728,autoscale-python-pi,autoscale-python-pi-cpu,server_0,1683514322544
2026-07-07 18:18:40.544023,0.0,0.1999999999999993,18.707062389710494,134217728,autoscale-python-pi,autoscale-python-pi-cpu,server_0,1683514916944
2026-07-07 18:18:40.544075,0.0,0.1999999999999993,18.725145282936502,134217728,autoscale-python-pi,autoscale-python-pi-cpu,server_0,1683514918848
2026-07-07 18:18:40.544105,0.0,0.1999999999999993,18.747466101775284,134217728,autoscale-python-pi,autoscale-python-pi-cpu,server_0,1683514605056
2026-07-07 18:18:40.544114,0.0,0.1999999999999993,18.749253735516685,134217728,autoscale-python-pi,autoscale-python-pi-cpu,server_0,1683514712912
2026-07-07 18:18:40.544122,0.0,0.1999999999999993,18.751721255154095,134217728,autoscale-python-pi,autoscale-python-pi-cpu,server_0,1683514715792
2026-07-07 18:18:40.544186,0.0,0.1999999999999993,18.795767856370812,134217728,autoscale-python-pi,autoscale-python-pi-cpu,server_0,1683514558624
2026-07-07 18:18:40.544314,0.0,0.1999999999999993,18.805700626222293,134217728,autoscale-python-pi,autoscale-python-pi-cpu,server_0,1683514562272
2026-07-07 18:18:40.544375,0.0,0.1999999999999993,18.832881431164573,134217728,autoscale-python-pi,autoscale-python-pi-cpu,server_0,1683514322544
2026-07-07 18:18:40.544426,0.0,0.1999999999999993,18.853326141937327,134217728,autoscale-python-pi,autoscale-python-pi-cpu,server_0,1683514916944
2026-07-07 18:18:40.544459,0.0,0.1999999999999993,18.8717788747074,134217728,autoscale-python-pi,autoscale-python-pi-cpu,server_0,1683514918848
2026-07-07 18:18:40.544468,0.0,0.1999999999999993,18.888211546051078,134217728,autoscale-python-pi,autoscale-python-pi-cpu,server_0,1683514605056
2026-07-07 18:18:40.544477,0.0,0.1999999999999993,18.891834278332112,134217728,autoscale-python-pi,autoscale-python-pi-cpu,server_0,1683514712912
2026-07-07 18:18:40.544508,0.0,0.1999999999999993,18.91268220467994,134217728,autoscale-python-pi,autoscale-python-pi-cpu,server_0,1683514715792
2026-07-07 18:18:40.544517,0.0,0.1999999999999993,18.915255435125196,134217728,autoscale-python-pi,autoscale-python-pi-cpu,server_0,1683514558624
2026-07-07 18:18:40.544546,0.0,0.1999999999999993,18.944266486133095,134217728,autoscale-python-pi,autoscale-python-pi-cpu,server_0,1683514562272
2026-07-07 18:18:40.544575,0.0,0.1999999999999993,18.985657016533978,134217728,autoscale-python-pi,autoscale-python-pi-cpu,server_0,1683514322544
2026-07-07 18:18:40.544584,0.0,0.1999999999999993,18.98703194200586,134217728,autoscale-python-pi,autoscale-python-pi-cpu,server_0,1683514916944
2026-07-07 18:18:40.544613,0.0,0.1999999999999993,19.01590928826906,134217728,autoscale-python-pi,autoscale-python-pi-cpu,server_0,1683514918848
2026-07-07 18:18:40.544645,0.0,0.1999999999999993,19.02454591831377,134217728,autoscale-python-pi,autoscale-python-pi-cpu,server_0,1683514605056
2026-07-07 18:18:40.544675,0.0,0.1999999999999993,19.040768562703537,134217728,autoscale-python-pi,autoscale-python-pi-cpu,server_0,1683514712912
2026-07-07 18:18:40.544683,0.0,0.1999999999999993,19.049155237551574,134217728,autoscale-python-pi,autoscale-python-pi-cpu,server_0,1683514715792
2026-07-07 18:18:40.544731,0.0,0.1999999999999993,19.065362266730137,134217728,autoscale-python-pi,autoscale-python-pi-cpu,server_0,1683514558624
2026-07-07 18:18:40.544759,0.0,0.1999999999999993,19.109834512296302,134217728,autoscale-python-pi,autoscale-python-pi-cpu,server_0,1683514562272
2026-07-07 18:18:40.544767,0.0,0.1999999999999993,19.13746135146968,134217728,autoscale-python-pi,autoscale-python-pi-cpu,server_0,1683514322544
2026-07-07 18:18:40.544816,0.0,0.1999999999999993,19.174771019967014,134217728,autoscale-python-pi,autoscale-python-pi-cpu,server_0,1683514916944
2026-07-07 18:18:40.544825,0.0,0.1999999999999993,19.192870539680477,134217728,autoscale-python-pi,autoscale-python-pi-cpu,server_0,1683514918848
2026-07-07 18:18:40.544853,0.0,0.1999999999999993,19.219122826360614,134217728,autoscale-python-pi,autoscale-python-pi-cpu,server_0,1683514605056
2026-07-07 18:18:40.544883,0.0,0.1999999999999993,19.22963159826059,134217728,autoscale-python-pi,autoscale-python-pi-cpu,server_0,1683514712912
2026-07-07 18:18:40.544892,0.0,0.1999999999999993,19.251805641078043,134217728,autoscale-python-pi,autoscale-python-pi-cpu,server_0,1683514715792
2026-07-07 18:18:40.544899,0.0,0.1999999999999993,19.26090931978945,134217728,autoscale-python-pi,autoscale-python-pi-cpu,server_0,1683514558624
2026-07-07 18:18:40.544929,0.0,0.1999999999999993,19.284254099868434,134217728,autoscale-python-pi,autoscale-python-pi-cpu,server_0,1683514562272
2026-07-07 18:18:40.545002,0.0,0.1999999999999993,19.34431494246778,134217728,autoscale-python-pi,autoscale-python-pi-cpu,server_0,1683514322544
2026-07-07 18:18:40.545011,0.0,0.1999999999999993,19.35540454762871,134217728,autoscale-python-pi,autoscale-python-pi-cpu,server_0,1683514916944
2026-07-07 18:18:40.545040,0.0,0.1999999999999993,19.402779951537145,134217728,autoscale-python-pi,autoscale-python-pi-cpu,server_0,1683514918848
2026-07-07 18:18:40.545091,0.0,0.1999999999999993,19.424823800082965,134217728,autoscale-python-pi,autoscale-python-pi-cpu,server_0,1683514605056
2026-07-07 18:18:40.545099,0.0,0.1999999999999993,19.466624333100974,134217728,autoscale-python-pi,autoscale-python-pi-cpu,server_0,1683514712912
2026-07-07 18:18:40.545185,0.0,0.1999999999999993,19.52084420839248,134217728,autoscale-python-pi,autoscale-python-pi-cpu,server_0,1683514715792
2026-07-07 18:18:40.545201,0.0,0.1999999999999993,19.52098760301486,134217728,autoscale-python-pi,autoscale-python-pi-cpu,server_0,1683514558624
2026-07-07 18:18:40.545215,0.0,0.1999999999999993,19.537529882851675,134217728,autoscale-python-pi,autoscale-python-pi-cpu,server_0,1683514562272
2026-07-07 18:18:40.545268,0.0,0.1999999999999993,19.595968287254337,134217728,autoscale-python-pi,autoscale-python-pi-cpu,server_0,1683514322544
2026-07-07 18:18:40.545282,0.0,0.1999999999999993,19.611235690324623,134217728,autoscale-python-pi,autoscale-python-pi-cpu,server_0,1683514916944
2026-07-07 18:18:40.545296,0.0,0.1999999999999993,19.614734426563835,134217728,autoscale-python-pi,autoscale-python-pi-cpu,server_0,1683514918848
2026-07-07 18:18:40.545389,0.0,0.1999999999999993,19.670374590024547,134217728,autoscale-python-pi,autoscale-python-pi-cpu,server_0,1683514605056
2026-07-07 18:18:40.545407,0.0,0.1999999999999993,19.693021036644964,134217728,autoscale-python-pi,autoscale-python-pi-cpu,server_0,1683514712912
2026-07-07 18:18:40.545497,0.0,0.1999999999999993,19.769033169343768,134217728,autoscale-python-pi,autoscale-python-pi-cpu,server_0,1683514715792
2026-07-07 18:18:40.545767,0.0,0.1999999999999993,19.828113630802992,134217728,autoscale-python-pi,autoscale-python-pi-cpu,server_0,1683514558624
2026-07-07 18:18:40.545782,0.0,0.1999999999999993,19.85859205402711,134217728,autoscale-python-pi,autoscale-python-pi-cpu,server_0,1683514562272
2026-07-07 18:18:40.545837,0.0,0.1999999999999993,19.895257480651367,134217728,autoscale-python-pi,autoscale-python-pi-cpu,server_0,1683514322544
2026-07-07 18:18:40.545931,0.0,0.1999999999999993,19.93304587907328,134217728,autoscale-python-pi,autoscale-python-pi-cpu,server_0,1683514916944
2026-07-07 18:18:40.546092,0.0,0.1999999999999993,20.020534206622568,134217728,autoscale-python-pi,autoscale-python-pi-cpu,server_0,1683514918848
2026-07-07 18:18:40.546151,0.0,0.1999999999999993,20.074194843034523,134217728,autoscale-python-pi,autoscale-python-pi-cpu,server_0,1683514605056
2026-07-07 18:18:40.546162,0.0,0.1999999999999993,20.10741964611643,134217728,autoscale-python-pi,autoscale-python-pi-cpu,server_0,1683514712912
2026-07-07 18:18:40.546170,0.0,0.1999999999999993,20.119555306903106,134217728,autoscale-python-pi,autoscale-python-pi-cpu,server_0,1683514715792
2026-07-07 18:18:40.546178,0.0,0.1999999999999993,20.15158038546857,134217728,autoscale-python-pi,autoscale-python-pi-cpu,server_0,1683514558624
2026-07-07 18:18:40.546186,0.0,0.1999999999999993,20.192752367955634,134217728,autoscale-python-pi,autoscale-python-pi-cpu,server_0,1683514562272
2026-07-07 18:18:40.546193,0.0,0.1999999999999993,20.195509564941737,134217728,autoscale-python-pi,autoscale-python-pi-cpu,server_0,1683514322544
2026-07-07 18:18:40.546201,0.0,0.1999999999999993,20.203183463298434,134217728,autoscale-python-pi,autoscale-python-pi-cpu,server_0,1683514916944
2026-07-07 18:18:40.546238,0.0,0.1999999999999993,20.221055514595434,134217728,autoscale-python-pi,autoscale-python-pi-cpu,server_0,1683514918848
2026-07-07 18:18:40.546268,0.0,0.1999999999999993,20.24070994044429,134217728,autoscale-python-pi,autoscale-python-pi-cpu,server_0,1683514605056
2026-07-07 18:18:40.546381,0.0,0.1999999999999993,20.40934398902081,134217728,autoscale-python-pi,autoscale-python-pi-cpu,server_0,1683514712912
2026-07-07 18:18:40.546389,0.0,0.1999999999999993,20.42342284520436,134217728,autoscale-python-pi,autoscale-python-pi-cpu,server_0,1683514715792
2026-07-07 18:18:40.546398,0.0,0.1999999999999993,20.48688006692509,134217728,autoscale-python-pi,autoscale-python-pi-cpu,server_0,1683514558624
2026-07-07 18:18:40.546405,0.0,0.1999999999999993,20.536700299727066,134217728,autoscale-python-pi,autoscale-python-pi-cpu,server_0,1683514562272
2026-07-07 18:18:40.546437,0.0,0.1999999999999993,20.55881694462767,134217728,autoscale-python-pi,autoscale-python-pi-cpu,server_0,1683514322544
2026-07-07 18:18:40.546445,0.0,0.1999999999999993,20.57291213784366,134217728,autoscale-python-pi,autoscale-python-pi-cpu,server_0,1683514916944
2026-07-07 18:18:40.546516,0.0,0.1999999999999993,20.588029539518427,134217728,autoscale-python-pi,autoscale-python-pi-cpu,server_0,1683514918848
2026-07-07 18:18:40.546855,0.0,0.1999999999999993,20.75435393064369,134217728,autoscale-python-pi,autoscale-python-pi-cpu,server_0,1683514605056
2026-07-07 18:18:40.546868,0.0,0.1999999999999993,20.782888296205343,134217728,autoscale-python-pi,autoscale-python-pi-cpu,server_0,1683514712912
2026-07-07 18:18:40.546877,0.0,0.1999999999999993,20.782943891407914,134217728,autoscale-python-pi,autoscale-python-pi-cpu,server_0,1683514715792
2026-07-07 18:18:40.546885,0.0,0.1999999999999993,20.78443135405846,134217728,autoscale-python-pi,autoscale-python-pi-cpu,server_0,1683514558624
2026-07-07 18:18:40.547068,0.0,0.1999999999999993,20.820737683168737,134217728,autoscale-python-pi,autoscale-python-pi-cpu,server_0,1683514562272
2026-07-07 18:18:40.547099,0.0,0.1999999999999993,20.823353031864308,134217728,autoscale-python-pi,autoscale-python-pi-cpu,server_0,1683514322544
2026-07-07 18:18:40.547107,0.0,0.1999999999999993,20.836166447130573,134217728,autoscale-python-pi,autoscale-python-pi-cpu,server_0,1683514916944
2026-07-07 18:18:40.547143,0.0,0.1999999999999993,20.849318392594082,134217728,autoscale-python-pi,autoscale-python-pi-cpu,server_0,1683514918848
2026-07-07 18:18:40.547153,0.0,0.1999999999999993,20.85364096272983,134217728,autoscale-python-pi,autoscale-python-pi-cpu,server_0,1683514605056
2026-07-07 18:18:40.547202,0.0,0.1999999999999993,20.88561538066089,134217728,autoscale-python-pi,autoscale-python-pi-cpu,server_0,1683514712912
2026-07-07 18:18:40.547211,0.0,0.1999999999999993,20.886565402924262,134217728,autoscale-python-pi,autoscale-python-pi-cpu,server_0,1683514715792
2026-07-07 18:18:40.547219,0.0,0.1999999999999993,20.887745644853588,134217728,autoscale-python-pi,autoscale-python-pi-cpu,server_0,1683514558624
2026-07-07 18:18:40.547229,0.0,0.1999999999999993,20.888482226563532,134217728,autoscale-python-pi,autoscale-python-pi-cpu,server_0,1683514562272
2026-07-07 18:18:40.547304,0.0,0.1999999999999993,20.912803691467847,134217728,autoscale-python-pi,autoscale-python-pi-cpu,server_0,1683514322544
2026-07-07 18:18:40.547314,0.0,0.1999999999999993,20.913812597544943,134217728,autoscale-python-pi,autoscale-python-pi-cpu,server_0,1683514916944
2026-07-07 18:18:40.547323,0.0,0.1999999999999993,20.916968911340643,134217728,autoscale-python-pi,autoscale-python-pi-cpu,server_0,1683514918848
2026-07-07 18:18:40.547356,0.0,0.1999999999999993,20.943983271610225,134217728,autoscale-python-pi,autoscale-python-pi-cpu,server_0,1683514605056
2026-07-07 18:18:40.547393,0.0,0.1999999999999993,21.00388449645511,134217728,autoscale-python-pi,autoscale-python-pi-cpu,server_0,1683514712912
2026-07-07 18:18:40.547423,0.0,0.1999999999999993,21.011210074468806,134217728,autoscale-python-pi,autoscale-python-pi-cpu,server_0,1683514715792
2026-07-07 18:18:40.547452,0.0,0.1999999999999993,21.021103875197618,134217728,autoscale-python-pi,autoscale-python-pi-cpu,server_0,1683514558624
2026-07-07 18:18:40.547483,0.0,0.1999999999999993,21.04332331750897,134217728,autoscale-python-pi,autoscale-python-pi-cpu,server_0,1683514562272
2026-07-07 18:18:40.547492,0.0,0.1999999999999993,21.06201187608482,134217728,autoscale-python-pi,autoscale-python-pi-cpu,server_0,1683514322544
2026-07-07 18:18:40.547500,0.0,0.1999999999999993,21.065913295123153,134217728,autoscale-python-pi,autoscale-python-pi-cpu,server_0,1683514916944
2026-07-07 18:18:40.547609,0.0,0.1999999999999993,21.088707571973696,134217728,autoscale-python-pi,autoscale-python-pi-cpu,server_0,1683514918848
2026-07-07 18:18:40.547640,0.0,0.1999999999999993,21.10662622023815,134217728,autoscale-python-pi,autoscale-python-pi-cpu,server_0,1683514605056
2026-07-07 18:18:40.547683,0.0,0.1999999999999993,21.111077408690836,134217728,autoscale-python-pi,autoscale-python-pi-cpu,server_0,1683514712912
2026-07-07 18:18:40.547728,0.0,0.1999999999999993,21.137538388931596,134217728,autoscale-python-pi,autoscale-python-pi-cpu,server_0,1683514715792
2026-07-07 18:18:40.547743,0.0,0.1999999999999993,21.19023727691359,134217728,autoscale-python-pi,autoscale-python-pi-cpu,server_0,1683514558624
2026-07-07 18:18:40.547783,0.0,0.1999999999999993,21.210567310859492,134217728,autoscale-python-pi,autoscale-python-pi-cpu,server_0,1683514562272
2026-07-07 18:18:40.547824,0.0,0.1999999999999993,21.220699287582455,134217728,autoscale-python-pi,autoscale-python-pi-cpu,server_0,1683514322544
2026-07-07 18:18:40.547838,0.0,0.1999999999999993,21.2283754144872,134217728,autoscale-python-pi,autoscale-python-pi-cpu,server_0,1683514916944
2026-07-07 18:18:40.547880,0.0,0.1999999999999993,21.274586273429108,134217728,autoscale-python-pi,autoscale-python-pi-cpu,server_0,1683514918848
2026-07-07 18:18:40.547891,0.0,0.1999999999999993,21.275526870417874,134217728,autoscale-python-pi,autoscale-python-pi-cpu,server_0,1683514605056
2026-07-07 18:18:40.547902,0.0,0.1999999999999993,21.27966936484958,134217728,autoscale-python-pi,autoscale-python-pi-cpu,server_0,1683514712912
2026-07-07 18:18:40.547912,0.0,0.1999999999999993,21.284547448887267,134217728,autoscale-python-pi,autoscale-python-pi-cpu,server_0,1683514715792
2026-07-07 18:18:40.547923,0.0,0.1999999999999993,21.28815833299511,134217728,autoscale-python-pi,autoscale-python-pi-cpu,server_0,1683514558624
2026-07-07 18:18:40.547934,0.0,0.1999999999999993,21.29500345222066,134217728,autoscale-python-pi,autoscale-python-pi-cpu,server_0,1683514562272
2026-07-07 18:18:40.547945,0.0,0.1999999999999993,21.309769459710378,134217728,autoscale-python-pi,autoscale-python-pi-cpu,server_0,1683514322544
2026-07-07 18:18:40.547955,0.0,0.1999999999999993,21.32963665166352,134217728,autoscale-python-pi,autoscale-python-pi-cpu,server_0,1683514916944
2026-07-07 18:18:40.548111,0.0,0.1999999999999993,21.391270321960214,134217728,autoscale-python-pi,autoscale-python-pi-cpu,server_0,1683514918848
2026-07-07 18:18:40.548208,0.0,0.1999999999999993,21.411018397592184,134217728,autoscale-python-pi,autoscale-python-pi-cpu,server_0,1683514605056
2026-07-07 18:18:40.548312,0.0,0.1999999999999993,21.446746253264806,134217728,autoscale-python-pi,autoscale-python-pi-cpu,server_0,1683514712912
2026-07-07 18:18:40.548528,0.0,0.1999999999999993,21.532845117681173,134217728,autoscale-python-pi,autoscale-python-pi-cpu,server_0,1683514715792
2026-07-07 18:18:40.548540,0.0,0.1999999999999993,21.537110444691674,134217728,autoscale-python-pi,autoscale-python-pi-cpu,server_0,1683514558624
2026-07-07 18:18:40.548552,0.0,0.1999999999999993,21.548228048171087,134217728,autoscale-python-pi,autoscale-python-pi-cpu,server_0,1683514562272
2026-07-07 18:18:40.548564,0.0,0.1999999999999993,21.55175689193703,134217728,autoscale-python-pi,autoscale-python-pi-cpu,server_0,1683514322544
2026-07-07 18:18:40.548575,0.0,0.1999999999999993,21.55666864730229,134217728,autoscale-python-pi,autoscale-python-pi-cpu,server_0,1683514916944
2026-07-07 18:18:40.548708,0.0,0.1999999999999993,21.59756284259857,134217728,autoscale-python-pi,autoscale-python-pi-cpu,server_0,1683514918848
2026-07-07 18:18:40.548729,0.0,0.1999999999999993,21.597985208950494,134217728,autoscale-python-pi,autoscale-python-pi-cpu,server_0,1683514605056
2026-07-07 18:18:40.548744,0.0,0.1999999999999993,21.60833661024062,134217728,autoscale-python-pi,autoscale-python-pi-cpu,server_0,1683514712912
2026-07-07 18:18:40.548789,0.0,0.1999999999999993,21.625811709423672,134217728,autoscale-python-pi,autoscale-python-pi-cpu,server_0,1683514715792
2026-07-07 18:18:40.548798,0.0,0.1999999999999993,21.636315347275485,134217728,autoscale-python-pi,autoscale-python-pi-cpu,server_0,1683514558624
2026-07-07 18:18:40.548807,0.0,0.1999999999999993,21.6437813048864,134217728,autoscale-python-pi,autoscale-python-pi-cpu,server_0,1683514562272
2026-07-07 18:18:40.548819,0.0,0.1999999999999993,21.68187000770828,134217728,autoscale-python-pi,autoscale-python-pi-cpu,server_0,1683514322544
2026-07-07 18:18:40.548828,0.0,0.1999999999999993,21.686980747886253,134217728,autoscale-python-pi,autoscale-python-pi-cpu,server_0,1683514916944
2026-07-07 18:18:40.548836,0.0,0.1999999999999993,21.687260797896602,134217728,autoscale-python-pi,autoscale-python-pi-cpu,server_0,1683514918848
2026-07-07 18:18:40.548844,0.0,0.1999999999999993,21.68888728975267,134217728,autoscale-python-pi,autoscale-python-pi-cpu,server_0,1683514605056
2026-07-07 18:18:40.548852,0.0,0.1999999999999993,21.705863231934863,134217728,autoscale-python-pi,autoscale-python-pi-cpu,server_0,1683514712912
2026-07-07 18:18:40.548861,0.0,0.1999999999999993,21.707416198526605,134217728,autoscale-python-pi,autoscale-python-pi-cpu,server_0,1683514715792
2026-07-07 18:18:40.548869,0.0,0.1999999999999993,21.720962387787402,134217728,autoscale-python-pi,autoscale-python-pi-cpu,server_0,1683514558624
2026-07-07 18:18:40.548879,0.0,0.1999999999999993,21.76848834188379,134217728,autoscale-python-pi,autoscale-python-pi-cpu,server_0,1683514562272
2026-07-07 18:18:40.549067,0.0,0.1999999999999993,21.82089516598051,134217728,autoscale-python-pi,autoscale-python-pi-cpu,server_0,1683514322544
2026-07-07 18:18:40.549198,0.0,0.1999999999999993,21.971916164450704,134217728,autoscale-python-pi,autoscale-python-pi-cpu,server_0,1683514916944
2026-07-07 18:18:40.549231,0.0,0.1999999999999993,21.989599090728213,134217728,autoscale-python-pi,autoscale-python-pi-cpu,server_0,1683514918848
2026-07-07 18:18:40.549264,0.0,0.1999999999999993,22.069091343870923,134217728,autoscale-python-pi,autoscale-python-pi-cpu,server_0,1683514605056
2026-07-07 18:18:40.549358,0.0,0.1999999999999993,22.114785408982073,134217728,autoscale-python-pi,autoscale-python-pi-cpu,server_0,1683514712912
2026-07-07 18:18:40.549367,0.0,0.1999999999999993,22.126644385506673,134217728,autoscale-python-pi,autoscale-python-pi-cpu,server_0,1683514715792
2026-07-07 18:18:40.549379,0.0,0.1999999999999993,22.128437160398473,134217728,autoscale-python-pi,autoscale-python-pi-cpu,server_0,1683514558624
2026-07-07 18:18:40.549409,0.0,0.1999999999999993,22.156341602761213,134217728,autoscale-python-pi,autoscale-python-pi-cpu,server_0,1683514562272
2026-07-07 18:18:40.549417,0.0,0.1999999999999993,22.179552693671717,134217728,autoscale-python-pi,autoscale-python-pi-cpu,server_0,1683514322544
2026-07-07 18:18:40.549446,0.0,0.1999999999999993,22.20418904524173,134217728,autoscale-python-pi,autoscale-python-pi-cpu,server_0,1683514916944
2026-07-07 18:18:40.549518,0.0,0.1999999999999993,22.26942551476837,134217728,autoscale-python-pi,autoscale-python-pi-cpu,server_0,1683514918848
2026-07-07 18:18:40.549527,0.0,0.1999999999999993,22.2713045329656,134217728,autoscale-python-pi,autoscale-python-pi-cpu,server_0,1683514605056
2026-07-07 18:18:40.549536,0.0,0.1999999999999993,22.28622069468446,134217728,autoscale-python-pi,autoscale-python-pi-cpu,server_0,1683514712912
2026-07-07 18:18:40.549587,0.0,0.1999999999999993,22.2970601852378,134217728,autoscale-python-pi,autoscale-python-pi-cpu,server_0,1683514715792
2026-07-07 18:18:40.549739,0.0,0.1999999999999993,22.34256602786374,134217728,autoscale-python-pi,autoscale-python-pi-cpu,server_0,1683514558624
2026-07-07 18:18:40.549795,0.0,0.1999999999999993,22.387074490260048,134217728,autoscale-python-pi,autoscale-python-pi-cpu,server_0,1683514562272
2026-07-07 18:18:40.549845,0.0,0.1999999999999993,22.406574910729525,134217728,autoscale-python-pi,autoscale-python-pi-cpu,server_0,1683514322544
2026-07-07 18:18:40.549865,0.0,0.1999999999999993,22.427588211886068,134217728,autoscale-python-pi,autoscale-python-pi-cpu,server_0,1683514916944
2026-07-07 18:18:40.549879,0.0,0.1999999999999993,22.46776676012397,134217728,autoscale-python-pi,autoscale-python-pi-cpu,server_0,1683514918848
2026-07-07 18:18:40.549963,0.0,0.1999999999999993,22.487840226407958,134217728,autoscale-python-pi,autoscale-python-pi-cpu,server_0,1683514605056
2026-07-07 18:18:40.549977,0.0,0.1999999999999993,22.496670600912484,134217728,autoscale-python-pi,autoscale-python-pi-cpu,server_0,1683514712912
2026-07-07 18:18:40.550020,0.0,0.1999999999999993,22.517178105297344,134217728,autoscale-python-pi,autoscale-python-pi-cpu,server_0,1683514715792
2026-07-07 18:18:40.550031,0.0,0.1999999999999993,22.520130466722136,134217728,autoscale-python-pi,autoscale-python-pi-cpu,server_0,1683514558624
2026-07-07 18:18:40.550097,0.0,0.1999999999999993,22.531024187423593,134217728,autoscale-python-pi,autoscale-python-pi-cpu,server_0,1683514562272
2026-07-07 18:18:40.550168,0.0,0.1999999999999993,22.557421821369246,134217728,autoscale-python-pi,autoscale-python-pi-cpu,server_0,1683514322544
2026-07-07 18:18:40.550223,0.0,0.1999999999999993,22.6062777961335,134217728,autoscale-python-pi,autoscale-python-pi-cpu,server_0,1683514916944
2026-07-07 18:18:40.550338,0.0,0.1999999999999993,22.671354367157093,134217728,autoscale-python-pi,autoscale-python-pi-cpu,server_0,1683514918848
2026-07-07 18:18:40.550362,0.0,0.1999999999999993,22.687173946069777,134217728,autoscale-python-pi,autoscale-python-pi-cpu,server_0,1683514605056
2026-07-07 18:18:40.550380,0.0,0.1999999999999993,22.69792082354269,134217728,autoscale-python-pi,autoscale-python-pi-cpu,server_0,1683514712912
2026-07-07 18:18:40.550440,0.0,0.1999999999999993,22.724801373268903,134217728,autoscale-python-pi,autoscale-python-pi-cpu,server_0,1683514715792
2026-07-07 18:18:40.550457,0.0,0.1999999999999993,22.730830953795223,134217728,autoscale-python-pi,autoscale-python-pi-cpu,server_0,1683514558624
2026-07-07 18:18:40.550473,0.0,0.1999999999999993,22.743322203123842,134217728,autoscale-python-pi,autoscale-python-pi-cpu,server_0,1683514562272
2026-07-07 18:18:40.550486,0.0,0.1999999999999993,22.743336438288424,134217728,autoscale-python-pi,autoscale-python-pi-cpu,server_0,1683514322544
2026-07-07 18:18:40.550603,0.0,0.1999999999999993,22.759515626147884,134217728,autoscale-python-pi,autoscale-python-pi-cpu,server_0,1683514916944
2026-07-07 18:18:40.551430,0.0,0.1999999999999993,22.824435192302904,134217728,autoscale-python-pi,autoscale-python-pi-cpu,server_0,1683514918848
2026-07-07 18:18:40.551682,0.0,0.1999999999999993,22.90142690892857,134217728,autoscale-python-pi,autoscale-python-pi-cpu,server_0,1683514605056
2026-07-07 18:18:40.551815,0.0,0.1999999999999993,22.946705251389073,134217728,autoscale-python-pi,autoscale-python-pi-cpu,server_0,1683514712912
2026-07-07 18:18:40.551848,0.0,0.1999999999999993,22.959337989211875,134217728,autoscale-python-pi,autoscale-python-pi-cpu,server_0,1683514715792
2026-07-07 18:18:40.551882,0.0,0.1999999999999993,22.97018394690016,134217728,autoscale-python-pi,autoscale-python-pi-cpu,server_0,1683514558624
2026-07-07 18:18:40.552088,0.0,0.1999999999999993,22.999339617987033,134217728,autoscale-python-pi,autoscale-python-pi-cpu,server_0,1683514562272
2026-07-07 18:18:40.552250,0.0,0.1999999999999993,23.00953527487615,134217728,autoscale-python-pi,autoscale-python-pi-cpu,server_0,1683514322544
2026-07-07 18:18:40.552278,0.0,0.1999999999999993,23.025625436095968,134217728,autoscale-python-pi,autoscale-python-pi-cpu,server_0,1683514916944
2026-07-07 18:18:40.552304,0.0,0.1999999999999993,23.02850188316143,134217728,autoscale-python-pi,autoscale-python-pi-cpu,server_0,1683514918848
2026-07-07 18:18:40.552339,0.0,0.1999999999999993,23.0594604653316,134217728,autoscale-python-pi,autoscale-python-pi-cpu,server_0,1683514605056
2026-07-07 18:18:40.552440,0.0,0.1999999999999993,23.06934040552705,134217728,autoscale-python-pi,autoscale-python-pi-cpu,server_0,1683514712912
2026-07-07 18:18:40.552477,0.0,0.1999999999999993,23.12809535784744,134217728,autoscale-python-pi,autoscale-python-pi-cpu,server_0,1683514715792
2026-07-07 18:18:40.552886,0.0,0.1999999999999993,23.191218366705506,134217728,autoscale-python-pi,autoscale-python-pi-cpu,server_0,1683514558624
2026-07-07 18:18:40.552940,0.0,0.1999999999999993,23.205680799270812,134217728,autoscale-python-pi,autoscale-python-pi-cpu,server_0,1683514562272
2026-07-07 18:18:40.552969,0.0,0.1999999999999993,23.260645672965293,134217728,autoscale-python-pi,autoscale-python-pi-cpu,server_0,1683514322544
2026-07-07 18:18:40.553261,0.0,0.1999999999999993,23.362241297859633,134217728,autoscale-python-pi,autoscale-python-pi-cpu,server_0,1683514916944
2026-07-07 18:18:40.553479,0.0,0.1999999999999993,23.471220134494388,134217728,autoscale-python-pi,autoscale-python-pi-cpu,server_0,1683514918848
2026-07-07 18:18:40.553663,0.0,0.1999999999999993,23.530490906186273,134217728,autoscale-python-pi,autoscale-python-pi-cpu,server_0,1683514605056
2026-07-07 18:18:40.553683,0.0,0.1999999999999993,23.537432658136307,134217728,autoscale-python-pi,autoscale-python-pi-cpu,server_0,1683514712912
2026-07-07 18:18:40.553704,0.0,0.1999999999999993,23.54700829580972,134217728,autoscale-python-pi,autoscale-python-pi-cpu,server_0,1683514715792
2026-07-07 18:18:40.553723,0.0,0.1999999999999993,23.57567692333451,134217728,autoscale-python-pi,autoscale-python-pi-cpu,server_0,1683514558624
2026-07-07 18:18:40.553741,0.0,0.1999999999999993,23.62179621285068,134217728,autoscale-python-pi,autoscale-python-pi-cpu,server_0,1683514562272
2026-07-07 18:18:40.553756,0.0,0.1999999999999993,23.625999021000172,134217728,autoscale-python-pi,autoscale-python-pi-cpu,server_0,1683514322544
2026-07-07 18:18:40.553774,0.0,0.1999999999999993,23.641556050746225,134217728,autoscale-python-pi,autoscale-python-pi-cpu,server_0,1683514916944
2026-07-07 18:18:40.553788,0.0,0.1999999999999993,23.64523990130734,134217728,autoscale-python-pi,autoscale-python-pi-cpu,server_0,1683514918848
2026-07-07 18:18:40.553834,0.0,0.1999999999999993,23.66884539126931,134217728,autoscale-python-pi,autoscale-python-pi-cpu,server_0,1683514605056
2026-07-07 18:18:40.553872,0.0,0.1999999999999993,23.681342499572082,134217728,autoscale-python-pi,autoscale-python-pi-cpu,server_0,1683514712912
2026-07-07 18:18:40.553886,0.0,0.1999999999999993,23.68443719959288,134217728,autoscale-python-pi,autoscale-python-pi-cpu,server_0,1683514715792
2026-07-07 18:18:40.553896,0.0,0.1999999999999993,23.697668140558562,134217728,autoscale-python-pi,autoscale-python-pi-cpu,server_0,1683514558624
2026-07-07 18:18:40.553939,0.0,0.1999999999999993,23.71330419550503,134217728,autoscale-python-pi,autoscale-python-pi-cpu,server_0,1683514562272
2026-07-07 18:18:40.553950,0.0,0.1999999999999993,23.71371161101098,134217728,autoscale-python-pi,autoscale-python-pi-cpu,server_0,1683514322544
2026-07-07 18:18:40.554306,0.0,0.1999999999999993,23.847185511412764,134217728,autoscale-python-pi,autoscale-python-pi-cpu,server_0,1683514916944
2026-07-07 18:18:40.554365,0.0,0.1999999999999993,23.87072502605292,134217728,autoscale-python-pi,autoscale-python-pi-cpu,server_0,1683514918848
2026-07-07 18:18:40.554398,0.0,0.1999999999999993,23.89986887672894,134217728,autoscale-python-pi,autoscale-python-pi-cpu,server_0,1683514605056
2026-07-07 18:18:40.554499,0.0,0.1999999999999993,23.969848202294067,134217728,autoscale-python-pi,autoscale-python-pi-cpu,server_0,1683514712912
2026-07-07 18:18:40.554578,0.0,0.1999999999999993,24.01424946415957,134217728,autoscale-python-pi,autoscale-python-pi-cpu,server_0,1683514715792
2026-07-07 18:18:40.554587,0.0,0.1999999999999993,24.032843202142676,134217728,autoscale-python-pi,autoscale-python-pi-cpu,server_0,1683514558624
2026-07-07 18:18:40.554596,0.0,0.1999999999999993,24.042544973712026,134217728,autoscale-python-pi,autoscale-python-pi-cpu,server_0,1683514562272
2026-07-07 18:18:40.554605,0.0,0.1999999999999993,24.044456491598343,134217728,autoscale-python-pi,autoscale-python-pi-cpu,server_0,1683514322544
2026-07-07 18:18:40.554614,0.0,0.1999999999999993,24.047595156417284,134217728,autoscale-python-pi,autoscale-python-pi-cpu,server_0,1683514916944
2026-07-07 18:18:40.554675,0.0,0.1999999999999993,24.04910343266544,134217728,autoscale-python-pi,autoscale-python-pi-cpu,server_0,1683514918848
2026-07-07 18:18:40.554901,0.0,0.1999999999999993,24.098827969730362,134217728,autoscale-python-pi,autoscale-python-pi-cpu,server_0,1683514605056
2026-07-07 18:18:40.554957,0.0,0.1999999999999993,24.107731474034125,134217728,autoscale-python-pi,autoscale-python-pi-cpu,server_0,1683514712912
2026-07-07 18:18:40.555084,0.0,0.1999999999999993,24.136939916837665,134217728,autoscale-python-pi,autoscale-python-pi-cpu,server_0,1683514715792
2026-07-07 18:18:40.555102,0.0,0.1999999999999993,24.136975780979167,134217728,autoscale-python-pi,autoscale-python-pi-cpu,server_0,1683514558624
2026-07-07 18:18:40.555188,0.0,0.1999999999999993,24.159631638887735,134217728,autoscale-python-pi,autoscale-python-pi-cpu,server_0,1683514562272
2026-07-07 18:18:40.555203,0.0,0.1999999999999993,24.173856396621318,134217728,autoscale-python-pi,autoscale-python-pi-cpu,server_0,1683514322544
2026-07-07 18:18:40.555218,0.0,0.1999999999999993,24.206855291861736,134217728,autoscale-python-pi,autoscale-python-pi-cpu,server_0,1683514916944
2026-07-07 18:18:40.555232,0.0,0.1999999999999993,24.208503373479264,134217728,autoscale-python-pi,autoscale-python-pi-cpu,server_0,1683514918848
2026-07-07 18:18:40.555368,0.0,0.1999999999999993,24.249180461798666,134217728,autoscale-python-pi,autoscale-python-pi-cpu,server_0,1683514605056
2026-07-07 18:18:40.555386,0.0,0.1999999999999993,24.25573668153999,134217728,autoscale-python-pi,autoscale-python-pi-cpu,server_0,1683514712912
2026-07-07 18:18:40.555401,0.0,0.1999999999999993,24.28500973079776,134217728,autoscale-python-pi,autoscale-python-pi-cpu,server_0,1683514715792
2026-07-07 18:18:40.555459,0.0,0.1999999999999993,24.293217113349844,134217728,autoscale-python-pi,autoscale-python-pi-cpu,server_0,1683514558624
2026-07-07 18:18:40.555475,0.0,0.1999999999999993,24.306100278158095,134217728,autoscale-python-pi,autoscale-python-pi-cpu,server_0,1683514562272
2026-07-07 18:18:40.555489,0.0,0.1999999999999993,24.315957914460075,134217728,autoscale-python-pi,autoscale-python-pi-cpu,server_0,1683514322544
2026-07-07 18:18:40.555504,0.0,0.1999999999999993,24.316795798438463,134217728,autoscale-python-pi,autoscale-python-pi-cpu,server_0,1683514916944
2026-07-07 18:18:40.555519,0.0,0.1999999999999993,24.321029346794067,134217728,autoscale-python-pi,autoscale-python-pi-cpu,server_0,1683514918848
2026-07-07 18:18:40.555579,0.0,0.1999999999999993,24.33833712786348,134217728,autoscale-python-pi,autoscale-python-pi-cpu,server_0,1683514605056
2026-07-07 18:18:40.555595,0.0,0.1999999999999993,24.358732276880577,134217728,autoscale-python-pi,autoscale-python-pi-cpu,server_0,1683514712912
2026-07-07 18:18:40.555748,0.0,0.1999999999999993,24.415065387294916,134217728,autoscale-python-pi,autoscale-python-pi-cpu,server_0,1683514715792
2026-07-07 18:18:40.555779,0.0,0.1999999999999993,24.41583005278773,134217728,autoscale-python-pi,autoscale-python-pi-cpu,server_0,1683514558624
2026-07-07 18:18:40.555793,0.0,0.1999999999999993,24.418380472665003,134217728,autoscale-python-pi,autoscale-python-pi-cpu,server_0,1683514562272
2026-07-07 18:18:40.555806,0.0,0.1999999999999993,24.492931080067287,134217728,autoscale-python-pi,autoscale-python-pi-cpu,server_0,1683514322544
2026-07-07 18:18:40.555919,0.0,0.1999999999999993,24.528356531064944,134217728,autoscale-python-pi,autoscale-python-pi-cpu,server_0,1683514916944
2026-07-07 18:18:40.555934,0.0,0.1999999999999993,24.574189451033728,134217728,autoscale-python-pi,autoscale-python-pi-cpu,server_0,1683514918848
2026-07-07 18:18:40.555946,0.0,0.1999999999999993,24.580509351996366,134217728,autoscale-python-pi,autoscale-python-pi-cpu,server_0,1683514605056
2026-07-07 18:18:40.556223,0.0,0.1999999999999993,24.70808105538203,134217728,autoscale-python-pi,autoscale-python-pi-cpu,server_0,1683514712912
2026-07-07 18:18:40.556245,0.0,0.1999999999999993,24.711790465221533,134217728,autoscale-python-pi,autoscale-python-pi-cpu,server_0,1683514715792
2026-07-07 18:18:40.556345,0.0,0.1999999999999993,24.788683860250863,134217728,autoscale-python-pi,autoscale-python-pi-cpu,server_0,1683514558624
2026-07-07 18:18:40.556363,0.0,0.1999999999999993,24.79903558090315,134217728,autoscale-python-pi,autoscale-python-pi-cpu,server_0,1683514562272
2026-07-07 18:18:40.556699,0.0,0.1999999999999993,24.81821122026773,134217728,autoscale-python-pi,autoscale-python-pi-cpu,server_0,1683514322544
2026-07-07 18:18:40.556835,0.0,0.1999999999999993,24.861009838729895,134217728,autoscale-python-pi,autoscale-python-pi-cpu,server_0,1683514916944
2026-07-07 18:18:40.556938,0.0,0.1999999999999993,24.898965849109683,134217728,autoscale-python-pi,autoscale-python-pi-cpu,server_0,1683514918848
2026-07-07 18:18:40.556958,0.0,0.1999999999999993,24.93199198638907,134217728,autoscale-python-pi,autoscale-python-pi-cpu,server_0,1683514605056
2026-07-07 18:18:40.557018,0.0,0.1999999999999993,24.954696240342376,134217728,autoscale-python-pi,autoscale-python-pi-cpu,server_0,1683514712912
2026-07-07 18:18:40.557185,0.0,0.1999999999999993,25.00560528436126,134217728,autoscale-python-pi,autoscale-python-pi-cpu,server_0,1683514715792
2026-07-07 18:18:40.557241,0.0,0.1999999999999993,25.035861183415484,134217728,autoscale-python-pi,autoscale-python-pi-cpu,server_0,1683514558624
2026-07-07 18:18:40.557300,0.0,0.1999999999999993,25.05792583314948,134217728,autoscale-python-pi,autoscale-python-pi-cpu,server_0,1683514562272
2026-07-07 18:18:40.557316,0.0,0.1999999999999993,25.071801768311254,134217728,autoscale-python-pi,autoscale-python-pi-cpu,server_0,1683514322544
2026-07-07 18:18:40.557368,0.0,0.1999999999999993,25.075571957501392,134217728,autoscale-python-pi,autoscale-python-pi-cpu,server_0,1683514916944
2026-07-07 18:18:40.557422,0.0,0.1999999999999993,25.136747818993754,134217728,autoscale-python-pi,autoscale-python-pi-cpu,server_0,1683514918848
2026-07-07 18:18:40.557478,0.0,0.1999999999999993,25.16749469014965,134217728,autoscale-python-pi,autoscale-python-pi-cpu,server_0,1683514605056
2026-07-07 18:18:40.557530,0.0,0.1999999999999993,25.177457326834375,134217728,autoscale-python-pi,autoscale-python-pi-cpu,server_0,1683514712912
2026-07-07 18:18:40.557551,0.0,0.1999999999999993,25.180037542021534,134217728,autoscale-python-pi,autoscale-python-pi-cpu,server_0,1683514715792
2026-07-07 18:18:40.557610,0.0,0.1999999999999993,25.200951297083403,134217728,autoscale-python-pi,autoscale-python-pi-cpu,server_0,1683514558624
2026-07-07 18:18:40.557628,0.0,0.1999999999999993,25.218168428669514,134217728,autoscale-python-pi,autoscale-python-pi-cpu,server_0,1683514562272
2026-07-07 18:18:40.557683,0.0,0.1999999999999993,25.255544796333986,134217728,autoscale-python-pi,autoscale-python-pi-cpu,server_0,1683514322544
2026-07-07 18:18:40.557699,0.0,0.1999999999999993,25.274032016977536,134217728,autoscale-python-pi,autoscale-python-pi-cpu,server_0,1683514916944
2026-07-07 18:18:40.557719,0.0,0.1999999999999993,25.289951286649597,134217728,autoscale-python-pi,autoscale-python-pi-cpu,server_0,1683514918848
2026-07-07 18:18:40.557896,0.0,0.1999999999999993,25.364309042707987,134217728,autoscale-python-pi,autoscale-python-pi-cpu,server_0,1683514605056
2026-07-07 18:18:40.557913,0.0,0.1999999999999993,25.36875368958739,134217728,autoscale-python-pi,autoscale-python-pi-cpu,server_0,1683514712912
2026-07-07 18:18:40.557968,0.0,0.1999999999999993,25.381882835378537,134217728,autoscale-python-pi,autoscale-python-pi-cpu,server_0,1683514715792
2026-07-07 18:18:40.557983,0.0,0.1999999999999993,25.432500891878927,134217728,autoscale-python-pi,autoscale-python-pi-cpu,server_0,1683514558624
2026-07-07 18:18:40.558114,0.0,0.1999999999999993,25.499873961605175,134217728,autoscale-python-pi,autoscale-python-pi-cpu,server_0,1683514562272
2026-07-07 18:18:40.558133,0.0,0.1999999999999993,25.501500332073363,134217728,autoscale-python-pi,autoscale-python-pi-cpu,server_0,1683514322544
2026-07-07 18:18:40.558197,0.0,0.1999999999999993,25.520182461471148,134217728,autoscale-python-pi,autoscale-python-pi-cpu,server_0,1683514916944
2026-07-07 18:18:40.558328,0.0,0.1999999999999993,25.55295530499616,134217728,autoscale-python-pi,autoscale-python-pi-cpu,server_0,1683514918848
2026-07-07 18:18:40.558423,0.0,0.1999999999999993,25.58143357267805,134217728,autoscale-python-pi,autoscale-python-pi-cpu,server_0,1683514605056
2026-07-07 18:18:40.558563,0.0,0.1999999999999993,25.649924886312547,134217728,autoscale-python-pi,autoscale-python-pi-cpu,server_0,1683514712912
2026-07-07 18:18:40.558579,0.0,0.1999999999999993,25.67834321782419,134217728,autoscale-python-pi,autoscale-python-pi-cpu,server_0,1683514715792
2026-07-07 18:18:40.558604,0.0,0.1999999999999993,25.692824970297814,134217728,autoscale-python-pi,autoscale-python-pi-cpu,server_0,1683514558624
2026-07-07 18:18:40.558669,0.0,0.1999999999999993,25.71406595435869,134217728,autoscale-python-pi,autoscale-python-pi-cpu,server_0,1683514562272
2026-07-07 18:18:40.558731,0.0,0.1999999999999993,25.73308286124502,134217728,autoscale-python-pi,autoscale-python-pi-cpu,server_0,1683514322544
2026-07-07 18:18:40.558747,0.0,0.1999999999999993,25.738697142801342,134217728,autoscale-python-pi,autoscale-python-pi-cpu,server_0,1683514916944
2026-07-07 18:18:40.558761,0.0,0.1999999999999993,25.740896294698864,134217728,autoscale-python-pi,autoscale-python-pi-cpu,server_0,1683514918848
2026-07-07 18:18:40.558775,0.0,0.1999999999999993,25.75424022543971,134217728,autoscale-python-pi,autoscale-python-pi-cpu,server_0,1683514605056
2026-07-07 18:18:40.558871,0.0,0.1999999999999993,25.7804096372775,134217728,autoscale-python-pi,autoscale-python-pi-cpu,server_0,1683514712912
2026-07-07 18:18:40.558889,0.0,0.1999999999999993,25.783552961300472,134217728,autoscale-python-pi,autoscale-python-pi-cpu,server_0,1683514715792
2026-07-07 18:18:40.559391,0.0,0.1999999999999993,25.815942104107542,134217728,autoscale-python-pi,autoscale-python-pi-cpu,server_0,1683514558624
2026-07-07 18:18:40.559494,0.0,0.1999999999999993,25.83354988556521,134217728,autoscale-python-pi,autoscale-python-pi-cpu,server_0,1683514562272
2026-07-07 18:18:40.559778,0.0,0.1999999999999993,25.900795210664736,134217728,autoscale-python-pi,autoscale-python-pi-cpu,server_0,1683514322544
2026-07-07 18:18:40.559845,0.0,0.1999999999999993,25.92417521837434,134217728,autoscale-python-pi,autoscale-python-pi-cpu,server_0,1683514916944
2026-07-07 18:18:40.559869,0.0,0.1999999999999993,25.955119058122865,134217728,autoscale-python-pi,autoscale-python-pi-cpu,server_0,1683514918848
2026-07-07 18:18:40.559932,0.0,0.1999999999999993,25.97681808044908,134217728,autoscale-python-pi,autoscale-python-pi-cpu,server_0,1683514605056
2026-07-07 18:18:40.559957,0.0,0.1999999999999993,25.98584753505147,134217728,autoscale-python-pi,autoscale-python-pi-cpu,server_0,1683514712912
2026-07-07 18:18:40.559974,0.0,0.1999999999999993,26.02981033285093,134217728,autoscale-python-pi,autoscale-python-pi-cpu,server_0,1683514715792
2026-07-07 18:18:40.560033,0.0,0.1999999999999993,26.035827182204287,134217728,autoscale-python-pi,autoscale-python-pi-cpu,server_0,1683514558624
2026-07-07 18:18:40.560090,0.0,0.1999999999999993,26.04006556674843,134217728,autoscale-python-pi,autoscale-python-pi-cpu,server_0,1683514562272
2026-07-07 18:18:40.560112,0.0,0.1999999999999993,26.058397922798928,134217728,autoscale-python-pi,autoscale-python-pi-cpu,server_0,1683514322544
2026-07-07 18:18:40.560167,0.0,0.1999999999999993,26.0886244748373,134217728,autoscale-python-pi,autoscale-python-pi-cpu,server_0,1683514916944
2026-07-07 18:18:40.560183,0.0,0.1999999999999993,26.100794889231008,134217728,autoscale-python-pi,autoscale-python-pi-cpu,server_0,1683514918848
2026-07-07 18:18:40.560199,0.0,0.1999999999999993,26.11739078315932,134217728,autoscale-python-pi,autoscale-python-pi-cpu,server_0,1683514605056
2026-07-07 18:18:40.560266,0.0,0.1999999999999993,26.16482467309,134217728,autoscale-python-pi,autoscale-python-pi-cpu,server_0,1683514712912
2026-07-07 18:18:40.560286,0.0,0.1999999999999993,26.234334178941197,134217728,autoscale-python-pi,autoscale-python-pi-cpu,server_0,1683514715792
2026-07-07 18:18:40.560302,0.0,0.1999999999999993,26.236461424793937,134217728,autoscale-python-pi,autoscale-python-pi-cpu,server_0,1683514558624
2026-07-07 18:18:40.560454,0.0,0.1999999999999993,26.27082923727569,134217728,autoscale-python-pi,autoscale-python-pi-cpu,server_0,1683514562272
2026-07-07 18:18:40.560608,0.0,0.1999999999999993,26.333219128140716,134217728,autoscale-python-pi,autoscale-python-pi-cpu,server_0,1683514322544
2026-07-07 18:18:40.560966,0.0,0.1999999999999993,26.438902251965555,134217728,autoscale-python-pi,autoscale-python-pi-cpu,server_0,1683514916944
2026-07-07 18:18:40.560984,0.0,0.1999999999999993,26.446302017997215,134217728,autoscale-python-pi,autoscale-python-pi-cpu,server_0,1683514918848
2026-07-07 18:18:40.561042,0.0,0.1999999999999993,26.465080979090786,134217728,autoscale-python-pi,autoscale-python-pi-cpu,server_0,1683514605056
2026-07-07 18:18:40.561099,0.0,0.1999999999999993,26.501683322710317,134217728,autoscale-python-pi,autoscale-python-pi-cpu,server_0,1683514712912
2026-07-07 18:18:40.561160,0.0,0.1999999999999993,26.525910761459535,134217728,autoscale-python-pi,autoscale-python-pi-cpu,server_0,1683514715792
2026-07-07 18:18:40.561177,0.0,0.1999999999999993,26.52787999068015,134217728,autoscale-python-pi,autoscale-python-pi-cpu,server_0,1683514558624
2026-07-07 18:18:40.561192,0.0,0.1999999999999993,26.54498600918776,134217728,autoscale-python-pi,autoscale-python-pi-cpu,server_0,1683514562272
2026-07-07 18:18:40.561208,0.0,0.1999999999999993,26.55094110708634,134217728,autoscale-python-pi,autoscale-python-pi-cpu,server_0,1683514322544
2026-07-07 18:18:40.561310,0.0,0.1999999999999993,26.574770825310104,134217728,autoscale-python-pi,autoscale-python-pi-cpu,server_0,1683514916944
2026-07-07 18:18:40.561327,0.0,0.1999999999999993,26.593472232070262,134217728,autoscale-python-pi,autoscale-python-pi-cpu,server_0,1683514918848
2026-07-07 18:18:40.561344,0.0,0.1999999999999993,26.597237080201378,134217728,autoscale-python-pi,autoscale-python-pi-cpu,server_0,1683514605056
2026-07-07 18:18:40.561412,0.0,0.1999999999999993,26.638475156242652,134217728,autoscale-python-pi,autoscale-python-pi-cpu,server_0,1683514712912
2026-07-07 18:18:40.561472,0.0,0.1999999999999993,26.6613208208642,134217728,autoscale-python-pi,autoscale-python-pi-cpu,server_0,1683514715792
2026-07-07 18:18:40.561489,0.0,0.1999999999999993,26.667740641689722,134217728,autoscale-python-pi,autoscale-python-pi-cpu,server_0,1683514558624
2026-07-07 18:18:40.561689,0.0,0.1999999999999993,26.71902128781481,134217728,autoscale-python-pi,autoscale-python-pi-cpu,server_0,1683514562272
2026-07-07 18:18:40.561799,0.0,0.1999999999999993,26.756581207768345,134217728,autoscale-python-pi,autoscale-python-pi-cpu,server_0,1683514322544
2026-07-07 18:18:40.561903,0.0,0.1999999999999993,26.768174993976846,134217728,autoscale-python-pi,autoscale-python-pi-cpu,server_0,1683514916944
2026-07-07 18:18:40.562300,0.0,0.1999999999999993,26.806783480561084,134217728,autoscale-python-pi,autoscale-python-pi-cpu,server_0,1683514918848
2026-07-07 18:18:40.562555,0.0,0.1999999999999993,26.846886334966754,134217728,autoscale-python-pi,autoscale-python-pi-cpu,server_0,1683514605056
2026-07-07 18:18:40.562583,0.0,0.1999999999999993,26.872499919374924,134217728,autoscale-python-pi,autoscale-python-pi-cpu,server_0,1683514712912
2026-07-07 18:18:40.562650,0.0,0.1999999999999993,26.87847312054678,134217728,autoscale-python-pi,autoscale-python-pi-cpu,server_0,1683514715792
2026-07-07 18:18:40.562730,0.0,0.1999999999999993,26.890568423378426,134217728,autoscale-python-pi,autoscale-python-pi-cpu,server_0,1683514558624
2026-07-07 18:18:40.562754,0.0,0.1999999999999993,26.903908735403135,134217728,autoscale-python-pi,autoscale-python-pi-cpu,server_0,1683514562272
2026-07-07 18:18:40.562821,0.0,0.1999999999999993,26.948334871721713,134217728,autoscale-python-pi,autoscale-python-pi-cpu,server_0,1683514322544
2026-07-07 18:18:40.562846,0.0,0.1999999999999993,26.955322488608125,134217728,autoscale-python-pi,autoscale-python-pi-cpu,server_0,1683514916944
2026-07-07 18:18:40.562869,0.0,0.1999999999999993,26.957976047159615,134217728,autoscale-python-pi,autoscale-python-pi-cpu,server_0,1683514918848
2026-07-07 18:18:40.562933,0.0,0.1999999999999993,26.96733320907219,134217728,autoscale-python-pi,autoscale-python-pi-cpu,server_0,1683514605056
2026-07-07 18:18:40.562956,0.0,0.1999999999999993,26.978836711351004,134217728,autoscale-python-pi,autoscale-python-pi-cpu,server_0,1683514712912
2026-07-07 18:18:40.563029,0.0,0.1999999999999993,26.986803723495903,134217728,autoscale-python-pi,autoscale-python-pi-cpu,server_0,1683514715792
2026-07-07 18:18:40.563052,0.0,0.1999999999999993,27.009172998593588,134217728,autoscale-python-pi,autoscale-python-pi-cpu,server_0,1683514558624
2026-07-07 18:18:40.563067,0.0,0.1999999999999993,27.010774785116173,134217728,autoscale-python-pi,autoscale-python-pi-cpu,server_0,1683514562272
2026-07-07 18:18:40.563131,0.0,0.1999999999999993,27.02435640855264,134217728,autoscale-python-pi,autoscale-python-pi-cpu,server_0,1683514322544
2026-07-07 18:18:40.563148,0.0,0.1999999999999993,27.03376843962874,134217728,autoscale-python-pi,autoscale-python-pi-cpu,server_0,1683514916944
2026-07-07 18:18:40.563165,0.0,0.1999999999999993,27.034355950100135,134217728,autoscale-python-pi,autoscale-python-pi-cpu,server_0,1683514918848
2026-07-07 18:18:40.563221,0.0,0.1999999999999993,27.076528323697804,134217728,autoscale-python-pi,autoscale-python-pi-cpu,server_0,1683514605056
2026-07-07 18:18:40.563237,0.0,0.1999999999999993,27.08790120071803,134217728,autoscale-python-pi,autoscale-python-pi-cpu,server_0,1683514712912
2026-07-07 18:18:40.563335,0.0,0.1999999999999993,27.120656216284118,134217728,autoscale-python-pi,autoscale-python-pi-cpu,server_0,1683514715792
2026-07-07 18:18:40.563353,0.0,0.1999999999999993,27.16498964526128,134217728,autoscale-python-pi,autoscale-python-pi-cpu,server_0,1683514558624
2026-07-07 18:18:40.563369,0.0,0.1999999999999993,27.179212364178518,134217728,autoscale-python-pi,autoscale-python-pi-cpu,server_0,1683514562272
2026-07-07 18:18:40.563461,0.0,0.1999999999999993,27.21582793653373,134217728,autoscale-python-pi,autoscale-python-pi-cpu,server_0,1683514322544
2026-07-07 18:18:40.563603,0.0,0.1999999999999993,27.253002997348382,134217728,autoscale-python-pi,autoscale-python-pi-cpu,server_0,1683514916944
2026-07-07 18:18:40.563662,0.0,0.1999999999999993,27.290034760933075,134217728,autoscale-python-pi,autoscale-python-pi-cpu,server_0,1683514918848
2026-07-07 18:18:40.563679,0.0,0.1999999999999993,27.30395272694995,134217728,autoscale-python-pi,autoscale-python-pi-cpu,server_0,1683514605056
2026-07-07 18:18:40.563787,0.0,0.1999999999999993,27.400599487232167,134217728,autoscale-python-pi,autoscale-python-pi-cpu,server_0,1683514712912
2026-07-07 18:18:40.563802,0.0,0.1999999999999993,27.411014449025764,134217728,autoscale-python-pi,autoscale-python-pi-cpu,server_0,1683514715792
2026-07-07 18:18:40.563817,0.0,0.1999999999999993,27.41832350906651,134217728,autoscale-python-pi,autoscale-python-pi-cpu,server_0,1683514558624
2026-07-07 18:18:40.563862,0.0,0.1999999999999993,27.427493360071594,134217728,autoscale-python-pi,autoscale-python-pi-cpu,server_0,1683514562272
2026-07-07 18:18:40.563912,0.0,0.1999999999999993,27.43387172360508,134217728,autoscale-python-pi,autoscale-python-pi-cpu,server_0,1683514322544
2026-07-07 18:18:40.564019,0.0,0.1999999999999993,27.470844906763993,134217728,autoscale-python-pi,autoscale-python-pi-cpu,server_0,1683514916944
2026-07-07 18:18:40.564158,0.0,0.1999999999999993,27.512652340557693,134217728,autoscale-python-pi,autoscale-python-pi-cpu,server_0,1683514918848
2026-07-07 18:18:40.564218,0.0,0.1999999999999993,27.538312097685285,134217728,autoscale-python-pi,autoscale-python-pi-cpu,server_0,1683514605056
2026-07-07 18:18:40.564499,0.0,0.1999999999999993,27.64627799291124,134217728,autoscale-python-pi,autoscale-python-pi-cpu,server_0,1683514712912
2026-07-07 18:18:40.564522,0.0,0.1999999999999993,27.647986655007937,134217728,autoscale-python-pi,autoscale-python-pi-cpu,server_0,1683514715792
2026-07-07 18:18:40.564588,0.0,0.1999999999999993,27.674937810187558,134217728,autoscale-python-pi,autoscale-python-pi-cpu,server_0,1683514558624
2026-07-07 18:18:40.564651,0.0,0.1999999999999993,27.69783798524956,134217728,autoscale-python-pi,autoscale-python-pi-cpu,server_0,1683514562272
2026-07-07 18:18:40.564669,0.0,0.1999999999999993,27.712852491711793,134217728,autoscale-python-pi,autoscale-python-pi-cpu,server_0,1683514322544
2026-07-07 18:18:40.564688,0.0,0.1999999999999993,27.752877801479848,134217728,autoscale-python-pi,autoscale-python-pi-cpu,server_0,1683514916944
2026-07-07 18:18:40.564704,0.0,0.1999999999999993,27.774930645026267,134217728,autoscale-python-pi,autoscale-python-pi-cpu,server_0,1683514918848
2026-07-07 18:18:40.565227,0.0,0.1999999999999993,27.81191674328824,134217728,autoscale-python-pi,autoscale-python-pi-cpu,server_0,1683514605056
2026-07-07 18:18:40.565307,0.0,0.1999999999999993,27.818257139738044,134217728,autoscale-python-pi,autoscale-python-pi-cpu,server_0,1683514712912
2026-07-07 18:18:40.565414,0.0,0.1999999999999993,27.823863526762594,134217728,autoscale-python-pi,autoscale-python-pi-cpu,server_0,1683514715792
2026-07-07 18:18:40.565442,0.0,0.1999999999999993,27.83137840425294,134217728,autoscale-python-pi,autoscale-python-pi-cpu,server_0,1683514558624
2026-07-07 18:18:40.565461,0.0,0.1999999999999993,27.870593449231542,134217728,autoscale-python-pi,autoscale-python-pi-cpu,server_0,1683514562272
2026-07-07 18:18:40.565480,0.0,0.1999999999999993,27.878052344430138,134217728,autoscale-python-pi,autoscale-python-pi-cpu,server_0,1683514322544
2026-07-07 18:18:40.565581,0.0,0.1999999999999993,27.98458368428471,134217728,autoscale-python-pi,autoscale-python-pi-cpu,server_0,1683514916944
2026-07-07 18:18:40.565596,0.0,0.1999999999999993,27.985066070965747,134217728,autoscale-python-pi,autoscale-python-pi-cpu,server_0,1683514918848
2026-07-07 18:18:40.565612,0.0,0.1999999999999993,27.98834431589551,134217728,autoscale-python-pi,autoscale-python-pi-cpu,server_0,1683514605056
2026-07-07 18:18:40.565625,0.0,0.1999999999999993,28.006559124588115,134217728,autoscale-python-pi,autoscale-python-pi-cpu,server_0,1683514712912
2026-07-07 18:18:40.565639,0.0,0.1999999999999993,28.01244228428962,134217728,autoscale-python-pi,autoscale-python-pi-cpu,server_0,1683514715792
2026-07-07 18:18:40.565655,0.0,0.1999999999999993,28.021916203259615,134217728,autoscale-python-pi,autoscale-python-pi-cpu,server_0,1683514558624
2026-07-07 18:18:40.565669,0.0,0.1999999999999993,28.022601118361468,134217728,autoscale-python-pi,autoscale-python-pi-cpu,server_0,1683514562272
2026-07-07 18:18:40.565866,0.0,0.1999999999999993,28.11789441551987,134217728,autoscale-python-pi,autoscale-python-pi-cpu,server_0,1683514322544
2026-07-07 18:18:40.565885,0.0,0.1999999999999993,28.14292419119409,134217728,autoscale-python-pi,autoscale-python-pi-cpu,server_0,1683514916944
2026-07-07 18:18:40.566031,0.0,0.1999999999999993,28.256789938505584,134217728,autoscale-python-pi,autoscale-python-pi-cpu,server_0,1683514918848
2026-07-07 18:18:40.566099,0.0,0.1999999999999993,28.277432343286712,134217728,autoscale-python-pi,autoscale-python-pi-cpu,server_0,1683514605056
2026-07-07 18:18:40.566197,0.0,0.1999999999999993,28.297283757554766,134217728,autoscale-python-pi,autoscale-python-pi-cpu,server_0,1683514712912
2026-07-07 18:18:40.566217,0.0,0.1999999999999993,28.311342026316773,134217728,autoscale-python-pi,autoscale-python-pi-cpu,server_0,1683514715792
2026-07-07 18:18:40.566239,0.0,0.1999999999999993,28.346329200822932,134217728,autoscale-python-pi,autoscale-python-pi-cpu,server_0,1683514558624
2026-07-07 18:18:40.566254,0.0,0.1999999999999993,28.3515873987981,134217728,autoscale-python-pi,autoscale-python-pi-cpu,server_0,1683514562272
2026-07-07 18:18:40.566263,0.0,0.1999999999999993,28.39134544521855,134217728,autoscale-python-pi,autoscale-python-pi-cpu,server_0,1683514322544
2026-07-07 18:18:40.566486,0.0,0.1999999999999993,28.458154685573824,134217728,autoscale-python-pi,autoscale-python-pi-cpu,server_0,1683514916944
2026-07-07 18:18:40.566541,0.0,0.1999999999999993,28.48041854242239,134217728,autoscale-python-pi,autoscale-python-pi-cpu,server_0,1683514918848
2026-07-07 18:18:40.566556,0.0,0.1999999999999993,28.489178067716797,134217728,autoscale-python-pi,autoscale-python-pi-cpu,server_0,1683514605056
2026-07-07 18:18:40.566736,0.0,0.1999999999999993,28.59306952595557,134217728,autoscale-python-pi,autoscale-python-pi-cpu,server_0,1683514712912
2026-07-07 18:18:40.566765,0.0,0.1999999999999993,28.604178336003894,134217728,autoscale-python-pi,autoscale-python-pi-cpu,server_0,1683514715792
2026-07-07 18:18:40.566862,0.0,0.1999999999999993,28.628588343414865,134217728,autoscale-python-pi,autoscale-python-pi-cpu,server_0,1683514558624
2026-07-07 18:18:40.566884,0.0,0.1999999999999993,28.635134147656608,134217728,autoscale-python-pi,autoscale-python-pi-cpu,server_0,1683514562272
2026-07-07 18:18:40.566900,0.0,0.1999999999999993,28.63546962417479,134217728,autoscale-python-pi,autoscale-python-pi-cpu,server_0,1683514322544
2026-07-07 18:18:40.566917,0.0,0.1999999999999993,28.636665505284213,134217728,autoscale-python-pi,autoscale-python-pi-cpu,server_0,1683514916944
2026-07-07 18:18:40.566932,0.0,0.1999999999999993,28.670526016605194,134217728,autoscale-python-pi,autoscale-python-pi-cpu,server_0,1683514918848
2026-07-07 18:18:40.567041,0.0,0.1999999999999993,28.69471049156178,134217728,autoscale-python-pi,autoscale-python-pi-cpu,server_0,1683514605056
2026-07-07 18:18:40.567095,0.0,0.1999999999999993,28.70788354793006,134217728,autoscale-python-pi,autoscale-python-pi-cpu,server_0,1683514712912
2026-07-07 18:18:40.567198,0.0,0.1999999999999993,28.7528653481693,134217728,autoscale-python-pi,autoscale-python-pi-cpu,server_0,1683514715792
2026-07-07 18:18:40.567212,0.0,0.1999999999999993,28.778174479325575,134217728,autoscale-python-pi,autoscale-python-pi-cpu,server_0,1683514558624
2026-07-07 18:18:40.567548,0.0,0.1999999999999993,28.822205972371844,134217728,autoscale-python-pi,autoscale-python-pi-cpu,server_0,1683514562272
2026-07-07 18:18:40.567566,0.0,0.1999999999999993,28.826664095871575,134217728,autoscale-python-pi,autoscale-python-pi-cpu,server_0,1683514322544
2026-07-07 18:18:40.567656,0.0,0.1999999999999993,28.872262516080937,134217728,autoscale-python-pi,autoscale-python-pi-cpu,server_0,1683514916944
2026-07-07 18:18:40.567678,0.0,0.1999999999999993,28.881959173504004,134217728,autoscale-python-pi,autoscale-python-pi-cpu,server_0,1683514918848
2026-07-07 18:18:40.567716,0.0,0.1999999999999993,28.90787322701118,134217728,autoscale-python-pi,autoscale-python-pi-cpu,server_0,1683514605056
2026-07-07 18:18:40.567765,0.0,0.1999999999999993,28.913176978303035,134217728,autoscale-python-pi,autoscale-python-pi-cpu,server_0,1683514712912
2026-07-07 18:18:40.567778,0.0,0.1999999999999993,28.926487484203065,134217728,autoscale-python-pi,autoscale-python-pi-cpu,server_0,1683514715792
2026-07-07 18:18:40.568003,0.0,0.1999999999999993,28.978223107359085,134217728,autoscale-python-pi,autoscale-python-pi-cpu,server_0,1683514558624
2026-07-07 18:18:40.568024,0.0,0.1999999999999993,28.980674260108213,134217728,autoscale-python-pi,autoscale-python-pi-cpu,server_0,1683514562272
2026-07-07 18:18:40.568039,0.0,0.1999999999999993,28.98518737463757,134217728,autoscale-python-pi,autoscale-python-pi-cpu,server_0,1683514322544
2026-07-07 18:18:40.568195,0.0,0.1999999999999993,29.035818089581387,134217728,autoscale-python-pi,autoscale-python-pi-cpu,server_0,1683514916944
2026-07-07 18:18:40.568213,0.0,0.1999999999999993,29.051557458110583,134217728,autoscale-python-pi,autoscale-python-pi-cpu,server_0,1683514918848
2026-07-07 18:18:40.568270,0.0,0.1999999999999993,29.08885772047794,134217728,autoscale-python-pi,autoscale-python-pi-cpu,server_0,1683514605056
2026-07-07 18:18:40.568375,0.0,0.1999999999999993,29.10823303670657,134217728,autoscale-python-pi,autoscale-python-pi-cpu,server_0,1683514712912
2026-07-07 18:18:40.568484,0.0,0.1999999999999993,29.132331825550185,134217728,autoscale-python-pi,autoscale-python-pi-cpu,server_0,1683514715792
2026-07-07 18:18:40.568504,0.0,0.1999999999999993,29.13741456212882,134217728,autoscale-python-pi,autoscale-python-pi-cpu,server_0,1683514558624
2026-07-07 18:18:40.568517,0.0,0.1999999999999993,29.146089458579347,134217728,autoscale-python-pi,autoscale-python-pi-cpu,server_0,1683514562272
2026-07-07 18:18:40.568530,0.0,0.1999999999999993,29.151205249459114,134217728,autoscale-python-pi,autoscale-python-pi-cpu,server_0,1683514322544
2026-07-07 18:18:40.568659,0.0,0.1999999999999993,29.216512910683583,134217728,autoscale-python-pi,autoscale-python-pi-cpu,server_0,1683514916944
2026-07-07 18:18:40.568674,0.0,0.1999999999999993,29.230448004550077,134217728,autoscale-python-pi,autoscale-python-pi-cpu,server_0,1683514918848
2026-07-07 18:18:40.568688,0.0,0.1999999999999993,29.23158992428675,134217728,autoscale-python-pi,autoscale-python-pi-cpu,server_0,1683514605056
2026-07-07 18:18:40.568738,0.0,0.1999999999999993,29.265464837358376,134217728,autoscale-python-pi,autoscale-python-pi-cpu,server_0,1683514712912
2026-07-07 18:18:40.568752,0.0,0.1999999999999993,29.292410200164305,134217728,autoscale-python-pi,autoscale-python-pi-cpu,server_0,1683514715792
2026-07-07 18:18:40.568765,0.0,0.1999999999999993,29.30774385048225,134217728,autoscale-python-pi,autoscale-python-pi-cpu,server_0,1683514558624
2026-07-07 18:18:40.568779,0.0,0.1999999999999993,29.33215597822806,134217728,autoscale-python-pi,autoscale-python-pi-cpu,server_0,1683514562272
2026-07-07 18:18:40.569112,0.0,0.1999999999999993,29.36504772538272,134217728,autoscale-python-pi,autoscale-python-pi-cpu,server_0,1683514322544
2026-07-07 18:18:40.569161,0.0,0.1999999999999993,29.36957569741782,134217728,autoscale-python-pi,autoscale-python-pi-cpu,server_0,1683514916944
2026-07-07 18:18:40.569272,0.0,0.1999999999999993,29.41231095818186,134217728,autoscale-python-pi,autoscale-python-pi-cpu,server_0,1683514918848
2026-07-07 18:18:40.569315,0.0,0.1999999999999993,29.438858211749956,134217728,autoscale-python-pi,autoscale-python-pi-cpu,server_0,1683514605056
2026-07-07 18:18:40.569521,0.0,0.1999999999999993,29.537188904639464,134217728,autoscale-python-pi,autoscale-python-pi-cpu,server_0,1683514712912
2026-07-07 18:18:40.569537,0.0,0.1999999999999993,29.547250938557905,134217728,autoscale-python-pi,autoscale-python-pi-cpu,server_0,1683514715792
2026-07-07 18:18:40.569550,0.0,0.1999999999999993,29.54883968904225,134217728,autoscale-python-pi,autoscale-python-pi-cpu,server_0,1683514558624
2026-07-07 18:18:40.569566,0.0,0.1999999999999993,29.561486960134356,134217728,autoscale-python-pi,autoscale-python-pi-cpu,server_0,1683514562272
2026-07-07 18:18:40.569581,0.0,0.1999999999999993,29.563234490186378,134217728,autoscale-python-pi,autoscale-python-pi-cpu,server_0,1683514322544
2026-07-07 18:18:40.569593,0.0,0.1999999999999993,29.568310779793414,134217728,autoscale-python-pi,autoscale-python-pi-cpu,server_0,1683514916944
2026-07-07 18:18:40.569604,0.0,0.1999999999999993,29.57600099664767,134217728,autoscale-python-pi,autoscale-python-pi-cpu,server_0,1683514918848
2026-07-07 18:18:40.569688,0.0,0.1999999999999993,29.600573970141216,134217728,autoscale-python-pi,autoscale-python-pi-cpu,server_0,1683514605056
2026-07-07 18:18:40.569703,0.0,0.1999999999999993,29.607238758629723,134217728,autoscale-python-pi,autoscale-python-pi-cpu,server_0,1683514712912
2026-07-07 18:18:40.569716,0.0,0.1999999999999993,29.61400469592539,134217728,autoscale-python-pi,autoscale-python-pi-cpu,server_0,1683514715792
2026-07-07 18:18:40.569766,0.0,0.1999999999999993,29.671182026752653,134217728,autoscale-python-pi,autoscale-python-pi-cpu,server_0,1683514558624
2026-07-07 18:18:40.569784,0.0,0.1999999999999993,29.6721289504723,134217728,autoscale-python-pi,autoscale-python-pi-cpu,server_0,1683514562272
2026-07-07 18:18:40.569839,0.0,0.1999999999999993,29.68684090201026,134217728,autoscale-python-pi,autoscale-python-pi-cpu,server_0,1683514322544
2026-07-07 18:18:40.569854,0.0,0.1999999999999993,29.69285266853719,134217728,autoscale-python-pi,autoscale-python-pi-cpu,server_0,1683514916944
2026-07-07 18:18:40.569901,0.0,0.1999999999999993,29.715536412265003,134217728,autoscale-python-pi,autoscale-python-pi-cpu,server_0,1683514918848
2026-07-07 18:18:40.569990,0.0,0.1999999999999993,29.790166279157464,134217728,autoscale-python-pi,autoscale-python-pi-cpu,server_0,1683514605056
2026-07-07 18:18:40.570006,0.0,0.1999999999999993,29.79437214098944,134217728,autoscale-python-pi,autoscale-python-pi-cpu,server_0,1683514712912
2026-07-07 18:18:40.570846,0.0,0.1999999999999993,29.85930090295248,134217728,autoscale-python-pi,autoscale-python-pi-cpu,server_0,1683514715792
2026-07-07 18:18:40.570862,0.0,0.1999999999999993,29.8813701780781,134217728,autoscale-python-pi,autoscale-python-pi-cpu,server_0,1683514558624
2026-07-07 18:18:40.570972,0.0,0.1999999999999993,29.909127126057424,134217728,autoscale-python-pi,autoscale-python-pi-cpu,server_0,1683514562272
2026-07-07 18:18:40.570986,0.0,0.1999999999999993,29.9304298344278,134217728,autoscale-python-pi,autoscale-python-pi-cpu,server_0,1683514322544
2026-07-07 18:18:40.571038,0.0,0.1999999999999993,29.96744775761022,134217728,autoscale-python-pi,autoscale-python-pi-cpu,server_0,1683514916944
2026-07-07 18:18:40.571220,0.0,0.1999999999999993,29.995331684737064,134217728,autoscale-python-pi,autoscale-python-pi-cpu,server_0,1683514918848
2026-07-07 18:18:40.571237,0.0,0.1999999999999993,30.000423013155306,134217728,autoscale-python-pi,autoscale-python-pi-cpu,server_0,1683514605056
2026-07-07 18:18:40.571293,0.0,0.1999999999999993,30.034689701412763,134217728,autoscale-python-pi,autoscale-python-pi-cpu,server_0,1683514712912
2026-07-07 18:18:40.571308,0.0,0.1999999999999993,30.04318372117584,134217728,autoscale-python-pi,autoscale-python-pi-cpu,server_0,1683514715792
2026-07-07 18:18:40.571355,0.0,0.1999999999999993,30.050119817406443,134217728,autoscale-python-pi,autoscale-python-pi-cpu,server_0,1683514558624
2026-07-07 18:18:40.571368,0.0,0.1999999999999993,30.056415073713055,134217728,autoscale-python-pi,autoscale-python-pi-cpu,server_0,1683514562272
2026-07-07 18:18:40.571380,0.0,0.1999999999999993,30.05783955937755,134217728,autoscale-python-pi,autoscale-python-pi-cpu,server_0,1683514322544
2026-07-07 18:18:40.571463,0.0,0.1999999999999993,30.081632964687415,134217728,autoscale-python-pi,autoscale-python-pi-cpu,server_0,1683514916944
2026-07-07 18:18:40.571513,0.0,0.1999999999999993,30.094582544906395,134217728,autoscale-python-pi,autoscale-python-pi-cpu,server_0,1683514918848
2026-07-07 18:18:40.571560,0.0,0.1999999999999993,30.1379021070056,134217728,autoscale-python-pi,autoscale-python-pi-cpu,server_0,1683514605056
2026-07-07 18:18:40.571715,0.0,0.1999999999999993,30.187360215677387,134217728,autoscale-python-pi,autoscale-python-pi-cpu,server_0,1683514712912
2026-07-07 18:18:40.571799,0.0,0.1999999999999993,30.217552939691668,134217728,autoscale-python-pi,autoscale-python-pi-cpu,server_0,1683514715792
2026-07-07 18:18:40.571850,0.0,0.1999999999999993,30.24344210971325,134217728,autoscale-python-pi,autoscale-python-pi-cpu,server_0,1683514558624
2026-07-07 18:18:40.571865,0.0,0.1999999999999993,30.274083177315465,134217728,autoscale-python-pi,autoscale-python-pi-cpu,server_0,1683514562272
2026-07-07 18:18:40.571913,0.0,0.1999999999999993,30.28674619605891,134217728,autoscale-python-pi,autoscale-python-pi-cpu,server_0,1683514322544
2026-07-07 18:18:40.571998,0.0,0.1999999999999993,30.332262526479642,134217728,autoscale-python-pi,autoscale-python-pi-cpu,server_0,1683514916944
2026-07-07 18:18:40.572016,0.0,0.1999999999999993,30.358633928822385,134217728,autoscale-python-pi,autoscale-python-pi-cpu,server_0,1683514918848
2026-07-07 18:18:40.572029,0.0,0.1999999999999993,30.359680785846262,134217728,autoscale-python-pi,autoscale-python-pi-cpu,server_0,1683514605056
2026-07-07 18:18:40.572042,0.0,0.1999999999999993,30.368149413245316,134217728,autoscale-python-pi,autoscale-python-pi-cpu,server_0,1683514712912
2026-07-07 18:18:40.572093,0.0,0.1999999999999993,30.38679871639773,134217728,autoscale-python-pi,autoscale-python-pi-cpu,server_0,1683514715792
2026-07-07 18:18:40.572107,0.0,0.1999999999999993,30.40674112626715,134217728,autoscale-python-pi,autoscale-python-pi-cpu,server_0,1683514558624
2026-07-07 18:18:40.572127,0.0,0.1999999999999993,30.41315344166091,134217728,autoscale-python-pi,autoscale-python-pi-cpu,server_0,1683514562272
2026-07-07 18:18:40.572141,0.0,0.1999999999999993,30.418160959972237,134217728,autoscale-python-pi,autoscale-python-pi-cpu,server_0,1683514322544
2026-07-07 18:18:40.572231,0.0,0.1999999999999993,30.479023553692556,134217728,autoscale-python-pi,autoscale-python-pi-cpu,server_0,1683514916944
2026-07-07 18:18:40.572278,0.0,0.1999999999999993,30.495818551092608,134217728,autoscale-python-pi,autoscale-python-pi-cpu,server_0,1683514918848
2026-07-07 18:18:40.572294,0.0,0.1999999999999993,30.506540374364267,134217728,autoscale-python-pi,autoscale-python-pi-cpu,server_0,1683514605056
2026-07-07 18:18:40.572376,0.0,0.1999999999999993,30.569482196133745,134217728,autoscale-python-pi,autoscale-python-pi-cpu,server_0,1683514712912
2026-07-07 18:18:40.572390,0.0,0.1999999999999993,30.62436310460038,134217728,autoscale-python-pi,autoscale-python-pi-cpu,server_0,1683514715792
2026-07-07 18:18:40.572448,0.0,0.1999999999999993,30.63826160717528,134217728,autoscale-python-pi,autoscale-python-pi-cpu,server_0,1683514558624
2026-07-07 18:18:40.572531,0.0,0.1999999999999993,30.689147953076372,134217728,autoscale-python-pi,autoscale-python-pi-cpu,server_0,1683514562272
2026-07-07 18:18:40.572544,0.0,0.1999999999999993,30.71573144713701,134217728,autoscale-python-pi,autoscale-python-pi-cpu,server_0,1683514322544
2026-07-07 18:18:40.572557,0.0,0.1999999999999993,30.725946275562027,134217728,autoscale-python-pi,autoscale-python-pi-cpu,server_0,1683514916944
2026-07-07 18:18:40.572890,0.0,0.1999999999999993,30.83127791175857,134217728,autoscale-python-pi,autoscale-python-pi-cpu,server_0,1683514918848
2026-07-07 18:18:40.573057,0.0,0.1999999999999993,30.87769553337752,134217728,autoscale-python-pi,autoscale-python-pi-cpu,server_0,1683514605056
2026-07-07 18:18:40.573072,0.0,0.1999999999999993,30.877959752302885,134217728,autoscale-python-pi,autoscale-python-pi-cpu,server_0,1683514712912
2026-07-07 18:18:40.573192,0.0,0.1999999999999993,30.933966730434342,134217728,autoscale-python-pi,autoscale-python-pi-cpu,server_0,1683514715792
2026-07-07 18:18:40.573278,0.0,0.1999999999999993,30.979096648645417,134217728,autoscale-python-pi,autoscale-python-pi-cpu,server_0,1683514558624
2026-07-07 18:18:40.573293,0.0,0.1999999999999993,30.994925588167057,134217728,autoscale-python-pi,autoscale-python-pi-cpu,server_0,1683514562272
2026-07-07 18:18:40.573375,0.0,0.1999999999999993,31.039898366591355,134217728,autoscale-python-pi,autoscale-python-pi-cpu,server_0,1683514322544
2026-07-07 18:18:40.573427,0.0,0.1999999999999993,31.057641440943243,134217728,autoscale-python-pi,autoscale-python-pi-cpu,server_0,1683514916944
2026-07-07 18:18:40.573444,0.0,0.1999999999999993,31.059160944472175,134217728,autoscale-python-pi,autoscale-python-pi-cpu,server_0,1683514918848
2026-07-07 18:18:40.573456,0.0,0.1999999999999993,31.086190328590526,134217728,autoscale-python-pi,autoscale-python-pi-cpu,server_0,1683514605056
2026-07-07 18:18:40.573468,0.0,0.1999999999999993,31.090861786767913,134217728,autoscale-python-pi,autoscale-python-pi-cpu,server_0,1683514712912
2026-07-07 18:18:40.573521,0.0,0.1999999999999993,31.11082126604077,134217728,autoscale-python-pi,autoscale-python-pi-cpu,server_0,1683514715792
2026-07-07 18:18:40.573537,0.0,0.1999999999999993,31.143217063158694,134217728,autoscale-python-pi,autoscale-python-pi-cpu,server_0,1683514558624
2026-07-07 18:18:40.573588,0.0,0.1999999999999993,31.16991532665899,134217728,autoscale-python-pi,autoscale-python-pi-cpu,server_0,1683514562272
2026-07-07 18:18:40.573637,0.0,0.1999999999999993,31.199578417340554,134217728,autoscale-python-pi,autoscale-python-pi-cpu,server_0,1683514322544
2026-07-07 18:18:40.573651,0.0,0.1999999999999993,31.206583006808007,134217728,autoscale-python-pi,autoscale-python-pi-cpu,server_0,1683514916944
2026-07-07 18:18:40.573769,0.0,0.1999999999999993,31.247981762562745,134217728,autoscale-python-pi,autoscale-python-pi-cpu,server_0,1683514918848
2026-07-07 18:18:40.573873,0.0,0.1999999999999993,31.295689878958257,134217728,autoscale-python-pi,autoscale-python-pi-cpu,server_0,1683514605056
2026-07-07 18:18:40.574097,0.0,0.1999999999999993,31.36680528304246,134217728,autoscale-python-pi,autoscale-python-pi-cpu,server_0,1683514712912
2026-07-07 18:18:40.574181,0.0,0.1999999999999993,31.389238145794447,134217728,autoscale-python-pi,autoscale-python-pi-cpu,server_0,1683514715792
2026-07-07 18:18:40.574237,0.0,0.1999999999999993,31.425690867165233,134217728,autoscale-python-pi,autoscale-python-pi-cpu,server_0,1683514558624
2026-07-07 18:18:40.574250,0.0,0.1999999999999993,31.431088276155275,134217728,autoscale-python-pi,autoscale-python-pi-cpu,server_0,1683514562272
2026-07-07 18:18:40.574266,0.0,0.1999999999999993,31.44674624418918,134217728,autoscale-python-pi,autoscale-python-pi-cpu,server_0,1683514322544
2026-07-07 18:18:40.574353,0.0,0.1999999999999993,31.46573645963413,134217728,autoscale-python-pi,autoscale-python-pi-cpu,server_0,1683514916944
2026-07-07 18:18:40.574366,0.0,0.1999999999999993,31.469503432534943,134217728,autoscale-python-pi,autoscale-python-pi-cpu,server_0,1683514918848
2026-07-07 18:18:40.574482,0.0,0.1999999999999993,31.500615440420084,134217728,autoscale-python-pi,autoscale-python-pi-cpu,server_0,1683514605056
2026-07-07 18:18:40.574500,0.0,0.1999999999999993,31.513588175106864,134217728,autoscale-python-pi,autoscale-python-pi-cpu,server_0,1683514712912
2026-07-07 18:18:40.574551,0.0,0.1999999999999993,31.523302604479134,134217728,autoscale-python-pi,autoscale-python-pi-cpu,server_0,1683514715792
2026-07-07 18:18:40.574564,0.0,0.1999999999999993,31.52724237142316,134217728,autoscale-python-pi,autoscale-python-pi-cpu,server_0,1683514558624
2026-07-07 18:18:40.574717,0.0,0.1999999999999993,31.54942420758391,134217728,autoscale-python-pi,autoscale-python-pi-cpu,server_0,1683514562272
2026-07-07 18:18:40.574784,0.0,0.1999999999999993,31.572150135123714,134217728,autoscale-python-pi,autoscale-python-pi-cpu,server_0,1683514322544
2026-07-07 18:18:40.574796,0.0,0.1999999999999993,31.5814582515447,134217728,autoscale-python-pi,autoscale-python-pi-cpu,server_0,1683514916944
2026-07-07 18:18:40.574807,0.0,0.1999999999999993,31.599954942508692,134217728,autoscale-python-pi,autoscale-python-pi-cpu,server_0,1683514918848
2026-07-07 18:18:40.574819,0.0,0.1999999999999993,31.66517395651671,134217728,autoscale-python-pi,autoscale-python-pi-cpu,server_0,1683514605056
2026-07-07 18:18:40.574834,0.0,0.1999999999999993,31.665192156567535,134217728,autoscale-python-pi,autoscale-python-pi-cpu,server_0,1683514712912
2026-07-07 18:18:40.574846,0.0,0.1999999999999993,31.67566894914374,134217728,autoscale-python-pi,autoscale-python-pi-cpu,server_0,1683514715792
2026-07-07 18:18:40.574911,0.0,0.1999999999999993,31.69131376818731,134217728,autoscale-python-pi,autoscale-python-pi-cpu,server_0,1683514558624
2026-07-07 18:18:40.574965,0.0,0.1999999999999993,31.699358741767156,134217728,autoscale-python-pi,autoscale-python-pi-cpu,server_0,1683514562272
2026-07-07 18:18:40.575096,0.0,0.1999999999999993,31.723068131427233,134217728,autoscale-python-pi,autoscale-python-pi-cpu,server_0,1683514322544
2026-07-07 18:18:40.575114,0.0,0.1999999999999993,31.735940773972107,134217728,autoscale-python-pi,autoscale-python-pi-cpu,server_0,1683514916944
2026-07-07 18:18:40.575130,0.0,0.1999999999999993,31.73647546314364,134217728,autoscale-python-pi,autoscale-python-pi-cpu,server_0,1683514918848
2026-07-07 18:18:40.575149,0.0,0.1999999999999993,31.74668311339381,134217728,autoscale-python-pi,autoscale-python-pi-cpu,server_0,1683514605056
2026-07-07 18:18:40.575202,0.0,0.1999999999999993,31.749286138241413,134217728,autoscale-python-pi,autoscale-python-pi-cpu,server_0,1683514712912
2026-07-07 18:18:40.575215,0.0,0.1999999999999993,31.749891591835144,134217728,autoscale-python-pi,autoscale-python-pi-cpu,server_0,1683514715792
2026-07-07 18:18:40.575234,0.0,0.1999999999999993,31.752442323836725,134217728,autoscale-python-pi,autoscale-python-pi-cpu,server_0,1683514558624
2026-07-07 18:18:40.575717,0.0,0.1999999999999993,31.885653367437744,134217728,autoscale-python-pi,autoscale-python-pi-cpu,server_0,1683514562272
2026-07-07 18:18:40.575771,0.0,0.1999999999999993,31.896900666670273,134217728,autoscale-python-pi,autoscale-python-pi-cpu,server_0,1683514322544
2026-07-07 18:18:40.575788,0.0,0.1999999999999993,31.90043797583979,134217728,autoscale-python-pi,autoscale-python-pi-cpu,server_0,1683514916944
2026-07-07 18:18:40.575801,0.0,0.1999999999999993,31.901443411810316,134217728,autoscale-python-pi,autoscale-python-pi-cpu,server_0,1683514918848
2026-07-07 18:18:40.575817,0.0,0.20000000000000284,31.908671669495966,134217728,autoscale-python-pi,autoscale-python-pi-cpu,server_0,1683514605056
2026-07-07 18:18:40.575831,0.0,0.20000000000000284,31.947017229103103,134217728,autoscale-python-pi,autoscale-python-pi-cpu,server_0,1683514712912
2026-07-07 18:18:40.575882,0.0,0.1999999999999993,31.971734163807117,134217728,autoscale-python-pi,autoscale-python-pi-cpu,server_0,1683514715792
2026-07-07 18:18:40.575963,0.0,0.20000000000000284,31.984041226322837,134217728,autoscale-python-pi,autoscale-python-pi-cpu,server_0,1683514558624
2026-07-07 18:18:40.576073,0.0,0.20000000000000284,32.01269733700465,134217728,autoscale-python-pi,autoscale-python-pi-cpu,server_0,1683514562272
2026-07-07 18:18:40.576086,0.0,0.20000000000000284,32.03827763017711,134217728,autoscale-python-pi,autoscale-python-pi-cpu,server_0,1683514322544
2026-07-07 18:18:40.576182,0.0,0.20000000000000284,32.095085285875584,134217728,autoscale-python-pi,autoscale-python-pi-cpu,server_0,1683514916944
2026-07-07 18:18:40.576346,0.0,0.20000000000000284,32.16730656358724,134217728,autoscale-python-pi,autoscale-python-pi-cpu,server_0,1683514918848
2026-07-07 18:18:40.576363,0.0,0.20000000000000284,32.17288146391289,134217728,autoscale-python-pi,autoscale-python-pi-cpu,server_0,1683514605056
2026-07-07 18:18:40.576412,0.0,0.20000000000000284,32.18216204967175,134217728,autoscale-python-pi,autoscale-python-pi-cpu,server_0,1683514712912
2026-07-07 18:18:40.576461,0.0,0.20000000000000284,32.19909565676757,134217728,autoscale-python-pi,autoscale-python-pi-cpu,server_0,1683514715792
2026-07-07 18:18:40.576475,0.0,0.20000000000000284,32.2011842322988,134217728,autoscale-python-pi,autoscale-python-pi-cpu,server_0,1683514558624
2026-07-07 18:18:40.576489,0.0,0.20000000000000284,32.20454734586006,134217728,autoscale-python-pi,autoscale-python-pi-cpu,server_0,1683514562272
2026-07-07 18:18:40.576543,0.0,0.20000000000000284,32.25811899824855,134217728,autoscale-python-pi,autoscale-python-pi-cpu,server_0,1683514322544
2026-07-07 18:18:40.576556,0.0,0.20000000000000284,32.26745177903632,134217728,autoscale-python-pi,autoscale-python-pi-cpu,server_0,1683514916944
2026-07-07 18:18:40.576571,0.0,0.20000000000000284,32.282425264028774,134217728,autoscale-python-pi,autoscale-python-pi-cpu,server_0,1683514918848
2026-07-07 18:18:40.576585,0.0,0.20000000000000284,32.297887357353275,134217728,autoscale-python-pi,autoscale-python-pi-cpu,server_0,1683514605056
2026-07-07 18:18:40.576598,0.0,0.20000000000000284,32.32636296004387,134217728,autoscale-python-pi,autoscale-python-pi-cpu,server_0,1683514712912
2026-07-07 18:18:40.576736,0.0,0.20000000000000284,32.342922380077106,134217728,autoscale-python-pi,autoscale-python-pi-cpu,server_0,1683514715792
2026-07-07 18:18:40.576750,0.0,0.20000000000000284,32.35308093356828,134217728,autoscale-python-pi,autoscale-python-pi-cpu,server_0,1683514558624
2026-07-07 18:18:40.576799,0.0,0.20000000000000284,32.37467219277065,134217728,autoscale-python-pi,autoscale-python-pi-cpu,server_0,1683514562272
2026-07-07 18:18:40.576816,0.0,0.20000000000000284,32.39597247674946,134217728,autoscale-python-pi,autoscale-python-pi-cpu,server_0,1683514322544
2026-07-07 18:18:40.576864,0.0,0.20000000000000284,32.44863584224045,134217728,autoscale-python-pi,autoscale-python-pi-cpu,server_0,1683514916944
2026-07-07 18:18:40.577054,0.0,0.20000000000000284,32.531355350317654,134217728,autoscale-python-pi,autoscale-python-pi-cpu,server_0,1683514918848
2026-07-07 18:18:40.577070,0.0,0.20000000000000284,32.538058834407195,134217728,autoscale-python-pi,autoscale-python-pi-cpu,server_0,1683514605056
2026-07-07 18:18:40.577090,0.0,0.20000000000000284,32.54003239096625,134217728,autoscale-python-pi,autoscale-python-pi-cpu,server_0,1683514712912
2026-07-07 18:18:40.577140,0.0,0.20000000000000284,32.56694510798876,134217728,autoscale-python-pi,autoscale-python-pi-cpu,server_0,1683514715792
2026-07-07 18:18:40.577155,0.0,0.20000000000000284,32.60056597323317,134217728,autoscale-python-pi,autoscale-python-pi-cpu,server_0,1683514558624
2026-07-07 18:18:40.577169,0.0,0.20000000000000284,32.668813856208736,134217728,autoscale-python-pi,autoscale-python-pi-cpu,server_0,1683514562272
2026-07-07 18:18:40.577183,0.0,0.20000000000000284,32.67331696136523,134217728,autoscale-python-pi,autoscale-python-pi-cpu,server_0,1683514322544
2026-07-07 18:18:40.577197,0.0,0.20000000000000284,32.6782838466507,134217728,autoscale-python-pi,autoscale-python-pi-cpu,server_0,1683514916944
2026-07-07 18:18:40.577210,0.0,0.20000000000000284,32.681504420144385,134217728,autoscale-python-pi,autoscale-python-pi-cpu,server_0,1683514918848
2026-07-07 18:18:40.577224,0.0,0.20000000000000284,32.68317029737624,134217728,autoscale-python-pi,autoscale-python-pi-cpu,server_0,1683514605056
2026-07-07 18:18:40.577315,0.0,0.20000000000000284,32.74497496894397,134217728,autoscale-python-pi,autoscale-python-pi-cpu,server_0,1683514712912
2026-07-07 18:18:40.577733,0.0,0.20000000000000284,32.91763563372998,134217728,autoscale-python-pi,autoscale-python-pi-cpu,server_0,1683514715792
2026-07-07 18:18:40.577749,0.0,0.20000000000000284,32.92193779450781,134217728,autoscale-python-pi,autoscale-python-pi-cpu,server_0,1683514558624
2026-07-07 18:18:40.577766,0.0,0.20000000000000284,32.963442722293514,134217728,autoscale-python-pi,autoscale-python-pi-cpu,server_0,1683514562272
2026-07-07 18:18:40.577819,0.0,0.20000000000000284,32.976952848014776,134217728,autoscale-python-pi,autoscale-python-pi-cpu,server_0,1683514322544
2026-07-07 18:18:40.577869,0.0,0.20000000000000284,32.99043579364735,134217728,autoscale-python-pi,autoscale-python-pi-cpu,server_0,1683514916944
2026-07-07 18:18:40.578020,0.0,0.20000000000000284,33.0576315712856,134217728,autoscale-python-pi,autoscale-python-pi-cpu,server_0,1683514918848
2026-07-07 18:18:40.578071,0.0,0.20000000000000284,33.071394529431,134217728,autoscale-python-pi,autoscale-python-pi-cpu,server_0,1683514605056
2026-07-07 18:18:40.578086,0.0,0.20000000000000284,33.10226746878824,134217728,autoscale-python-pi,autoscale-python-pi-cpu,server_0,1683514712912
2026-07-07 18:18:40.578145,0.0,0.20000000000000284,33.16881400742299,134217728,autoscale-python-pi,autoscale-python-pi-cpu,server_0,1683514715792
2026-07-07 18:18:40.578194,0.0,0.20000000000000284,33.17752646087539,134217728,autoscale-python-pi,autoscale-python-pi-cpu,server_0,1683514558624
2026-07-07 18:18:40.578244,0.0,0.20000000000000284,33.193543678535406,134217728,autoscale-python-pi,autoscale-python-pi-cpu,server_0,1683514562272
2026-07-07 18:18:40.578301,0.0,0.20000000000000284,33.2046459421812,134217728,autoscale-python-pi,autoscale-python-pi-cpu,server_0,1683514322544
2026-07-07 18:18:40.578430,0.0,0.20000000000000284,33.240498089624154,134217728,autoscale-python-pi,autoscale-python-pi-cpu,server_0,1683514916944
2026-07-07 18:18:40.578447,0.0,0.20000000000000284,33.254345043436466,134217728,autoscale-python-pi,autoscale-python-pi-cpu,server_0,1683514918848
2026-07-07 18:18:40.578499,0.0,0.20000000000000284,33.258653744605574,134217728,autoscale-python-pi,autoscale-python-pi-cpu,server_0,1683514605056
2026-07-07 18:18:40.578757,0.0,0.20000000000000284,33.35312759646829,134217728,autoscale-python-pi,autoscale-python-pi-cpu,server_0,1683514712912
2026-07-07 18:18:40.578773,0.0,0.20000000000000284,33.37416400081689,134217728,autoscale-python-pi,autoscale-python-pi-cpu,server_0,1683514715792
2026-07-07 18:18:40.578790,0.0,0.20000000000000284,33.383212903178645,134217728,autoscale-python-pi,autoscale-python-pi-cpu,server_0,1683514558624
2026-07-07 18:18:40.578842,0.0,0.20000000000000284,33.402621404391624,134217728,autoscale-python-pi,autoscale-python-pi-cpu,server_0,1683514562272
2026-07-07 18:18:40.578860,0.0,0.20000000000000284,33.40798416714846,134217728,autoscale-python-pi,autoscale-python-pi-cpu,server_0,1683514322544
2026-07-07 18:18:40.578875,0.0,0.20000000000000284,33.41461648044068,134217728,autoscale-python-pi,autoscale-python-pi-cpu,server_0,1683514916944
2026-07-07 18:18:40.578893,0.0,0.20000000000000284,33.43798276670757,134217728,autoscale-python-pi,autoscale-python-pi-cpu,server_0,1683514918848
2026-07-07 18:18:40.578910,0.0,0.20000000000000284,33.45761941911397,134217728,autoscale-python-pi,autoscale-python-pi-cpu,server_0,1683514605056
2026-07-07 18:18:40.578925,0.0,0.20000000000000284,33.46674581605182,134217728,autoscale-python-pi,autoscale-python-pi-cpu,server_0,1683514712912
2026-07-07 18:18:40.578977,0.0,0.20000000000000284,33.4783044620905,134217728,autoscale-python-pi,autoscale-python-pi-cpu,server_0,1683514715792
2026-07-07 18:18:40.578992,0.0,0.20000000000000284,33.4786562439031,134217728,autoscale-python-pi,autoscale-python-pi-cpu,server_0,1683514558624
2026-07-07 18:18:40.579080,0.0,0.20000000000000284,33.51208682119284,134217728,autoscale-python-pi,autoscale-python-pi-cpu,server_0,1683514562272
2026-07-07 18:18:40.579097,0.0,0.20000000000000284,33.52830689459544,134217728,autoscale-python-pi,autoscale-python-pi-cpu,server_0,1683514322544
2026-07-07 18:18:40.579111,0.0,0.20000000000000284,33.55238521469877,134217728,autoscale-python-pi,autoscale-python-pi-cpu,server_0,1683514916944
2026-07-07 18:18:40.579198,0.0,0.20000000000000284,33.590670147493825,134217728,autoscale-python-pi,autoscale-python-pi-cpu,server_0,1683514918848
2026-07-07 18:18:40.579287,0.0,0.20000000000000284,33.66849708596482,134217728,autoscale-python-pi,autoscale-python-pi-cpu,server_0,1683514605056
2026-07-07 18:18:40.579337,0.0,0.20000000000000284,33.68152843023855,134217728,autoscale-python-pi,autoscale-python-pi-cpu,server_0,1683514712912
2026-07-07 18:18:40.579353,0.0,0.20000000000000284,33.69091838879769,134217728,autoscale-python-pi,autoscale-python-pi-cpu,server_0,1683514715792
2026-07-07 18:18:40.579444,0.0,0.20000000000000284,33.77613616518459,134217728,autoscale-python-pi,autoscale-python-pi-cpu,server_0,1683514558624
2026-07-07 18:18:40.579460,0.0,0.20000000000000284,33.786870690791275,134217728,autoscale-python-pi,autoscale-python-pi-cpu,server_0,1683514562272
2026-07-07 18:18:40.579694,0.0,0.20000000000000284,33.82255659265168,134217728,autoscale-python-pi,autoscale-python-pi-cpu,server_0,1683514322544
2026-07-07 18:18:40.579765,0.0,0.20000000000000284,33.84439104825777,134217728,autoscale-python-pi,autoscale-python-pi-cpu,server_0,1683514916944
2026-07-07 18:18:40.579931,0.0,0.20000000000000284,33.878432124126874,134217728,autoscale-python-pi,autoscale-python-pi-cpu,server_0,1683514918848
2026-07-07 18:18:40.580203,0.0,0.20000000000000284,33.9670670869668,134217728,autoscale-python-pi,autoscale-python-pi-cpu,server_0,1683514605056
2026-07-07 18:18:40.580219,0.0,0.20000000000000284,33.97225414701051,134217728,autoscale-python-pi,autoscale-python-pi-cpu,server_0,1683514712912
2026-07-07 18:18:40.580457,0.0,0.20000000000000284,34.03320605416476,134217728,autoscale-python-pi,autoscale-python-pi-cpu,server_0,1683514715792
2026-07-07 18:18:40.580473,0.0,0.20000000000000284,34.04807555450553,134217728,autoscale-python-pi,autoscale-python-pi-cpu,server_0,1683514558624
2026-07-07 18:18:40.580488,0.0,0.20000000000000284,34.05292210757908,134217728,autoscale-python-pi,autoscale-python-pi-cpu,server_0,1683514562272
2026-07-07 18:18:40.580502,0.0,0.20000000000000284,34.07109347618862,134217728,autoscale-python-pi,autoscale-python-pi-cpu,server_0,1683514322544
2026-07-07 18:18:40.580517,0.0,0.20000000000000284,34.07202732840678,134217728,autoscale-python-pi,autoscale-python-pi-cpu,server_0,1683514916944
2026-07-07 18:18:40.580642,0.0,0.20000000000000284,34.09624503193133,134217728,autoscale-python-pi,autoscale-python-pi-cpu,server_0,1683514918848
2026-07-07 18:18:40.580657,0.0,0.20000000000000284,34.10827261269943,134217728,autoscale-python-pi,autoscale-python-pi-cpu,server_0,1683514605056
2026-07-07 18:18:40.580671,0.0,0.20000000000000284,34.11656829214022,134217728,autoscale-python-pi,autoscale-python-pi-cpu,server_0,1683514712912
2026-07-07 18:18:40.580722,0.0,0.20000000000000284,34.119671654808684,134217728,autoscale-python-pi,autoscale-python-pi-cpu,server_0,1683514715792
2026-07-07 18:18:40.580781,0.0,0.20000000000000284,34.12941790811092,134217728,autoscale-python-pi,autoscale-python-pi-cpu,server_0,1683514558624
2026-07-07 18:18:40.580798,0.0,0.20000000000000284,34.14140728983154,134217728,autoscale-python-pi,autoscale-python-pi-cpu,server_0,1683514562272
2026-07-07 18:18:40.580812,0.0,0.20000000000000284,34.15099635237916,134217728,autoscale-python-pi,autoscale-python-pi-cpu,server_0,1683514322544
2026-07-07 18:18:40.580901,0.0,0.20000000000000284,34.17645219882186,134217728,autoscale-python-pi,autoscale-python-pi-cpu,server_0,1683514916944
2026-07-07 18:18:40.580917,0.0,0.20000000000000284,34.18677236771564,134217728,autoscale-python-pi,autoscale-python-pi-cpu,server_0,1683514918848
2026-07-07 18:18:40.580931,0.0,0.20000000000000284,34.18835747826683,134217728,autoscale-python-pi,autoscale-python-pi-cpu,server_0,1683514605056
2026-07-07 18:18:40.580947,0.0,0.20000000000000284,34.21004491749634,134217728,autoscale-python-pi,autoscale-python-pi-cpu,server_0,1683514712912
2026-07-07 18:18:40.580961,0.0,0.20000000000000284,34.21775757232974,134217728,autoscale-python-pi,autoscale-python-pi-cpu,server_0,1683514715792
2026-07-07 18:18:40.581017,0.0,0.20000000000000284,34.232624773786455,134217728,autoscale-python-pi,autoscale-python-pi-cpu,server_0,1683514558624
2026-07-07 18:18:40.581073,0.0,0.20000000000000284,34.27299267036454,134217728,autoscale-python-pi,autoscale-python-pi-cpu,server_0,1683514562272
2026-07-07 18:18:40.581131,0.0,0.20000000000000284,34.28282375398968,134217728,autoscale-python-pi,autoscale-python-pi-cpu,server_0,1683514322544
2026-07-07 18:18:40.581146,0.0,0.20000000000000284,34.28507281176904,134217728,autoscale-python-pi,autoscale-python-pi-cpu,server_0,1683514916944
2026-07-07 18:18:40.581203,0.0,0.20000000000000284,34.3181332876342,134217728,autoscale-python-pi,autoscale-python-pi-cpu,server_0,1683514918848
2026-07-07 18:18:40.581218,0.0,0.20000000000000284,34.32936865423858,134217728,autoscale-python-pi,autoscale-python-pi-cpu,server_0,1683514605056
2026-07-07 18:18:40.581280,0.0,0.20000000000000284,34.35353655563233,134217728,autoscale-python-pi,autoscale-python-pi-cpu,server_0,1683514712912
2026-07-07 18:18:40.581339,0.0,0.20000000000000284,34.36394589561887,134217728,autoscale-python-pi,autoscale-python-pi-cpu,server_0,1683514715792
2026-07-07 18:18:40.581501,0.0,0.20000000000000284,34.42799340392063,134217728,autoscale-python-pi,autoscale-python-pi-cpu,server_0,1683514558624
2026-07-07 18:18:40.581552,0.0,0.20000000000000284,34.43574743880209,134217728,autoscale-python-pi,autoscale-python-pi-cpu,server_0,1683514562272
2026-07-07 18:18:40.581569,0.0,0.20000000000000284,34.473222579469905,134217728,autoscale-python-pi,autoscale-python-pi-cpu,server_0,1683514322544
2026-07-07 18:18:40.581583,0.0,0.20000000000000284,34.51566552136095,134217728,autoscale-python-pi,autoscale-python-pi-cpu,server_0,1683514916944
2026-07-07 18:18:40.581599,0.0,0.20000000000000284,34.53264151670769,134217728,autoscale-python-pi,autoscale-python-pi-cpu,server_0,1683514918848
2026-07-07 18:18:40.581668,0.0,0.20000000000000284,34.558442847044674,134217728,autoscale-python-pi,autoscale-python-pi-cpu,server_0,1683514605056
2026-07-07 18:18:40.581706,0.0,0.20000000000000284,34.566994307729395,134217728,autoscale-python-pi,autoscale-python-pi-cpu,server_0,1683514712912
2026-07-07 18:18:40.581731,0.0,0.20000000000000284,34.57895139109942,134217728,autoscale-python-pi,autoscale-python-pi-cpu,server_0,1683514715792
2026-07-07 18:18:40.581834,0.0,0.20000000000000284,34.61675582960594,134217728,autoscale-python-pi,autoscale-python-pi-cpu,server_0,1683514558624
2026-07-07 18:18:40.581887,0.0,0.20000000000000284,34.6235949228594,134217728,autoscale-python-pi,autoscale-python-pi-cpu,server_0,1683514562272
2026-07-07 18:18:40.581902,0.0,0.20000000000000284,34.62835211477978,134217728,autoscale-python-pi,autoscale-python-pi-cpu,server_0,1683514322544
2026-07-07 18:18:40.582289,0.0,0.20000000000000284,34.74937125811343,134217728,autoscale-python-pi,autoscale-python-pi-cpu,server_0,1683514916944
2026-07-07 18:18:40.582389,0.0,0.20000000000000284,34.783314369184176,134217728,autoscale-python-pi,autoscale-python-pi-cpu,server_0,1683514918848
2026-07-07 18:18:40.582678,0.0,0.20000000000000284,34.80446248702714,134217728,autoscale-python-pi,autoscale-python-pi-cpu,server_0,1683514605056
2026-07-07 18:18:40.582697,0.0,0.20000000000000284,34.81695097941214,134217728,autoscale-python-pi,autoscale-python-pi-cpu,server_0,1683514712912
2026-07-07 18:18:40.582762,0.0,0.20000000000000284,34.828735305733176,134217728,autoscale-python-pi,autoscale-python-pi-cpu,server_0,1683514715792
2026-07-07 18:18:40.582782,0.0,0.20000000000000284,34.854523583202315,134217728,autoscale-python-pi,autoscale-python-pi-cpu,server_0,1683514558624
2026-07-07 18:18:40.582839,0.0,0.20000000000000284,34.861191336442424,134217728,autoscale-python-pi,autoscale-python-pi-cpu,server_0,1683514562272
2026-07-07 18:18:40.582861,0.0,0.20000000000000284,34.86208204404172,134217728,autoscale-python-pi,autoscale-python-pi-cpu,server_0,1683514322544
2026-07-07 18:18:40.582878,0.0,0.20000000000000284,34.866037031863016,134217728,autoscale-python-pi,autoscale-python-pi-cpu,server_0,1683514916944
2026-07-07 18:18:40.582891,0.0,0.20000000000000284,34.87111405546524,134217728,autoscale-python-pi,autoscale-python-pi-cpu,server_0,1683514918848
2026-07-07 18:18:40.583075,0.0,0.20000000000000284,34.906649902808226,134217728,autoscale-python-pi,autoscale-python-pi-cpu,server_0,1683514605056
2026-07-07 18:18:40.583105,0.0,0.20000000000000284,34.911676785073304,134217728,autoscale-python-pi,autoscale-python-pi-cpu,server_0,1683514712912
2026-07-07 18:18:40.583128,0.0,0.20000000000000284,34.91314550114584,134217728,autoscale-python-pi,autoscale-python-pi-cpu,server_0,1683514715792
2026-07-07 18:18:40.583284,0.0,0.20000000000000284,34.924068459352085,134217728,autoscale-python-pi,autoscale-python-pi-cpu,server_0,1683514558624
2026-07-07 18:18:40.583328,0.0,0.20000000000000284,34.9695787030366,134217728,autoscale-python-pi,autoscale-python-pi-cpu,server_0,1683514562272
2026-07-07 18:18:40.583344,0.0,0.20000000000000284,34.98272377084593,134217728,autoscale-python-pi,autoscale-python-pi-cpu,server_0,1683514322544
2026-07-07 18:18:40.583360,0.0,0.20000000000000284,34.99281198041566,134217728,autoscale-python-pi,autoscale-python-pi-cpu,server_0,1683514916944
2026-07-07 18:18:40.583402,0.0,0.20000000000000284,35.02118120295037,134217728,autoscale-python-pi,autoscale-python-pi-cpu,server_0,1683514918848
2026-07-07 18:18:40.583411,0.0,0.20000000000000284,35.06027357377047,134217728,autoscale-python-pi,autoscale-python-pi-cpu,server_0,1683514605056
2026-07-07 18:18:40.583419,0.0,0.20000000000000284,35.085946889326564,134217728,autoscale-python-pi,autoscale-python-pi-cpu,server_0,1683514712912
2026-07-07 18:18:40.583520,0.0,0.20000000000000284,35.105741007199924,134217728,autoscale-python-pi,autoscale-python-pi-cpu,server_0,1683514715792
2026-07-07 18:18:40.583626,0.0,0.20000000000000284,35.11685965559793,134217728,autoscale-python-pi,autoscale-python-pi-cpu,server_0,1683514558624
2026-07-07 18:18:40.583647,0.0,0.20000000000000284,35.11699478599953,134217728,autoscale-python-pi,autoscale-python-pi-cpu,server_0,1683514562272
2026-07-07 18:18:40.583662,0.0,0.20000000000000284,35.11744078625534,134217728,autoscale-python-pi,autoscale-python-pi-cpu,server_0,1683514322544
2026-07-07 18:18:40.583723,0.0,0.20000000000000284,35.152948095665955,134217728,autoscale-python-pi,autoscale-python-pi-cpu,server_0,1683514916944
2026-07-07 18:18:40.583802,0.0,0.20000000000000284,35.20700878027541,134217728,autoscale-python-pi,autoscale-python-pi-cpu,server_0,1683514918848
2026-07-07 18:18:40.583919,0.0,0.20000000000000284,35.30402206729857,134217728,autoscale-python-pi,autoscale-python-pi-cpu,server_0,1683514605056
2026-07-07 18:18:40.583936,0.0,0.20000000000000284,35.31355922051464,134217728,autoscale-python-pi,autoscale-python-pi-cpu,server_0,1683514712912
2026-07-07 18:18:40.584075,0.0,0.20000000000000284,35.344524064549184,134217728,autoscale-python-pi,autoscale-python-pi-cpu,server_0,1683514715792
2026-07-07 18:18:40.584165,0.0,0.20000000000000284,35.35785581332036,134217728,autoscale-python-pi,autoscale-python-pi-cpu,server_0,1683514558624
2026-07-07 18:18:40.584447,0.0,0.20000000000000284,35.39888688296715,134217728,autoscale-python-pi,autoscale-python-pi-cpu,server_0,1683514562272
2026-07-07 18:18:40.584463,0.0,0.20000000000000284,35.41087075203339,134217728,autoscale-python-pi,autoscale-python-pi-cpu,server_0,1683514322544
2026-07-07 18:18:40.584605,0.0,0.20000000000000284,35.45761407694149,134217728,autoscale-python-pi,autoscale-python-pi-cpu,server_0,1683514916944
2026-07-07 18:18:40.584714,0.0,0.20000000000000284,35.47754099537656,134217728,autoscale-python-pi,autoscale-python-pi-cpu,server_0,1683514918848
2026-07-07 18:18:40.584931,0.0,0.20000000000000284,35.49892287853592,134217728,autoscale-python-pi,autoscale-python-pi-cpu,server_0,1683514605056
2026-07-07 18:18:40.584961,0.0,0.20000000000000284,35.523669137617205,134217728,autoscale-python-pi,autoscale-python-pi-cpu,server_0,1683514712912
2026-07-07 18:18:40.585064,0.0,0.20000000000000284,35.52444285189256,134217728,autoscale-python-pi,autoscale-python-pi-cpu,server_0,1683514715792
2026-07-07 18:18:40.585174,0.0,0.20000000000000284,35.54391031258516,134217728,autoscale-python-pi,autoscale-python-pi-cpu,server_0,1683514558624
2026-07-07 18:18:40.585200,0.0,0.20000000000000284,35.55343366059232,134217728,autoscale-python-pi,autoscale-python-pi-cpu,server_0,1683514562272
2026-07-07 18:18:40.585227,0.0,0.20000000000000284,35.565510820242594,134217728,autoscale-python-pi,autoscale-python-pi-cpu,server_0,1683514322544
2026-07-07 18:18:40.585316,0.0,0.20000000000000284,35.5805797022367,134217728,autoscale-python-pi,autoscale-python-pi-cpu,server_0,1683514916944
2026-07-07 18:18:40.585347,0.0,0.20000000000000284,35.58739012463577,134217728,autoscale-python-pi,autoscale-python-pi-cpu,server_0,1683514918848
2026-07-07 18:18:40.585432,0.0,0.20000000000000284,35.59488598670859,134217728,autoscale-python-pi,autoscale-python-pi-cpu,server_0,1683514605056
2026-07-07 18:18:40.585556,0.0,0.20000000000000284,35.61521108452081,134217728,autoscale-python-pi,autoscale-python-pi-cpu,server_0,1683514712912
2026-07-07 18:18:40.585597,0.0,0.20000000000000284,35.6251419034046,134217728,autoscale-python-pi,autoscale-python-pi-cpu,server_0,1683514715792
2026-07-07 18:18:40.585629,0.0,0.20000000000000284,35.626465605519506,134217728,autoscale-python-pi,autoscale-python-pi-cpu,server_0,1683514558624
2026-07-07 18:18:40.585781,0.0,0.20000000000000284,35.66101864805846,134217728,autoscale-python-pi,autoscale-python-pi-cpu,server_0,1683514562272
2026-07-07 18:18:40.585939,0.0,0.20000000000000284,35.667332182722156,134217728,autoscale-python-pi,autoscale-python-pi-cpu,server_0,1683514322544
2026-07-07 18:18:40.585999,0.0,0.20000000000000284,35.68523490370412,134217728,autoscale-python-pi,autoscale-python-pi-cpu,server_0,1683514916944
2026-07-07 18:18:40.586046,0.0,0.20000000000000284,35.68704451420074,134217728,autoscale-python-pi,autoscale-python-pi-cpu,server_0,1683514918848
2026-07-07 18:18:40.586084,0.0,0.20000000000000284,35.68741920815628,134217728,autoscale-python-pi,autoscale-python-pi-cpu,server_0,1683514605056
2026-07-07 18:18:40.586289,0.0,0.20000000000000284,35.72560497492879,134217728,autoscale-python-pi,autoscale-python-pi-cpu,server_0,1683514712912
2026-07-07 18:18:40.586421,0.0,0.20000000000000284,35.77050875647915,134217728,autoscale-python-pi,autoscale-python-pi-cpu,server_0,1683514715792
2026-07-07 18:18:40.586443,0.0,0.20000000000000284,35.79160305428526,134217728,autoscale-python-pi,autoscale-python-pi-cpu,server_0,1683514558624
2026-07-07 18:18:40.586743,0.0,0.20000000000000284,35.812030406800396,134217728,autoscale-python-pi,autoscale-python-pi-cpu,server_0,1683514562272
2026-07-07 18:18:40.586829,0.0,0.20000000000000284,35.83052235199654,134217728,autoscale-python-pi,autoscale-python-pi-cpu,server_0,1683514322544
2026-07-07 18:18:40.587043,0.0,0.20000000000000284,35.891116928370046,134217728,autoscale-python-pi,autoscale-python-pi-cpu,server_0,1683514916944
2026-07-07 18:18:40.587060,0.0,0.20000000000000284,35.938033324629295,134217728,autoscale-python-pi,autoscale-python-pi-cpu,server_0,1683514918848
2026-07-07 18:18:40.587131,0.0,0.20000000000000284,35.963511614954875,134217728,autoscale-python-pi,autoscale-python-pi-cpu,server_0,1683514605056
2026-07-07 18:18:40.587345,0.0,0.20000000000000284,36.01445418456481,134217728,autoscale-python-pi,autoscale-python-pi-cpu,server_0,1683514712912
2026-07-07 18:18:40.587519,0.0,0.20000000000000284,36.03444461138601,134217728,autoscale-python-pi,autoscale-python-pi-cpu,server_0,1683514715792
2026-07-07 18:18:40.587587,0.0,0.20000000000000284,36.05830246306024,134217728,autoscale-python-pi,autoscale-python-pi-cpu,server_0,1683514558624
2026-07-07 18:18:40.587751,0.0,0.20000000000000284,36.08980273512865,134217728,autoscale-python-pi,autoscale-python-pi-cpu,server_0,1683514562272
2026-07-07 18:18:40.587864,0.0,0.20000000000000284,36.15230413641883,134217728,autoscale-python-pi,autoscale-python-pi-cpu,server_0,1683514322544
2026-07-07 18:18:40.587900,0.0,0.20000000000000284,36.181820231567976,134217728,autoscale-python-pi,autoscale-python-pi-cpu,server_0,1683514916944
2026-07-07 18:18:40.587910,0.0,0.20000000000000284,36.186136140928966,134217728,autoscale-python-pi,autoscale-python-pi-cpu,server_0,1683514918848
2026-07-07 18:18:40.587964,0.0,0.20000000000000284,36.20157238802798,134217728,autoscale-python-pi,autoscale-python-pi-cpu,server_0,1683514605056
2026-07-07 18:18:40.587975,0.0,0.20000000000000284,36.216829581590424,134217728,autoscale-python-pi,autoscale-python-pi-cpu,server_0,1683514712912
2026-07-07 18:18:40.587983,0.0,0.20000000000000284,36.21699097942923,134217728,autoscale-python-pi,autoscale-python-pi-cpu,server_0,1683514715792
2026-07-07 18:18:40.587992,0.0,0.20000000000000284,36.21730816349922,134217728,autoscale-python-pi,autoscale-python-pi-cpu,server_0,1683514558624
2026-07-07 18:18:40.588024,0.0,0.20000000000000284,36.239000000022656,134217728,autoscale-python-pi,autoscale-python-pi-cpu,server_0,1683514562272
2026-07-07 18:18:40.588057,0.0,0.20000000000000284,36.26838147706244,134217728,autoscale-python-pi,autoscale-python-pi-cpu,server_0,1683514322544
2026-07-07 18:18:40.588068,0.0,0.20000000000000284,36.26871233586413,134217728,autoscale-python-pi,autoscale-python-pi-cpu,server_0,1683514916944
2026-07-07 18:18:40.588118,0.0,0.20000000000000284,36.29374728947702,134217728,autoscale-python-pi,autoscale-python-pi-cpu,server_0,1683514918848
2026-07-07 18:18:40.588147,0.0,0.20000000000000284,36.31901248075851,134217728,autoscale-python-pi,autoscale-python-pi-cpu,server_0,1683514605056
2026-07-07 18:18:40.588157,0.0,0.20000000000000284,36.324392550210185,134217728,autoscale-python-pi,autoscale-python-pi-cpu,server_0,1683514712912
2026-07-07 18:18:40.588165,0.0,0.20000000000000284,36.32765746395571,134217728,autoscale-python-pi,autoscale-python-pi-cpu,server_0,1683514715792
2026-07-07 18:18:40.588276,0.0,0.20000000000000284,36.37593118729154,134217728,autoscale-python-pi,autoscale-python-pi-cpu,server_0,1683514558624
2026-07-07 18:18:40.588312,0.0,0.20000000000000284,36.39925615931281,134217728,autoscale-python-pi,autoscale-python-pi-cpu,server_0,1683514562272
2026-07-07 18:18:40.588325,0.0,0.20000000000000284,36.40046979922093,134217728,autoscale-python-pi,autoscale-python-pi-cpu,server_0,1683514322544
2026-07-07 18:18:40.588401,0.0,0.20000000000000284,36.42748675102619,134217728,autoscale-python-pi,autoscale-python-pi-cpu,server_0,1683514916944
2026-07-07 18:18:40.588433,0.0,0.20000000000000284,36.46271061725381,134217728,autoscale-python-pi,autoscale-python-pi-cpu,server_0,1683514918848
2026-07-07 18:18:40.588442,0.0,0.20000000000000284,36.478820117789155,134217728,autoscale-python-pi,autoscale-python-pi-cpu,server_0,1683514605056
2026-07-07 18:18:40.588451,0.0,0.20000000000000284,36.4836839963166,134217728,autoscale-python-pi,autoscale-python-pi-cpu,server_0,1683514712912
2026-07-07 18:18:40.588460,0.0,0.20000000000000284,36.49652980016633,134217728,autoscale-python-pi,autoscale-python-pi-cpu,server_0,1683514715792
2026-07-07 18:18:40.588516,0.0,0.20000000000000284,36.52940607723194,134217728,autoscale-python-pi,autoscale-python-pi-cpu,server_0,1683514558624
2026-07-07 18:18:40.588549,0.0,0.20000000000000284,36.5309568373658,134217728,autoscale-python-pi,autoscale-python-pi-cpu,server_0,1683514562272
2026-07-07 18:18:40.588559,0.0,0.20000000000000284,36.53808466589971,134217728,autoscale-python-pi,autoscale-python-pi-cpu,server_0,1683514322544
2026-07-07 18:18:40.588591,0.0,0.20000000000000284,36.56498114435501,134217728,autoscale-python-pi,autoscale-python-pi-cpu,server_0,1683514916944
2026-07-07 18:18:40.588622,0.0,0.20000000000000284,36.59663180514917,134217728,autoscale-python-pi,autoscale-python-pi-cpu,server_0,1683514918848
2026-07-07 18:18:40.588630,0.0,0.20000000000000284,36.60279878689542,134217728,autoscale-python-pi,autoscale-python-pi-cpu,server_0,1683514605056
2026-07-07 18:18:40.588638,0.0,0.20000000000000284,36.62354027705821,134217728,autoscale-python-pi,autoscale-python-pi-cpu,server_0,1683514712912
2026-07-07 18:18:40.588647,0.0,0.20000000000000284,36.62640061332729,134217728,autoscale-python-pi,autoscale-python-pi-cpu,server_0,1683514715792
2026-07-07 18:18:40.588698,0.0,0.20000000000000284,36.63850410697824,134217728,autoscale-python-pi,autoscale-python-pi-cpu,server_0,1683514558624
2026-07-07 18:18:40.588747,0.0,0.20000000000000284,36.710506672280225,134217728,autoscale-python-pi,autoscale-python-pi-cpu,server_0,1683514562272
2026-07-07 18:18:40.588761,0.0,0.20000000000000284,36.72151773130386,134217728,autoscale-python-pi,autoscale-python-pi-cpu,server_0,1683514322544
2026-07-07 18:18:40.588775,0.0,0.20000000000000284,36.730838492312046,134217728,autoscale-python-pi,autoscale-python-pi-cpu,server_0,1683514916944
2026-07-07 18:18:40.588788,0.0,0.20000000000000284,36.75366354203854,134217728,autoscale-python-pi,autoscale-python-pi-cpu,server_0,1683514918848
2026-07-07 18:18:40.588877,0.0,0.20000000000000284,36.78628055218679,134217728,autoscale-python-pi,autoscale-python-pi-cpu,server_0,1683514605056
2026-07-07 18:18:40.589118,0.0,0.20000000000000284,36.83340261429026,134217728,autoscale-python-pi,autoscale-python-pi-cpu,server_0,1683514712912
2026-07-07 18:18:40.589134,0.0,0.20000000000000284,36.83423332799323,134217728,autoscale-python-pi,autoscale-python-pi-cpu,server_0,1683514715792
2026-07-07 18:18:40.589148,0.0,0.20000000000000284,36.84624752332036,134217728,autoscale-python-pi,autoscale-python-pi-cpu,server_0,1683514558624
2026-07-07 18:18:40.589443,0.0,0.20000000000000284,36.97371480818869,134217728,autoscale-python-pi,autoscale-python-pi-cpu,server_0,1683514562272
2026-07-07 18:18:40.589458,0.0,0.20000000000000284,36.98281048734297,134217728,autoscale-python-pi,autoscale-python-pi-cpu,server_0,1683514322544
2026-07-07 18:18:40.589508,0.0,0.20000000000000284,36.986604715012604,134217728,autoscale-python-pi,autoscale-python-pi-cpu,server_0,1683514916944
2026-07-07 18:18:40.589614,0.0,0.20000000000000284,37.09259033702974,134217728,autoscale-python-pi,autoscale-python-pi-cpu,server_0,1683514918848
2026-07-07 18:18:40.589667,0.0,0.20000000000000284,37.105722895559964,134217728,autoscale-python-pi,autoscale-python-pi-cpu,server_0,1683514605056
2026-07-07 18:18:40.589709,0.0,0.20000000000000284,37.11786196950962,134217728,autoscale-python-pi,autoscale-python-pi-cpu,server_0,1683514712912
2026-07-07 18:18:40.589723,0.0,0.20000000000000284,37.14705254192803,134217728,autoscale-python-pi,autoscale-python-pi-cpu,server_0,1683514715792
2026-07-07 18:18:40.589735,0.0,0.20000000000000284,37.14842616066453,134217728,autoscale-python-pi,autoscale-python-pi-cpu,server_0,1683514558624
2026-07-07 18:18:40.589830,0.0,0.20000000000000284,37.18650353170159,134217728,autoscale-python-pi,autoscale-python-pi-cpu,server_0,1683514562272
2026-07-07 18:18:40.589910,0.0,0.20000000000000284,37.24145846056818,134217728,autoscale-python-pi,autoscale-python-pi-cpu,server_0,1683514322544
2026-07-07 18:18:40.589925,0.0,0.20000000000000284,37.25189803857767,134217728,autoscale-python-pi,autoscale-python-pi-cpu,server_0,1683514916944
2026-07-07 18:18:40.589969,0.0,0.20000000000000284,37.28326494792551,134217728,autoscale-python-pi,autoscale-python-pi-cpu,server_0,1683514918848
2026-07-07 18:18:40.590026,0.0,0.20000000000000284,37.297918163743496,134217728,autoscale-python-pi,autoscale-python-pi-cpu,server_0,1683514605056
2026-07-07 18:18:40.590058,0.0,0.20000000000000284,37.31535298297334,134217728,autoscale-python-pi,autoscale-python-pi-cpu,server_0,1683514712912
2026-07-07 18:18:40.590156,0.0,0.20000000000000284,37.36888211124535,134217728,autoscale-python-pi,autoscale-python-pi-cpu,server_0,1683514715792
2026-07-07 18:18:40.590170,0.0,0.20000000000000284,37.38161551147896,134217728,autoscale-python-pi,autoscale-python-pi-cpu,server_0,1683514558624
2026-07-07 18:18:40.590181,0.0,0.20000000000000284,37.41593835894764,134217728,autoscale-python-pi,autoscale-python-pi-cpu,server_0,1683514562272
2026-07-07 18:18:40.590232,0.0,0.20000000000000284,37.4295408865166,134217728,autoscale-python-pi,autoscale-python-pi-cpu,server_0,1683514322544
2026-07-07 18:18:40.590245,0.0,0.20000000000000284,37.45967567069643,134217728,autoscale-python-pi,autoscale-python-pi-cpu,server_0,1683514916944
2026-07-07 18:18:40.590254,0.0,0.20000000000000284,37.48478679212875,134217728,autoscale-python-pi,autoscale-python-pi-cpu,server_0,1683514918848
2026-07-07 18:18:40.590262,0.0,0.20000000000000284,37.487981159166914,134217728,autoscale-python-pi,autoscale-python-pi-cpu,server_0,1683514605056
2026-07-07 18:18:40.590272,0.0,0.20000000000000284,37.5052194079602,134217728,autoscale-python-pi,autoscale-python-pi-cpu,server_0,1683514712912
2026-07-07 18:18:40.590281,0.0,0.20000000000000284,37.52102428823193,134217728,autoscale-python-pi,autoscale-python-pi-cpu,server_0,1683514715792
2026-07-07 18:18:40.590289,0.0,0.20000000000000284,37.52688798798802,134217728,autoscale-python-pi,autoscale-python-pi-cpu,server_0,1683514558624
2026-07-07 18:18:40.590337,0.0,0.20000000000000284,37.5442047209848,134217728,autoscale-python-pi,autoscale-python-pi-cpu,server_0,1683514562272
2026-07-07 18:18:40.590419,0.0,0.20000000000000284,37.621135838969494,134217728,autoscale-python-pi,autoscale-python-pi-cpu,server_0,1683514322544
2026-07-07 18:18:40.590569,0.0,0.20000000000000284,37.74069069127056,134217728,autoscale-python-pi,autoscale-python-pi-cpu,server_0,1683514916944
2026-07-07 18:18:40.590639,0.0,0.20000000000000284,37.77917750203176,134217728,autoscale-python-pi,autoscale-python-pi-cpu,server_0,1683514918848
2026-07-07 18:18:40.590651,0.0,0.20000000000000284,37.78936806102705,134217728,autoscale-python-pi,autoscale-python-pi-cpu,server_0,1683514605056
2026-07-07 18:18:40.590840,0.0,0.20000000000000284,37.82767304395822,134217728,autoscale-python-pi,autoscale-python-pi-cpu,server_0,1683514712912
2026-07-07 18:18:40.590898,0.0,0.20000000000000284,37.886460636539326,134217728,autoscale-python-pi,autoscale-python-pi-cpu,server_0,1683514715792
2026-07-07 18:18:40.590929,0.0,0.20000000000000284,37.917372251924625,134217728,autoscale-python-pi,autoscale-python-pi-cpu,server_0,1683514558624
2026-07-07 18:18:40.590939,0.0,0.20000000000000284,37.91922830474455,134217728,autoscale-python-pi,autoscale-python-pi-cpu,server_0,1683514562272
2026-07-07 18:18:40.590948,0.0,0.20000000000000284,37.92722107842273,134217728,autoscale-python-pi,autoscale-python-pi-cpu,server_0,1683514322544
2026-07-07 18:18:40.590956,0.0,0.20000000000000284,37.9419376404498,134217728,autoscale-python-pi,autoscale-python-pi-cpu,server_0,1683514916944
2026-07-07 18:18:40.590964,0.0,0.20000000000000284,37.96525773340875,134217728,autoscale-python-pi,autoscale-python-pi-cpu,server_0,1683514918848
2026-07-07 18:18:40.591017,0.0,0.20000000000000284,38.00371977959987,134217728,autoscale-python-pi,autoscale-python-pi-cpu,server_0,1683514605056
2026-07-07 18:18:40.591026,0.0,0.20000000000000284,38.005936743999385,134217728,autoscale-python-pi,autoscale-python-pi-cpu,server_0,1683514712912
2026-07-07 18:18:40.591087,0.0,0.20000000000000284,38.0406160455255,134217728,autoscale-python-pi,autoscale-python-pi-cpu,server_0,1683514715792
2026-07-07 18:18:40.591128,0.0,0.20000000000000284,38.06383116574342,134217728,autoscale-python-pi,autoscale-python-pi-cpu,server_0,1683514558624
2026-07-07 18:18:40.591183,0.0,0.20000000000000284,38.11621230784112,134217728,autoscale-python-pi,autoscale-python-pi-cpu,server_0,1683514562272
2026-07-07 18:18:40.591216,0.0,0.20000000000000284,38.166911966333544,134217728,autoscale-python-pi,autoscale-python-pi-cpu,server_0,1683514322544
2026-07-07 18:18:40.591251,0.0,0.20000000000000284,38.20251205100023,134217728,autoscale-python-pi,autoscale-python-pi-cpu,server_0,1683514916944
2026-07-07 18:18:40.591261,0.0,0.20000000000000284,38.21886981532148,134217728,autoscale-python-pi,autoscale-python-pi-cpu,server_0,1683514918848
2026-07-07 18:18:40.591269,0.0,0.20000000000000284,38.21955417383061,134217728,autoscale-python-pi,autoscale-python-pi-cpu,server_0,1683514605056
2026-07-07 18:18:40.591281,0.0,0.20000000000000284,38.24429124890112,134217728,autoscale-python-pi,autoscale-python-pi-cpu,server_0,1683514712912
2026-07-07 18:18:40.591327,0.0,0.20000000000000284,38.278507874370185,134217728,autoscale-python-pi,autoscale-python-pi-cpu,server_0,1683514715792
2026-07-07 18:18:40.591336,0.0,0.20000000000000284,38.298893842474385,134217728,autoscale-python-pi,autoscale-python-pi-cpu,server_0,1683514558624
2026-07-07 18:18:40.591377,0.0,0.20000000000000284,38.32188716705088,134217728,autoscale-python-pi,autoscale-python-pi-cpu,server_0,1683514562272
2026-07-07 18:18:40.591475,0.0,0.20000000000000284,38.39675397261885,134217728,autoscale-python-pi,autoscale-python-pi-cpu,server_0,1683514322544
2026-07-07 18:18:40.591532,0.0,0.20000000000000284,38.47740917066808,134217728,autoscale-python-pi,autoscale-python-pi-cpu,server_0,1683514916944
2026-07-07 18:18:40.591621,0.0,0.20000000000000284,38.51995297453284,134217728,autoscale-python-pi,autoscale-python-pi-cpu,server_0,1683514918848
2026-07-07 18:18:40.591764,0.0,0.20000000000000284,38.58407512123154,134217728,autoscale-python-pi,autoscale-python-pi-cpu,server_0,1683514605056
2026-07-07 18:18:40.591784,0.0,0.20000000000000284,38.59381099170387,134217728,autoscale-python-pi,autoscale-python-pi-cpu,server_0,1683514712912
2026-07-07 18:18:40.591794,0.0,0.20000000000000284,38.594512536689706,134217728,autoscale-python-pi,autoscale-python-pi-cpu,server_0,1683514715792
2026-07-07 18:18:40.591931,0.0,0.20000000000000284,38.63811795025893,134217728,autoscale-python-pi,autoscale-python-pi-cpu,server_0,1683514558624
2026-07-07 18:18:40.591996,0.0,0.20000000000000284,38.67706585045639,134217728,autoscale-python-pi,autoscale-python-pi-cpu,server_0,1683514562272
2026-07-07 18:18:40.592008,0.0,0.20000000000000284,38.679330037361424,134217728,autoscale-python-pi,autoscale-python-pi-cpu,server_0,1683514322544
2026-07-07 18:18:40.592054,0.0,0.20000000000000284,38.6828063722499,134217728,autoscale-python-pi,autoscale-python-pi-cpu,server_0,1683514916944
2026-07-07 18:18:40.592096,0.0,0.20000000000000284,38.70490728943437,134217728,autoscale-python-pi,autoscale-python-pi-cpu,server_0,1683514918848
2026-07-07 18:18:40.592107,0.0,0.20000000000000284,38.728826658398816,134217728,autoscale-python-pi,autoscale-python-pi-cpu,server_0,1683514605056
2026-07-07 18:18:40.592118,0.0,0.20000000000000284,38.73065243370514,134217728,autoscale-python-pi,autoscale-python-pi-cpu,server_0,1683514712912
2026-07-07 18:18:40.592214,0.0,0.20000000000000284,38.766067805791586,134217728,autoscale-python-pi,autoscale-python-pi-cpu,server_0,1683514715792
2026-07-07 18:18:40.592228,0.0,0.20000000000000284,38.77035709275371,134217728,autoscale-python-pi,autoscale-python-pi-cpu,server_0,1683514558624
2026-07-07 18:18:40.592269,0.0,0.20000000000000284,38.79697300391959,134217728,autoscale-python-pi,autoscale-python-pi-cpu,server_0,1683514562272
2026-07-07 18:18:40.592495,0.0,0.20000000000000284,38.802878728930104,134217728,autoscale-python-pi,autoscale-python-pi-cpu,server_0,1683514322544
2026-07-07 18:18:40.592511,0.0,0.20000000000000284,38.81583568287858,134217728,autoscale-python-pi,autoscale-python-pi-cpu,server_0,1683514916944
2026-07-07 18:18:40.592543,0.0,0.20000000000000284,38.829331466669636,134217728,autoscale-python-pi,autoscale-python-pi-cpu,server_0,1683514918848
2026-07-07 18:18:40.592554,0.0,0.20000000000000284,38.83350942120689,134217728,autoscale-python-pi,autoscale-python-pi-cpu,server_0,1683514605056
2026-07-07 18:18:40.592566,0.0,0.20000000000000284,38.853924743734765,134217728,autoscale-python-pi,autoscale-python-pi-cpu,server_0,1683514712912
2026-07-07 18:18:40.592578,0.0,0.20000000000000284,38.864589724419986,134217728,autoscale-python-pi,autoscale-python-pi-cpu,server_0,1683514715792
2026-07-07 18:18:40.592647,0.0,0.20000000000000284,38.880856418051415,134217728,autoscale-python-pi,autoscale-python-pi-cpu,server_0,1683514558624
2026-07-07 18:18:40.592657,0.0,0.20000000000000284,38.90151365017433,134217728,autoscale-python-pi,autoscale-python-pi-cpu,server_0,1683514562272
2026-07-07 18:18:40.592781,0.0,0.20000000000000284,38.930681053599834,134217728,autoscale-python-pi,autoscale-python-pi-cpu,server_0,1683514322544
2026-07-07 18:18:40.592815,0.0,0.20000000000000284,38.937594816868526,134217728,autoscale-python-pi,autoscale-python-pi-cpu,server_0,1683514916944
2026-07-07 18:18:40.592854,0.0,0.20000000000000284,38.95165547656978,134217728,autoscale-python-pi,autoscale-python-pi-cpu,server_0,1683514918848
2026-07-07 18:18:40.592865,0.0,0.20000000000000284,38.97653609587616,134217728,autoscale-python-pi,autoscale-python-pi-cpu,server_0,1683514605056
2026-07-07 18:18:40.592875,0.0,0.20000000000000284,39.0025251722389,134217728,autoscale-python-pi,autoscale-python-pi-cpu,server_0,1683514712912
2026-07-07 18:18:40.592917,0.0,0.20000000000000284,39.02655000465722,134217728,autoscale-python-pi,autoscale-python-pi-cpu,server_0,1683514715792
2026-07-07 18:18:40.593039,0.0,0.20000000000000284,39.076240134434805,134217728,autoscale-python-pi,autoscale-python-pi-cpu,server_0,1683514558624
2026-07-07 18:18:40.593054,0.0,0.20000000000000284,39.07729928365974,134217728,autoscale-python-pi,autoscale-python-pi-cpu,server_0,1683514562272
2026-07-07 18:18:40.593110,0.0,0.20000000000000284,39.102140788466635,134217728,autoscale-python-pi,autoscale-python-pi-cpu,server_0,1683514322544
2026-07-07 18:18:40.593122,0.0,0.20000000000000284,39.102244815741706,134217728,autoscale-python-pi,autoscale-python-pi-cpu,server_0,1683514916944
2026-07-07 18:18:40.593171,0.0,0.20000000000000284,39.11630177068984,134217728,autoscale-python-pi,autoscale-python-pi-cpu,server_0,1683514918848
2026-07-07 18:18:40.593187,0.0,0.20000000000000284,39.12432767306507,134217728,autoscale-python-pi,autoscale-python-pi-cpu,server_0,1683514605056
2026-07-07 18:18:40.593237,0.0,0.20000000000000284,39.13099601504459,134217728,autoscale-python-pi,autoscale-python-pi-cpu,server_0,1683514712912
2026-07-07 18:18:40.593253,0.0,0.20000000000000284,39.14518526414097,134217728,autoscale-python-pi,autoscale-python-pi-cpu,server_0,1683514715792
2026-07-07 18:18:40.593346,0.0,0.20000000000000284,39.22468806638587,134217728,autoscale-python-pi,autoscale-python-pi-cpu,server_0,1683514558624
2026-07-07 18:18:40.593360,0.0,0.20000000000000284,39.23206569021068,134217728,autoscale-python-pi,autoscale-python-pi-cpu,server_0,1683514562272
2026-07-07 18:18:40.593376,0.0,0.20000000000000284,39.24847310599098,134217728,autoscale-python-pi,autoscale-python-pi-cpu,server_0,1683514322544
2026-07-07 18:18:40.593457,0.0,0.20000000000000284,39.27003411225502,134217728,autoscale-python-pi,autoscale-python-pi-cpu,server_0,1683514916944
2026-07-07 18:18:40.593470,0.0,0.20000000000000284,39.29934792333952,134217728,autoscale-python-pi,autoscale-python-pi-cpu,server_0,1683514918848
2026-07-07 18:18:40.593523,0.0,0.20000000000000284,39.30512358905367,134217728,autoscale-python-pi,autoscale-python-pi-cpu,server_0,1683514605056
2026-07-07 18:18:40.593537,0.0,0.20000000000000284,39.326814682893044,134217728,autoscale-python-pi,autoscale-python-pi-cpu,server_0,1683514712912
2026-07-07 18:18:40.593588,0.0,0.20000000000000284,39.37351729249309,134217728,autoscale-python-pi,autoscale-python-pi-cpu,server_0,1683514715792
2026-07-07 18:18:40.593634,0.0,0.20000000000000284,39.38491287384778,134217728,autoscale-python-pi,autoscale-python-pi-cpu,server_0,1683514558624
2026-07-07 18:18:40.593719,0.0,0.20000000000000284,39.44999149571978,134217728,autoscale-python-pi,autoscale-python-pi-cpu,server_0,1683514562272
2026-07-07 18:18:40.593738,0.0,0.20000000000000284,39.45920562391159,134217728,autoscale-python-pi,autoscale-python-pi-cpu,server_0,1683514322544
2026-07-07 18:18:40.593798,0.0,0.20000000000000284,39.50173260456455,134217728,autoscale-python-pi,autoscale-python-pi-cpu,server_0,1683514916944
2026-07-07 18:18:40.593924,0.0,0.20000000000000284,39.53730846709228,134217728,autoscale-python-pi,autoscale-python-pi-cpu,server_0,1683514918848
2026-07-07 18:18:40.593939,0.0,0.20000000000000284,39.578122674502296,134217728,autoscale-python-pi,autoscale-python-pi-cpu,server_0,1683514605056
2026-07-07 18:18:40.593998,0.0,0.20000000000000284,39.58733723565846,134217728,autoscale-python-pi,autoscale-python-pi-cpu,server_0,1683514712912
2026-07-07 18:18:40.594053,0.0,0.20000000000000284,39.611477784178376,134217728,autoscale-python-pi,autoscale-python-pi-cpu,server_0,1683514715792
2026-07-07 18:18:40.594153,0.0,0.20000000000000284,39.695604436643016,134217728,autoscale-python-pi,autoscale-python-pi-cpu,server_0,1683514558624
2026-07-07 18:18:40.594213,0.0,0.20000000000000284,39.70250417686405,134217728,autoscale-python-pi,autoscale-python-pi-cpu,server_0,1683514562272
2026-07-07 18:18:40.594249,0.0,0.20000000000000284,39.71014746002332,134217728,autoscale-python-pi,autoscale-python-pi-cpu,server_0,1683514322544
2026-07-07 18:18:40.594260,0.0,0.20000000000000284,39.72950533863426,134217728,autoscale-python-pi,autoscale-python-pi-cpu,server_0,1683514916944
2026-07-07 18:18:40.594424,0.0,0.20000000000000284,39.78722767537151,134217728,autoscale-python-pi,autoscale-python-pi-cpu,server_0,1683514918848
2026-07-07 18:18:40.594435,0.0,0.20000000000000284,39.795580493761335,134217728,autoscale-python-pi,autoscale-python-pi-cpu,server_0,1683514605056
2026-07-07 18:18:40.594734,0.0,0.20000000000000284,39.85982762319849,134217728,autoscale-python-pi,autoscale-python-pi-cpu,server_0,1683514712912
2026-07-07 18:18:40.594745,0.0,0.20000000000000284,39.877813235437785,134217728,autoscale-python-pi,autoscale-python-pi-cpu,server_0,1683514715792
2026-07-07 18:18:40.594789,0.0,0.20000000000000284,39.8958439546432,134217728,autoscale-python-pi,autoscale-python-pi-cpu,server_0,1683514558624
2026-07-07 18:18:40.594833,0.0,0.20000000000000284,39.90425590326647,134217728,autoscale-python-pi,autoscale-python-pi-cpu,server_0,1683514562272
2026-07-07 18:18:40.594936,0.0,0.20000000000000284,39.954782156422525,134217728,autoscale-python-pi,autoscale-python-pi-cpu,server_0,1683514322544
2026-07-07 18:18:40.594950,0.0,0.20000000000000284,39.957834527496786,134217728,autoscale-python-pi,autoscale-python-pi-cpu,server_0,1683514916944
2026-07-07 18:18:40.594992,0.0,0.20000000000000284,39.974570393379146,134217728,autoscale-python-pi,autoscale-python-pi-cpu,server_0,1683514918848
2026-07-07 18:18:40.595005,0.0,0.20000000000000284,39.977361239528186,134217728,autoscale-python-pi,autoscale-python-pi-cpu,server_0,1683514605056
2026-07-07 18:18:40.595019,0.0,0.20000000000000284,39.9788493573226,134217728,autoscale-python-pi,autoscale-python-pi-cpu,server_0,1683514712912
2026-07-07 18:18:40.595127,0.0,0.20000000000000284,40.04474927746735,134217728,autoscale-python-pi,autoscale-python-pi-cpu,server_0,1683514715792
2026-07-07 18:18:40.595204,0.0,0.20000000000000284,40.083987978923524,134217728,autoscale-python-pi,autoscale-python-pi-cpu,server_0,1683514558624
2026-07-07 18:18:40.595218,0.0,0.20000000000000284,40.096984568142105,134217728,autoscale-python-pi,autoscale-python-pi-cpu,server_0,1683514562272
2026-07-07 18:18:40.595230,0.0,0.20000000000000284,40.11806862710081,134217728,autoscale-python-pi,autoscale-python-pi-cpu,server_0,1683514322544
2026-07-07 18:18:40.595351,0.0,0.20000000000000284,40.1275013204957,134217728,autoscale-python-pi,autoscale-python-pi-cpu,server_0,1683514916944
2026-07-07 18:18:40.595377,0.0,0.20000000000000284,40.16332175305161,134217728,autoscale-python-pi,autoscale-python-pi-cpu,server_0,1683514918848
2026-07-07 18:18:40.595388,0.0,0.20000000000000284,40.18205174038578,134217728,autoscale-python-pi,autoscale-python-pi-cpu,server_0,1683514605056
2026-07-07 18:18:40.595399,0.0,0.20000000000000284,40.18844923598067,134217728,autoscale-python-pi,autoscale-python-pi-cpu,server_0,1683514712912
2026-07-07 18:18:40.595408,0.0,0.20000000000000284,40.22320673182524,134217728,autoscale-python-pi,autoscale-python-pi-cpu,server_0,1683514715792
2026-07-07 18:18:40.595452,0.0,0.20000000000000284,40.26268777051098,134217728,autoscale-python-pi,autoscale-python-pi-cpu,server_0,1683514558624
2026-07-07 18:18:40.595461,0.0,0.20000000000000284,40.2634927948989,134217728,autoscale-python-pi,autoscale-python-pi-cpu,server_0,1683514562272
2026-07-07 18:18:40.595499,0.0,0.20000000000000284,40.32589211429389,134217728,autoscale-python-pi,autoscale-python-pi-cpu,server_0,1683514322544
2026-07-07 18:18:40.595635,0.0,0.20000000000000284,40.46187210284723,134217728,autoscale-python-pi,autoscale-python-pi-cpu,server_0,1683514916944
2026-07-07 18:18:40.595648,0.0,0.20000000000000284,40.46503836209857,134217728,autoscale-python-pi,autoscale-python-pi-cpu,server_0,1683514918848
2026-07-07 18:18:40.595685,0.0,0.20000000000000284,40.54080985002769,134217728,autoscale-python-pi,autoscale-python-pi-cpu,server_0,1683514605056
2026-07-07 18:18:40.595747,0.0,0.20000000000000284,40.56834627197523,134217728,autoscale-python-pi,autoscale-python-pi-cpu,server_0,1683514712912
2026-07-07 18:18:40.595759,0.0,0.20000000000000284,40.58174583605732,134217728,autoscale-python-pi,autoscale-python-pi-cpu,server_0,1683514715792
2026-07-07 18:18:40.595792,0.0,0.20000000000000284,40.610760728597946,134217728,autoscale-python-pi,autoscale-python-pi-cpu,server_0,1683514558624
2026-07-07 18:18:40.595805,0.0,0.20000000000000284,40.617024463390116,134217728,autoscale-python-pi,autoscale-python-pi-cpu,server_0,1683514562272
2026-07-07 18:18:40.595966,0.0,0.20000000000000284,40.71554267248658,134217728,autoscale-python-pi,autoscale-python-pi-cpu,server_0,1683514322544
2026-07-07 18:18:40.595976,0.0,0.20000000000000284,40.744732766434105,134217728,autoscale-python-pi,autoscale-python-pi-cpu,server_0,1683514916944
2026-07-07 18:18:40.595985,0.0,0.20000000000000284,40.76621073835659,134217728,autoscale-python-pi,autoscale-python-pi-cpu,server_0,1683514918848
2026-07-07 18:18:40.596191,0.0,0.20000000000000284,40.80717818076466,134217728,autoscale-python-pi,autoscale-python-pi-cpu,server_0,1683514605056
2026-07-07 18:18:40.596231,0.0,0.20000000000000284,40.83381012971685,134217728,autoscale-python-pi,autoscale-python-pi-cpu,server_0,1683514712912
2026-07-07 18:18:40.596241,0.0,0.20000000000000284,40.84458021616447,134217728,autoscale-python-pi,autoscale-python-pi-cpu,server_0,1683514715792
2026-07-07 18:18:40.596250,0.0,0.20000000000000284,40.84615462334185,134217728,autoscale-python-pi,autoscale-python-pi-cpu,server_0,1683514558624
2026-07-07 18:18:40.596332,0.0,0.20000000000000284,40.874403618145294,134217728,autoscale-python-pi,autoscale-python-pi-cpu,server_0,1683514562272
2026-07-07 18:18:40.596343,0.0,0.20000000000000284,40.88033410508677,134217728,autoscale-python-pi,autoscale-python-pi-cpu,server_0,1683514322544
2026-07-07 18:18:40.596353,0.0,0.20000000000000284,40.913230578720324,134217728,autoscale-python-pi,autoscale-python-pi-cpu,server_0,1683514916944
2026-07-07 18:18:40.596384,0.0,0.20000000000000284,40.97158093676913,134217728,autoscale-python-pi,autoscale-python-pi-cpu,server_0,1683514918848
2026-07-07 18:18:40.596414,0.0,0.20000000000000284,40.97283528544323,134217728,autoscale-python-pi,autoscale-python-pi-cpu,server_0,1683514605056
2026-07-07 18:18:40.596473,0.0,0.20000000000000284,41.01355296402522,134217728,autoscale-python-pi,autoscale-python-pi-cpu,server_0,1683514712912
2026-07-07 18:18:40.596524,0.0,0.20000000000000284,41.052201393033414,134217728,autoscale-python-pi,autoscale-python-pi-cpu,server_0,1683514715792
2026-07-07 18:18:40.596534,0.0,0.20000000000000284,41.06419971563756,134217728,autoscale-python-pi,autoscale-python-pi-cpu,server_0,1683514558624
2026-07-07 18:18:40.596543,0.0,0.20000000000000284,41.13097741108036,134217728,autoscale-python-pi,autoscale-python-pi-cpu,server_0,1683514562272
2026-07-07 18:18:40.596582,0.0,0.20000000000000284,41.17269766726986,134217728,autoscale-python-pi,autoscale-python-pi-cpu,server_0,1683514322544
2026-07-07 18:18:40.596636,0.0,0.20000000000000284,41.20762494603904,134217728,autoscale-python-pi,autoscale-python-pi-cpu,server_0,1683514916944
2026-07-07 18:18:40.596645,0.0,0.20000000000000284,41.21213393091838,134217728,autoscale-python-pi,autoscale-python-pi-cpu,server_0,1683514918848
2026-07-07 18:18:40.596653,0.0,0.20000000000000284,41.21419566146214,134217728,autoscale-python-pi,autoscale-python-pi-cpu,server_0,1683514605056
2026-07-07 18:18:40.596661,0.0,0.20000000000000284,41.22254714475771,134217728,autoscale-python-pi,autoscale-python-pi-cpu,server_0,1683514712912
2026-07-07 18:18:40.596832,0.0,0.20000000000000284,41.35064731812672,134217728,autoscale-python-pi,autoscale-python-pi-cpu,server_0,1683514715792
2026-07-07 18:18:40.596842,0.0,0.20000000000000284,41.38878843621828,134217728,autoscale-python-pi,autoscale-python-pi-cpu,server_0,1683514558624
2026-07-07 18:18:40.596874,0.0,0.20000000000000284,41.40034971151881,134217728,autoscale-python-pi,autoscale-python-pi-cpu,server_0,1683514562272
2026-07-07 18:18:40.596885,0.0,0.20000000000000284,41.43449312790532,134217728,autoscale-python-pi,autoscale-python-pi-cpu,server_0,1683514322544
2026-07-07 18:18:40.596894,0.0,0.20000000000000284,41.454605396128535,134217728,autoscale-python-pi,autoscale-python-pi-cpu,server_0,1683514916944
2026-07-07 18:18:40.597022,0.0,0.20000000000000284,41.517061663231274,134217728,autoscale-python-pi,autoscale-python-pi-cpu,server_0,1683514918848
2026-07-07 18:18:40.597031,0.0,0.20000000000000284,41.52432029032245,134217728,autoscale-python-pi,autoscale-python-pi-cpu,server_0,1683514605056
2026-07-07 18:18:40.597043,0.0,0.20000000000000284,41.52682115146356,134217728,autoscale-python-pi,autoscale-python-pi-cpu,server_0,1683514712912
2026-07-07 18:18:40.597084,0.0,0.20000000000000284,41.53681955009449,134217728,autoscale-python-pi,autoscale-python-pi-cpu,server_0,1683514715792
2026-07-07 18:18:40.597094,0.0,0.20000000000000284,41.54391935598081,134217728,autoscale-python-pi,autoscale-python-pi-cpu,server_0,1683514558624
2026-07-07 18:18:40.597102,0.0,0.20000000000000284,41.58938845809833,134217728,autoscale-python-pi,autoscale-python-pi-cpu,server_0,1683514562272
2026-07-07 18:18:40.597187,0.0,0.20000000000000284,41.665477084843054,134217728,autoscale-python-pi,autoscale-python-pi-cpu,server_0,1683514322544
2026-07-07 18:18:40.597333,0.0,0.20000000000000284,41.704796502448445,134217728,autoscale-python-pi,autoscale-python-pi-cpu,server_0,1683514916944
2026-07-07 18:18:40.597375,0.0,0.20000000000000284,41.709432496218305,134217728,autoscale-python-pi,autoscale-python-pi-cpu,server_0,1683514918848
2026-07-07 18:18:40.597416,0.0,0.20000000000000284,41.71354683129735,134217728,autoscale-python-pi,autoscale-python-pi-cpu,server_0,1683514605056
2026-07-07 18:18:40.597432,0.0,0.20000000000000284,41.730696837867974,134217728,autoscale-python-pi,autoscale-python-pi-cpu,server_0,1683514712912
2026-07-07 18:18:40.597735,0.0,0.20000000000000284,41.82220307024743,134217728,autoscale-python-pi,autoscale-python-pi-cpu,server_0,1683514715792
2026-07-07 18:18:40.597809,0.0,0.20000000000000284,41.835744038483064,134217728,autoscale-python-pi,autoscale-python-pi-cpu,server_0,1683514558624
2026-07-07 18:18:40.597826,0.0,0.20000000000000284,41.85474594251477,134217728,autoscale-python-pi,autoscale-python-pi-cpu,server_0,1683514562272
2026-07-07 18:18:40.597873,0.0,0.20000000000000284,41.88460977943939,134217728,autoscale-python-pi,autoscale-python-pi-cpu,server_0,1683514322544
2026-07-07 18:18:40.597886,0.0,0.20000000000000284,41.886561103557874,134217728,autoscale-python-pi,autoscale-python-pi-cpu,server_0,1683514916944
2026-07-07 18:18:40.597901,0.0,0.20000000000000284,41.887640733841515,134217728,autoscale-python-pi,autoscale-python-pi-cpu,server_0,1683514918848
2026-07-07 18:18:40.597917,0.0,0.20000000000000284,41.89336272056258,134217728,autoscale-python-pi,autoscale-python-pi-cpu,server_0,1683514605056
2026-07-07 18:18:40.597933,0.0,0.20000000000000284,41.89588119389182,134217728,autoscale-python-pi,autoscale-python-pi-cpu,server_0,1683514712912
2026-07-07 18:18:40.597960,0.0,0.20000000000000284,41.90926838558643,134217728,autoscale-python-pi,autoscale-python-pi-cpu,server_0,1683514715792
2026-07-07 18:18:40.597984,0.0,0.20000000000000284,41.91321784551421,134217728,autoscale-python-pi,autoscale-python-pi-cpu,server_0,1683514558624
2026-07-07 18:18:40.598097,0.0,0.20000000000000284,41.98295974613608,134217728,autoscale-python-pi,autoscale-python-pi-cpu,server_0,1683514562272
2026-07-07 18:18:40.598156,0.0,0.20000000000000284,42.0046619600224,134217728,autoscale-python-pi,autoscale-python-pi-cpu,server_0,1683514322544
2026-07-07 18:18:40.598166,0.0,0.20000000000000284,42.03106380431349,134217728,autoscale-python-pi,autoscale-python-pi-cpu,server_0,1683514916944
2026-07-07 18:18:40.598244,0.0,0.20000000000000284,42.06643485167,134217728,autoscale-python-pi,autoscale-python-pi-cpu,server_0,1683514918848
2026-07-07 18:18:40.598393,0.0,0.20000000000000284,42.12904965285407,134217728,autoscale-python-pi,autoscale-python-pi-cpu,server_0,1683514605056
2026-07-07 18:18:40.598423,0.0,0.20000000000000284,42.15440219955991,134217728,autoscale-python-pi,autoscale-python-pi-cpu,server_0,1683514712912
2026-07-07 18:18:40.598444,0.0,0.20000000000000284,42.17527694109581,134217728,autoscale-python-pi,autoscale-python-pi-cpu,server_0,1683514715792
2026-07-07 18:18:40.598565,0.0,0.20000000000000284,42.1935891317712,134217728,autoscale-python-pi,autoscale-python-pi-cpu,server_0,1683514558624
2026-07-07 18:18:40.598582,0.0,0.20000000000000284,42.1945194903222,134217728,autoscale-python-pi,autoscale-python-pi-cpu,server_0,1683514562272
2026-07-07 18:18:40.598625,0.0,0.20000000000000284,42.236216936521416,134217728,autoscale-python-pi,autoscale-python-pi-cpu,server_0,1683514322544
2026-07-07 18:18:40.598641,0.0,0.20000000000000284,42.24267639350842,134217728,autoscale-python-pi,autoscale-python-pi-cpu,server_0,1683514916944
2026-07-07 18:18:40.598653,0.0,0.20000000000000284,42.25308558879286,134217728,autoscale-python-pi,autoscale-python-pi-cpu,server_0,1683514918848
2026-07-07 18:18:40.598695,0.0,0.20000000000000284,42.27226424031855,134217728,autoscale-python-pi,autoscale-python-pi-cpu,server_0,1683514605056
2026-07-07 18:18:40.598752,0.0,0.20000000000000284,42.31773311749772,134217728,autoscale-python-pi,autoscale-python-pi-cpu,server_0,1683514712912
2026-07-07 18:18:40.598913,0.0,0.20000000000000284,42.379210307212915,134217728,autoscale-python-pi,autoscale-python-pi-cpu,server_0,1683514715792
2026-07-07 18:18:40.598930,0.0,0.20000000000000284,42.38517794136423,134217728,autoscale-python-pi,autoscale-python-pi-cpu,server_0,1683514558624
2026-07-07 18:18:40.598943,0.0,0.20000000000000284,42.42202080189906,134217728,autoscale-python-pi,autoscale-python-pi-cpu,server_0,1683514562272
2026-07-07 18:18:40.599032,0.0,0.20000000000000284,42.46010039598487,134217728,autoscale-python-pi,autoscale-python-pi-cpu,server_0,1683514322544
2026-07-07 18:18:40.599042,0.0,0.20000000000000284,42.5078102087848,134217728,autoscale-python-pi,autoscale-python-pi-cpu,server_0,1683514916944
2026-07-07 18:18:40.599051,0.0,0.20000000000000284,42.51561152464367,134217728,autoscale-python-pi,autoscale-python-pi-cpu,server_0,1683514918848
2026-07-07 18:18:40.599083,0.0,0.20000000000000284,42.51903550442937,134217728,autoscale-python-pi,autoscale-python-pi-cpu,server_0,1683514605056
2026-07-07 18:18:40.599092,0.0,0.20000000000000284,42.52497371457251,134217728,autoscale-python-pi,autoscale-python-pi-cpu,server_0,1683514712912
2026-07-07 18:18:40.599148,0.0,0.20000000000000284,42.563261245486,134217728,autoscale-python-pi,autoscale-python-pi-cpu,server_0,1683514715792
2026-07-07 18:18:40.599162,0.0,0.20000000000000284,42.568463838055955,134217728,autoscale-python-pi,autoscale-python-pi-cpu,server_0,1683514558624
2026-07-07 18:18:40.599173,0.0,0.20000000000000284,42.571021052112116,134217728,autoscale-python-pi,autoscale-python-pi-cpu,server_0,1683514562272
2026-07-07 18:18:40.599206,0.0,0.20000000000000284,42.63318813746927,134217728,autoscale-python-pi,autoscale-python-pi-cpu,server_0,1683514322544
2026-07-07 18:18:40.599215,0.0,0.20000000000000284,42.64234601928864,134217728,autoscale-python-pi,autoscale-python-pi-cpu,server_0,1683514916944
2026-07-07 18:18:40.599270,0.0,0.20000000000000284,42.64966712137153,134217728,autoscale-python-pi,autoscale-python-pi-cpu,server_0,1683514918848
2026-07-07 18:18:40.599426,0.0,0.20000000000000284,42.71864127077123,134217728,autoscale-python-pi,autoscale-python-pi-cpu,server_0,1683514605056
2026-07-07 18:18:40.599457,0.0,0.20000000000000284,42.736223939356385,134217728,autoscale-python-pi,autoscale-python-pi-cpu,server_0,1683514712912
2026-07-07 18:18:40.599488,0.0,0.20000000000000284,42.739771428767696,134217728,autoscale-python-pi,autoscale-python-pi-cpu,server_0,1683514715792
2026-07-07 18:18:40.599786,0.0,0.20000000000000284,42.8018925793438,134217728,autoscale-python-pi,autoscale-python-pi-cpu,server_0,1683514558624
2026-07-07 18:18:40.599826,0.0,0.20000000000000284,42.848233085260766,134217728,autoscale-python-pi,autoscale-python-pi-cpu,server_0,1683514562272
2026-07-07 18:18:40.599860,0.0,0.20000000000000284,42.867213795534624,134217728,autoscale-python-pi,autoscale-python-pi-cpu,server_0,1683514322544
2026-07-07 18:18:40.599869,0.0,0.20000000000000284,42.87050010480473,134217728,autoscale-python-pi,autoscale-python-pi-cpu,server_0,1683514916944
2026-07-07 18:18:40.599877,0.0,0.20000000000000284,42.89104202203316,134217728,autoscale-python-pi,autoscale-python-pi-cpu,server_0,1683514918848
2026-07-07 18:18:40.599907,0.0,0.20000000000000284,42.89894856917018,134217728,autoscale-python-pi,autoscale-python-pi-cpu,server_0,1683514605056
2026-07-07 18:18:40.599916,0.0,0.20000000000000284,42.908116302881595,134217728,autoscale-python-pi,autoscale-python-pi-cpu,server_0,1683514712912
2026-07-07 18:18:40.599923,0.0,0.20000000000000284,42.93064408807498,134217728,autoscale-python-pi,autoscale-python-pi-cpu,server_0,1683514715792
2026-07-07 18:18:40.599931,0.0,0.20000000000000284,42.937192898808824,134217728,autoscale-python-pi,autoscale-python-pi-cpu,server_0,1683514558624
2026-07-07 18:18:40.599988,0.0,0.20000000000000284,42.95015387224834,134217728,autoscale-python-pi,autoscale-python-pi-cpu,server_0,1683514562272
2026-07-07 18:18:40.599996,0.0,0.20000000000000284,42.97504241761727,134217728,autoscale-python-pi,autoscale-python-pi-cpu,server_0,1683514322544
2026-07-07 18:18:40.600004,0.0,0.20000000000000284,42.99024473573232,134217728,autoscale-python-pi,autoscale-python-pi-cpu,server_0,1683514916944
2026-07-07 18:18:40.600057,0.0,0.20000000000000284,43.04769722693596,134217728,autoscale-python-pi,autoscale-python-pi-cpu,server_0,1683514918848
2026-07-07 18:18:40.600066,0.0,0.20000000000000284,43.065360627008296,134217728,autoscale-python-pi,autoscale-python-pi-cpu,server_0,1683514605056
2026-07-07 18:18:40.600222,0.0,0.20000000000000284,43.098079632843714,134217728,autoscale-python-pi,autoscale-python-pi-cpu,server_0,1683514712912
2026-07-07 18:18:40.600257,0.0,0.20000000000000284,43.14378838618323,134217728,autoscale-python-pi,autoscale-python-pi-cpu,server_0,1683514715792
2026-07-07 18:18:40.600268,0.0,0.20000000000000284,43.149823532177614,134217728,autoscale-python-pi,autoscale-python-pi-cpu,server_0,1683514558624
2026-07-07 18:18:40.600331,0.0,0.20000000000000284,43.19106424972281,134217728,autoscale-python-pi,autoscale-python-pi-cpu,server_0,1683514562272
2026-07-07 18:18:40.600341,0.0,0.20000000000000284,43.232865428655245,134217728,autoscale-python-pi,autoscale-python-pi-cpu,server_0,1683514322544
2026-07-07 18:18:40.600371,0.0,0.20000000000000284,43.268552759382565,134217728,autoscale-python-pi,autoscale-python-pi-cpu,server_0,1683514916944
2026-07-07 18:18:40.600421,0.0,0.20000000000000284,43.27655550117177,134217728,autoscale-python-pi,autoscale-python-pi-cpu,server_0,1683514918848
2026-07-07 18:18:40.600429,0.0,0.20000000000000284,43.28056501843815,134217728,autoscale-python-pi,autoscale-python-pi-cpu,server_0,1683514605056
2026-07-07 18:18:40.600443,0.0,0.20000000000000284,43.28103652170789,134217728,autoscale-python-pi,autoscale-python-pi-cpu,server_0,1683514712912
2026-07-07 18:18:40.600452,0.0,0.20000000000000284,43.28659127919764,134217728,autoscale-python-pi,autoscale-python-pi-cpu,server_0,1683514715792
2026-07-07 18:18:40.600462,0.0,0.20000000000000284,43.29659411180579,134217728,autoscale-python-pi,autoscale-python-pi-cpu,server_0,1683514558624
2026-07-07 18:18:40.600493,0.0,0.20000000000000284,43.31758444574527,134217728,autoscale-python-pi,autoscale-python-pi-cpu,server_0,1683514562272
2026-07-07 18:18:40.600530,0.0,0.20000000000000284,43.354996129516955,134217728,autoscale-python-pi,autoscale-python-pi-cpu,server_0,1683514322544
2026-07-07 18:18:40.600540,0.0,0.20000000000000284,43.369176478801656,134217728,autoscale-python-pi,autoscale-python-pi-cpu,server_0,1683514916944
2026-07-07 18:18:40.600708,0.0,0.20000000000000284,43.4570216964907,134217728,autoscale-python-pi,autoscale-python-pi-cpu,server_0,1683514918848
2026-07-07 18:18:40.600720,0.0,0.20000000000000284,43.47015129167352,134217728,autoscale-python-pi,autoscale-python-pi-cpu,server_0,1683514605056
2026-07-07 18:18:40.600729,0.0,0.20000000000000284,43.472543668513445,134217728,autoscale-python-pi,autoscale-python-pi-cpu,server_0,1683514712912
2026-07-07 18:18:40.600785,0.0,0.20000000000000284,43.50097827469544,134217728,autoscale-python-pi,autoscale-python-pi-cpu,server_0,1683514715792
2026-07-07 18:18:40.600821,0.0,0.20000000000000284,43.53411537097025,134217728,autoscale-python-pi,autoscale-python-pi-cpu,server_0,1683514558624
2026-07-07 18:18:40.600892,0.0,0.20000000000000284,43.572464570243845,134217728,autoscale-python-pi,autoscale-python-pi-cpu,server_0,1683514562272
2026-07-07 18:18:40.600901,0.0,0.20000000000000284,43.575396646643625,134217728,autoscale-python-pi,autoscale-python-pi-cpu,server_0,1683514322544
2026-07-07 18:18:40.600909,0.0,0.20000000000000284,43.57673180330097,134217728,autoscale-python-pi,autoscale-python-pi-cpu,server_0,1683514916944
2026-07-07 18:18:40.600941,0.0,0.20000000000000284,43.58187261441918,134217728,autoscale-python-pi,autoscale-python-pi-cpu,server_0,1683514918848
2026-07-07 18:18:40.600949,0.0,0.20000000000000284,43.58615157949522,134217728,autoscale-python-pi,autoscale-python-pi-cpu,server_0,1683514605056
2026-07-07 18:18:40.600957,0.0,0.20000000000000284,43.588357877442974,134217728,autoscale-python-pi,autoscale-python-pi-cpu,server_0,1683514712912
2026-07-07 18:18:40.600991,0.0,0.20000000000000284,43.60709619412651,134217728,autoscale-python-pi,autoscale-python-pi-cpu,server_0,1683514715792
2026-07-07 18:18:40.601083,0.0,0.20000000000000284,43.69283756472609,134217728,autoscale-python-pi,autoscale-python-pi-cpu,server_0,1683514558624
2026-07-07 18:18:40.601092,0.0,0.20000000000000284,43.69854088778631,134217728,autoscale-python-pi,autoscale-python-pi-cpu,server_0,1683514562272
2026-07-07 18:18:40.601100,0.0,0.20000000000000284,43.712996752183464,134217728,autoscale-python-pi,autoscale-python-pi-cpu,server_0,1683514322544
2026-07-07 18:18:40.601131,0.0,0.20000000000000284,43.7348216924484,134217728,autoscale-python-pi,autoscale-python-pi-cpu,server_0,1683514916944
2026-07-07 18:18:40.601161,0.0,0.20000000000000284,43.74768467636108,134217728,autoscale-python-pi,autoscale-python-pi-cpu,server_0,1683514918848
2026-07-07 18:18:40.601170,0.0,0.20000000000000284,43.76102074479362,134217728,autoscale-python-pi,autoscale-python-pi-cpu,server_0,1683514605056
2026-07-07 18:18:40.601178,0.0,0.20000000000000284,43.780441301686345,134217728,autoscale-python-pi,autoscale-python-pi-cpu,server_0,1683514712912
2026-07-07 18:18:40.601237,0.0,0.20000000000000284,43.79762732142161,134217728,autoscale-python-pi,autoscale-python-pi-cpu,server_0,1683514715792
2026-07-07 18:18:40.601377,0.0,0.20000000000000284,43.80888733300213,134217728,autoscale-python-pi,autoscale-python-pi-cpu,server_0,1683514558624
2026-07-07 18:18:40.601386,0.0,0.20000000000000284,43.81029354751746,134217728,autoscale-python-pi,autoscale-python-pi-cpu,server_0,1683514562272
2026-07-07 18:18:40.601394,0.0,0.20000000000000284,43.82065599828657,134217728,autoscale-python-pi,autoscale-python-pi-cpu,server_0,1683514322544
2026-07-07 18:18:40.601430,0.0,0.20000000000000284,43.88952279344095,134217728,autoscale-python-pi,autoscale-python-pi-cpu,server_0,1683514916944
2026-07-07 18:18:40.601550,0.0,0.20000000000000284,43.913811630099985,134217728,autoscale-python-pi,autoscale-python-pi-cpu,server_0,1683514918848
2026-07-07 18:18:40.601583,0.0,0.20000000000000284,43.941992243386316,134217728,autoscale-python-pi,autoscale-python-pi-cpu,server_0,1683514605056
2026-07-07 18:18:40.601662,0.0,0.20000000000000284,43.98680881452712,134217728,autoscale-python-pi,autoscale-python-pi-cpu,server_0,1683514712912
2026-07-07 18:18:40.601673,0.0,0.20000000000000284,43.99335889666399,134217728,autoscale-python-pi,autoscale-python-pi-cpu,server_0,1683514715792
2026-07-07 18:18:40.601744,0.0,0.20000000000000284,44.07163755074125,134217728,autoscale-python-pi,autoscale-python-pi-cpu,server_0,1683514558624
2026-07-07 18:18:40.601775,0.0,0.20000000000000284,44.089601552727544,134217728,autoscale-python-pi,autoscale-python-pi-cpu,server_0,1683514562272
2026-07-07 18:18:40.601804,0.0,0.20000000000000284,44.09848538593938,134217728,autoscale-python-pi,autoscale-python-pi-cpu,server_0,1683514322544
2026-07-07 18:18:40.601812,0.0,0.20000000000000284,44.10705293760662,134217728,autoscale-python-pi,autoscale-python-pi-cpu,server_0,1683514916944
2026-07-07 18:18:40.601821,0.0,0.20000000000000284,44.107723450120496,134217728,autoscale-python-pi,autoscale-python-pi-cpu,server_0,1683514918848
2026-07-07 18:18:40.601830,0.0,0.20000000000000284,44.11186288415364,134217728,autoscale-python-pi,autoscale-python-pi-cpu,server_0,1683514605056
2026-07-07 18:18:40.601837,0.0,0.20000000000000284,44.125444542342194,134217728,autoscale-python-pi,autoscale-python-pi-cpu,server_0,1683514712912
2026-07-07 18:18:40.601845,0.0,0.20000000000000284,44.147092614243824,134217728,autoscale-python-pi,autoscale-python-pi-cpu,server_0,1683514715792
2026-07-07 18:18:40.601898,0.0,0.20000000000000284,44.16816966546754,134217728,autoscale-python-pi,autoscale-python-pi-cpu,server_0,1683514558624
2026-07-07 18:18:40.601910,0.0,0.20000000000000284,44.174034319652776,134217728,autoscale-python-pi,autoscale-python-pi-cpu,server_0,1683514562272
2026-07-07 18:18:40.601920,0.0,0.20000000000000284,44.206104707650226,134217728,autoscale-python-pi,autoscale-python-pi-cpu,server_0,1683514322544
2026-07-07 18:18:40.601950,0.0,0.20000000000000284,44.22705807982462,134217728,autoscale-python-pi,autoscale-python-pi-cpu,server_0,1683514916944
2026-07-07 18:18:40.601979,0.0,0.20000000000000284,44.25332502088835,134217728,autoscale-python-pi,autoscale-python-pi-cpu,server_0,1683514918848
2026-07-07 18:18:40.601988,0.0,0.20000000000000284,44.27745992058838,134217728,autoscale-python-pi,autoscale-python-pi-cpu,server_0,1683514605056
2026-07-07 18:18:40.602040,0.0,0.20000000000000284,44.296149186113055,134217728,autoscale-python-pi,autoscale-python-pi-cpu,server_0,1683514712912
2026-07-07 18:18:40.602182,0.0,0.20000000000000284,44.35012245589224,134217728,autoscale-python-pi,autoscale-python-pi-cpu,server_0,1683514715792
2026-07-07 18:18:40.602191,0.0,0.20000000000000284,44.35340668848324,134217728,autoscale-python-pi,autoscale-python-pi-cpu,server_0,1683514558624
2026-07-07 18:18:40.602200,0.0,0.20000000000000284,44.41492704003951,134217728,autoscale-python-pi,autoscale-python-pi-cpu,server_0,1683514562272
2026-07-07 18:18:40.602208,0.0,0.20000000000000284,44.4444174433391,134217728,autoscale-python-pi,autoscale-python-pi-cpu,server_0,1683514322544
2026-07-07 18:18:40.602298,0.0,0.20000000000000284,44.47803525662305,134217728,autoscale-python-pi,autoscale-python-pi-cpu,server_0,1683514916944
2026-07-07 18:18:40.602307,0.0,0.20000000000000284,44.489520153439784,134217728,autoscale-python-pi,autoscale-python-pi-cpu,server_0,1683514918848
2026-07-07 18:18:40.602315,0.0,0.20000000000000284,44.49767407450216,134217728,autoscale-python-pi,autoscale-python-pi-cpu,server_0,1683514605056
2026-07-07 18:18:40.602323,0.0,0.20000000000000284,44.504283804467775,134217728,autoscale-python-pi,autoscale-python-pi-cpu,server_0,1683514712912
2026-07-07 18:18:40.602354,0.0,0.20000000000000284,44.53910579688918,134217728,autoscale-python-pi,autoscale-python-pi-cpu,server_0,1683514715792
2026-07-07 18:18:40.602536,0.0,0.20000000000000284,44.65975750376087,134217728,autoscale-python-pi,autoscale-python-pi-cpu,server_0,1683514558624
2026-07-07 18:18:40.602545,0.0,0.20000000000000284,44.66378575929298,134217728,autoscale-python-pi,autoscale-python-pi-cpu,server_0,1683514562272
2026-07-07 18:18:40.602633,0.0,0.20000000000000284,44.725365755884255,134217728,autoscale-python-pi,autoscale-python-pi-cpu,server_0,1683514322544
2026-07-07 18:18:40.602831,0.0,0.20000000000000284,44.779260860382934,134217728,autoscale-python-pi,autoscale-python-pi-cpu,server_0,1683514916944
2026-07-07 18:18:40.602848,0.0,0.20000000000000284,44.77993306702703,134217728,autoscale-python-pi,autoscale-python-pi-cpu,server_0,1683514918848
2026-07-07 18:18:40.603205,0.0,0.20000000000000284,44.81536359793646,134217728,autoscale-python-pi,autoscale-python-pi-cpu,server_0,1683514605056
2026-07-07 18:18:40.603224,0.0,0.20000000000000284,44.8173403014918,134217728,autoscale-python-pi,autoscale-python-pi-cpu,server_0,1683514712912
2026-07-07 18:18:40.603242,0.0,0.20000000000000284,44.84101017788808,134217728,autoscale-python-pi,autoscale-python-pi-cpu,server_0,1683514715792
2026-07-07 18:18:40.603262,0.0,0.20000000000000284,44.84268736056174,134217728,autoscale-python-pi,autoscale-python-pi-cpu,server_0,1683514558624
2026-07-07 18:18:40.603282,0.0,0.20000000000000284,44.84581214619186,134217728,autoscale-python-pi,autoscale-python-pi-cpu,server_0,1683514562272
2026-07-07 18:18:40.603297,0.0,0.20000000000000284,44.852586772957245,134217728,autoscale-python-pi,autoscale-python-pi-cpu,server_0,1683514322544
2026-07-07 18:18:40.603356,0.0,0.20000000000000284,44.891913780190954,134217728,autoscale-python-pi,autoscale-python-pi-cpu,server_0,1683514916944
2026-07-07 18:18:40.603370,0.0,0.20000000000000284,44.91032974198471,134217728,autoscale-python-pi,autoscale-python-pi-cpu,server_0,1683514918848
2026-07-07 18:18:40.603385,0.0,0.20000000000000284,44.945089432516646,134217728,autoscale-python-pi,autoscale-python-pi-cpu,server_0,1683514605056
2026-07-07 18:18:40.603478,0.0,0.20000000000000284,44.96182348762111,134217728,autoscale-python-pi,autoscale-python-pi-cpu,server_0,1683514712912
2026-07-07 18:18:40.603494,0.0,0.20000000000000284,44.96224371134533,134217728,autoscale-python-pi,autoscale-python-pi-cpu,server_0,1683514715792
2026-07-07 18:18:40.603543,0.0,0.20000000000000284,44.972856052899175,134217728,autoscale-python-pi,autoscale-python-pi-cpu,server_0,1683514558624
2026-07-07 18:18:40.603588,0.0,0.20000000000000284,44.97665436678892,134217728,autoscale-python-pi,autoscale-python-pi-cpu,server_0,1683514562272
2026-07-07 18:18:40.603643,0.0,0.20000000000000284,44.99964142951777,134217728,autoscale-python-pi,autoscale-python-pi-cpu,server_0,1683514322544
2026-07-07 18:18:40.603659,0.0,0.20000000000000284,45.00415383024851,134217728,autoscale-python-pi,autoscale-python-pi-cpu,server_0,1683514916944
2026-07-07 18:18:40.603707,0.0,0.20000000000000284,45.01198723300043,134217728,autoscale-python-pi,autoscale-python-pi-cpu,server_0,1683514918848
2026-07-07 18:18:40.603804,0.0,0.20000000000000284,45.08019191740763,134217728,autoscale-python-pi,autoscale-python-pi-cpu,server_0,1683514605056
2026-07-07 18:18:40.603922,0.0,0.20000000000000284,45.15277489287382,134217728,autoscale-python-pi,autoscale-python-pi-cpu,server_0,1683514712912
2026-07-07 18:18:40.603932,0.0,0.20000000000000284,45.15317203132305,134217728,autoscale-python-pi,autoscale-python-pi-cpu,server_0,1683514715792
2026-07-07 18:18:40.603941,0.0,0.20000000000000284,45.169322528757874,134217728,autoscale-python-pi,autoscale-python-pi-cpu,server_0,1683514558624
2026-07-07 18:18:40.603948,0.0,0.20000000000000284,45.17612407748213,134217728,autoscale-python-pi,autoscale-python-pi-cpu,server_0,1683514562272
2026-07-07 18:18:40.603956,0.0,0.20000000000000284,45.1787369245718,134217728,autoscale-python-pi,autoscale-python-pi-cpu,server_0,1683514322544
2026-07-07 18:18:40.604006,0.0,0.20000000000000284,45.205150949547864,134217728,autoscale-python-pi,autoscale-python-pi-cpu,server_0,1683514916944
2026-07-07 18:18:40.604087,0.0,0.20000000000000284,45.23523626814989,134217728,autoscale-python-pi,autoscale-python-pi-cpu,server_0,1683514918848
2026-07-07 18:18:40.604096,0.0,0.20000000000000284,45.23733950320856,134217728,autoscale-python-pi,autoscale-python-pi-cpu,server_0,1683514605056
2026-07-07 18:18:40.604104,0.0,0.20000000000000284,45.24561297683679,134217728,autoscale-python-pi,autoscale-python-pi-cpu,server_0,1683514712912
2026-07-07 18:18:40.604112,0.0,0.20000000000000284,45.28258125294101,134217728,autoscale-python-pi,autoscale-python-pi-cpu,server_0,1683514715792
2026-07-07 18:18:40.604120,0.0,0.20000000000000284,45.2887041159747,134217728,autoscale-python-pi,autoscale-python-pi-cpu,server_0,1683514558624
2026-07-07 18:18:40.604172,0.0,0.20000000000000284,45.327493625677185,134217728,autoscale-python-pi,autoscale-python-pi-cpu,server_0,1683514562272
2026-07-07 18:18:40.604202,0.0,0.20000000000000284,45.33167714744882,134217728,autoscale-python-pi,autoscale-python-pi-cpu,server_0,1683514322544
2026-07-07 18:18:40.604210,0.0,0.20000000000000284,45.3357447450313,134217728,autoscale-python-pi,autoscale-python-pi-cpu,server_0,1683514916944
2026-07-07 18:18:40.604427,0.0,0.20000000000000284,45.386215943488324,134217728,autoscale-python-pi,autoscale-python-pi-cpu,server_0,1683514918848
2026-07-07 18:18:40.604478,0.0,0.20000000000000284,45.402239649150026,134217728,autoscale-python-pi,autoscale-python-pi-cpu,server_0,1683514605056
2026-07-07 18:18:40.604493,0.0,0.20000000000000284,45.40954863290669,134217728,autoscale-python-pi,autoscale-python-pi-cpu,server_0,1683514712912
2026-07-07 18:18:40.604506,0.0,0.20000000000000284,45.42287524220046,134217728,autoscale-python-pi,autoscale-python-pi-cpu,server_0,1683514715792
2026-07-07 18:18:40.604518,0.0,0.20000000000000284,45.425722699352434,134217728,autoscale-python-pi,autoscale-python-pi-cpu,server_0,1683514558624
2026-07-07 18:18:40.604742,0.0,0.20000000000000284,45.49964533991402,134217728,autoscale-python-pi,autoscale-python-pi-cpu,server_0,1683514562272
2026-07-07 18:18:40.604759,0.0,0.20000000000000284,45.50217821497071,134217728,autoscale-python-pi,autoscale-python-pi-cpu,server_0,1683514322544
2026-07-07 18:18:40.604772,0.0,0.20000000000000284,45.528237382735064,134217728,autoscale-python-pi,autoscale-python-pi-cpu,server_0,1683514916944
2026-07-07 18:18:40.604786,0.0,0.20000000000000284,45.54234512393422,134217728,autoscale-python-pi,autoscale-python-pi-cpu,server_0,1683514918848
2026-07-07 18:18:40.604834,0.0,0.20000000000000284,45.547906609052205,134217728,autoscale-python-pi,autoscale-python-pi-cpu,server_0,1683514605056
2026-07-07 18:18:40.604847,0.0,0.20000000000000284,45.5573665106712,134217728,autoscale-python-pi,autoscale-python-pi-cpu,server_0,1683514712912
2026-07-07 18:18:40.604860,0.0,0.20000000000000284,45.56303395631285,134217728,autoscale-python-pi,autoscale-python-pi-cpu,server_0,1683514715792
2026-07-07 18:18:40.604873,0.0,0.20000000000000284,45.56391280196786,134217728,autoscale-python-pi,autoscale-python-pi-cpu,server_0,1683514558624
2026-07-07 18:18:40.604920,0.0,0.20000000000000284,45.59183253193205,134217728,autoscale-python-pi,autoscale-python-pi-cpu,server_0,1683514562272
2026-07-07 18:18:40.604974,0.0,0.20000000000000284,45.63151436947642,134217728,autoscale-python-pi,autoscale-python-pi-cpu,server_0,1683514322544
2026-07-07 18:18:40.604989,0.0,0.20000000000000284,45.658403486087266,134217728,autoscale-python-pi,autoscale-python-pi-cpu,server_0,1683514916944
2026-07-07 18:18:40.605071,0.0,0.20000000000000284,45.67372512468932,134217728,autoscale-python-pi,autoscale-python-pi-cpu,server_0,1683514918848
2026-07-07 18:18:40.605084,0.0,0.20000000000000284,45.67834312380415,134217728,autoscale-python-pi,autoscale-python-pi-cpu,server_0,1683514605056
2026-07-07 18:18:40.605100,0.0,0.20000000000000284,45.67999015223057,134217728,autoscale-python-pi,autoscale-python-pi-cpu,server_0,1683514712912
2026-07-07 18:18:40.605113,0.0,0.20000000000000284,45.68375516630069,134217728,autoscale-python-pi,autoscale-python-pi-cpu,server_0,1683514715792
2026-07-07 18:18:40.605231,0.0,0.20000000000000284,45.74733224919061,134217728,autoscale-python-pi,autoscale-python-pi-cpu,server_0,1683514558624
2026-07-07 18:18:40.605318,0.0,0.20000000000000284,45.77567748753047,134217728,autoscale-python-pi,autoscale-python-pi-cpu,server_0,1683514562272
2026-07-07 18:18:40.605551,0.0,0.20000000000000284,45.80361760120888,134217728,autoscale-python-pi,autoscale-python-pi-cpu,server_0,1683514322544
2026-07-07 18:18:40.605666,0.0,0.20000000000000284,45.859130189292216,134217728,autoscale-python-pi,autoscale-python-pi-cpu,server_0,1683514916944
2026-07-07 18:18:40.605683,0.0,0.20000000000000284,45.862554134258126,134217728,autoscale-python-pi,autoscale-python-pi-cpu,server_0,1683514918848
2026-07-07 18:18:40.605701,0.0,0.20000000000000284,45.890104039554316,134217728,autoscale-python-pi,autoscale-python-pi-cpu,server_0,1683514605056
2026-07-07 18:18:40.605713,0.0,0.20000000000000284,45.91546115529655,134217728,autoscale-python-pi,autoscale-python-pi-cpu,server_0,1683514712912
2026-07-07 18:18:40.605759,0.0,0.20000000000000284,45.926111370863374,134217728,autoscale-python-pi,autoscale-python-pi-cpu,server_0,1683514715792
2026-07-07 18:18:40.605864,0.0,0.20000000000000284,45.97539525928243,134217728,autoscale-python-pi,autoscale-python-pi-cpu,server_0,1683514558624
2026-07-07 18:18:40.605941,0.0,0.20000000000000284,46.036028410201986,134217728,autoscale-python-pi,autoscale-python-pi-cpu,server_0,1683514562272
2026-07-07 18:18:40.606022,0.0,0.20000000000000284,46.0512750780613,134217728,autoscale-python-pi,autoscale-python-pi-cpu,server_0,1683514322544
2026-07-07 18:18:40.606035,0.0,0.20000000000000284,46.053125241080416,134217728,autoscale-python-pi,autoscale-python-pi-cpu,server_0,1683514916944
2026-07-07 18:18:40.606047,0.0,0.20000000000000284,46.12520184408935,134217728,autoscale-python-pi,autoscale-python-pi-cpu,server_0,1683514918848
2026-07-07 18:18:40.606108,0.0,0.20000000000000284,46.132704041841045,134217728,autoscale-python-pi,autoscale-python-pi-cpu,server_0,1683514605056
2026-07-07 18:18:40.606173,0.0,0.20000000000000284,46.13433257517743,134217728,autoscale-python-pi,autoscale-python-pi-cpu,server_0,1683514712912
2026-07-07 18:18:40.606186,0.0,0.20000000000000284,46.1517274771283,134217728,autoscale-python-pi,autoscale-python-pi-cpu,server_0,1683514715792
2026-07-07 18:18:40.606413,0.0,0.20000000000000284,46.21305436308741,134217728,autoscale-python-pi,autoscale-python-pi-cpu,server_0,1683514558624
2026-07-07 18:18:40.606428,0.0,0.20000000000000284,46.21412486301941,134217728,autoscale-python-pi,autoscale-python-pi-cpu,server_0,1683514562272
2026-07-07 18:18:40.606442,0.0,0.20000000000000284,46.23971984543228,134217728,autoscale-python-pi,autoscale-python-pi-cpu,server_0,1683514322544
2026-07-07 18:18:40.606456,0.0,0.20000000000000284,46.24469628443682,134217728,autoscale-python-pi,autoscale-python-pi-cpu,server_0,1683514916944
2026-07-07 18:18:40.606551,0.0,0.20000000000000284,46.32914723896137,134217728,autoscale-python-pi,autoscale-python-pi-cpu,server_0,1683514918848
2026-07-07 18:18:40.606564,0.0,0.20000000000000284,46.333405528576364,134217728,autoscale-python-pi,autoscale-python-pi-cpu,server_0,1683514605056
2026-07-07 18:18:40.606577,0.0,0.20000000000000284,46.36254153313793,134217728,autoscale-python-pi,autoscale-python-pi-cpu,server_0,1683514712912
2026-07-07 18:18:40.606589,0.0,0.20000000000000284,46.36390525028924,134217728,autoscale-python-pi,autoscale-python-pi-cpu,server_0,1683514715792
2026-07-07 18:18:40.606634,0.0,0.20000000000000284,46.384835118724986,134217728,autoscale-python-pi,autoscale-python-pi-cpu,server_0,1683514558624
2026-07-07 18:18:40.606648,0.0,0.20000000000000284,46.39558369345936,134217728,autoscale-python-pi,autoscale-python-pi-cpu,server_0,1683514562272
2026-07-07 18:18:40.606694,0.0,0.20000000000000284,46.40479524746692,134217728,autoscale-python-pi,autoscale-python-pi-cpu,server_0,1683514322544
2026-07-07 18:18:40.606707,0.0,0.20000000000000284,46.41070082095075,134217728,autoscale-python-pi,autoscale-python-pi-cpu,server_0,1683514916944
2026-07-07 18:18:40.606755,0.0,0.20000000000000284,46.4861114358821,134217728,autoscale-python-pi,autoscale-python-pi-cpu,server_0,1683514918848
2026-07-07 18:18:40.606806,0.0,0.20000000000000284,46.50378654146285,134217728,autoscale-python-pi,autoscale-python-pi-cpu,server_0,1683514605056
2026-07-07 18:18:40.606966,0.0,0.20000000000000284,46.569397650721776,134217728,autoscale-python-pi,autoscale-python-pi-cpu,server_0,1683514712912
2026-07-07 18:18:40.607058,0.0,0.20000000000000284,46.59571055388451,134217728,autoscale-python-pi,autoscale-python-pi-cpu,server_0,1683514715792
2026-07-07 18:18:40.607073,0.0,0.20000000000000284,46.61966155773941,134217728,autoscale-python-pi,autoscale-python-pi-cpu,server_0,1683514558624
2026-07-07 18:18:40.607137,0.0,0.20000000000000284,46.687851914402245,134217728,autoscale-python-pi,autoscale-python-pi-cpu,server_0,1683514562272
2026-07-07 18:18:40.607170,0.0,0.20000000000000284,46.703848100109376,134217728,autoscale-python-pi,autoscale-python-pi-cpu,server_0,1683514322544
2026-07-07 18:18:40.607179,0.0,0.20000000000000284,46.710018864333435,134217728,autoscale-python-pi,autoscale-python-pi-cpu,server_0,1683514916944
2026-07-07 18:18:40.607209,0.0,0.20000000000000284,46.74232560104289,134217728,autoscale-python-pi,autoscale-python-pi-cpu,server_0,1683514918848
2026-07-07 18:18:40.607278,0.0,0.20000000000000284,46.7655312323141,134217728,autoscale-python-pi,autoscale-python-pi-cpu,server_0,1683514605056
2026-07-07 18:18:40.607287,0.0,0.20000000000000284,46.78574453059177,134217728,autoscale-python-pi,autoscale-python-pi-cpu,server_0,1683514712912
2026-07-07 18:18:40.607507,0.0,0.20000000000000284,46.85563725516808,134217728,autoscale-python-pi,autoscale-python-pi-cpu,server_0,1683514715792
2026-07-07 18:18:40.607537,0.0,0.20000000000000284,46.877242780762494,134217728,autoscale-python-pi,autoscale-python-pi-cpu,server_0,1683514558624
2026-07-07 18:18:40.607571,0.0,0.20000000000000284,46.890619822445956,134217728,autoscale-python-pi,autoscale-python-pi-cpu,server_0,1683514562272
2026-07-07 18:18:40.607623,0.0,0.20000000000000284,46.93739714094953,134217728,autoscale-python-pi,autoscale-python-pi-cpu,server_0,1683514322544
2026-07-07 18:18:40.607632,0.0,0.20000000000000284,46.94328664548796,134217728,autoscale-python-pi,autoscale-python-pi-cpu,server_0,1683514916944
2026-07-07 18:18:40.607669,0.0,0.20000000000000284,46.94749370767277,134217728,autoscale-python-pi,autoscale-python-pi-cpu,server_0,1683514918848
2026-07-07 18:18:40.607772,0.0,0.20000000000000284,47.01382881909996,134217728,autoscale-python-pi,autoscale-python-pi-cpu,server_0,1683514605056
2026-07-07 18:18:40.607783,0.0,0.20000000000000284,47.02094498070687,134217728,autoscale-python-pi,autoscale-python-pi-cpu,server_0,1683514712912
2026-07-07 18:18:40.607816,0.0,0.20000000000000284,47.02368113131556,134217728,autoscale-python-pi,autoscale-python-pi-cpu,server_0,1683514715792
2026-07-07 18:18:40.607825,0.0,0.20000000000000284,47.047687058289796,134217728,autoscale-python-pi,autoscale-python-pi-cpu,server_0,1683514558624
2026-07-07 18:18:40.607833,0.0,0.20000000000000284,47.06811819326424,134217728,autoscale-python-pi,autoscale-python-pi-cpu,server_0,1683514562272
2026-07-07 18:18:40.607865,0.0,0.20000000000000284,47.08206506441914,134217728,autoscale-python-pi,autoscale-python-pi-cpu,server_0,1683514322544
2026-07-07 18:18:40.607874,0.0,0.20000000000000284,47.10037901757017,134217728,autoscale-python-pi,autoscale-python-pi-cpu,server_0,1683514916944
2026-07-07 18:18:40.607882,0.0,0.20000000000000284,47.13224289324024,134217728,autoscale-python-pi,autoscale-python-pi-cpu,server_0,1683514918848
2026-07-07 18:18:40.607891,0.0,0.20000000000000284,47.14355482665671,134217728,autoscale-python-pi,autoscale-python-pi-cpu,server_0,1683514605056
2026-07-07 18:18:40.607899,0.0,0.20000000000000284,47.15311641689956,134217728,autoscale-python-pi,autoscale-python-pi-cpu,server_0,1683514712912
2026-07-07 18:18:40.607930,0.0,0.20000000000000284,47.164664117676026,134217728,autoscale-python-pi,autoscale-python-pi-cpu,server_0,1683514715792
2026-07-07 18:18:40.607968,0.0,0.20000000000000284,47.20156985327061,134217728,autoscale-python-pi,autoscale-python-pi-cpu,server_0,1683514558624
2026-07-07 18:18:40.607976,0.0,0.20000000000000284,47.209997666639346,134217728,autoscale-python-pi,autoscale-python-pi-cpu,server_0,1683514562272
2026-07-07 18:18:40.607984,0.0,0.20000000000000284,47.22322775326473,134217728,autoscale-python-pi,autoscale-python-pi-cpu,server_0,1683514322544
2026-07-07 18:18:40.608015,0.0,0.20000000000000284,47.279703138963846,134217728,autoscale-python-pi,autoscale-python-pi-cpu,server_0,1683514916944
2026-07-07 18:18:40.608044,0.0,0.20000000000000284,47.35705571502754,134217728,autoscale-python-pi,autoscale-python-pi-cpu,server_0,1683514918848
2026-07-07 18:18:40.608073,0.0,0.20000000000000284,47.38272234667553,134217728,autoscale-python-pi,autoscale-python-pi-cpu,server_0,1683514605056
2026-07-07 18:18:40.608104,0.0,0.20000000000000284,47.439329518744856,134217728,autoscale-python-pi,autoscale-python-pi-cpu,server_0,1683514712912
2026-07-07 18:18:40.608221,0.0,0.20000000000000284,47.544331337341156,134217728,autoscale-python-pi,autoscale-python-pi-cpu,server_0,1683514715792
2026-07-07 18:18:40.608280,0.0,0.20000000000000284,47.57997754829652,134217728,autoscale-python-pi,autoscale-python-pi-cpu,server_0,1683514558624
2026-07-07 18:18:40.608309,0.0,0.20000000000000284,47.60912064187731,134217728,autoscale-python-pi,autoscale-python-pi-cpu,server_0,1683514562272
2026-07-07 18:18:40.608365,0.0,0.20000000000000284,47.66432198540239,134217728,autoscale-python-pi,autoscale-python-pi-cpu,server_0,1683514322544
2026-07-07 18:18:40.608377,0.0,0.20000000000000284,47.670200807354085,134217728,autoscale-python-pi,autoscale-python-pi-cpu,server_0,1683514916944
2026-07-07 18:18:40.608387,0.0,0.20000000000000284,47.72334443639337,134217728,autoscale-python-pi,autoscale-python-pi-cpu,server_0,1683514918848
2026-07-07 18:18:40.608395,0.0,0.20000000000000284,47.73841533586666,134217728,autoscale-python-pi,autoscale-python-pi-cpu,server_0,1683514605056
2026-07-07 18:18:40.608403,0.0,0.20000000000000284,47.73868951382712,134217728,autoscale-python-pi,autoscale-python-pi-cpu,server_0,1683514712912
2026-07-07 18:18:40.608435,0.0,0.20000000000000284,47.76485959863812,134217728,autoscale-python-pi,autoscale-python-pi-cpu,server_0,1683514715792
2026-07-07 18:18:40.608447,0.0,0.20000000000000284,47.77032524102588,134217728,autoscale-python-pi,autoscale-python-pi-cpu,server_0,1683514558624
2026-07-07 18:18:40.608677,0.0,0.20000000000000284,47.806136862923715,134217728,autoscale-python-pi,autoscale-python-pi-cpu,server_0,1683514562272
2026-07-07 18:18:40.608699,0.0,0.20000000000000284,47.814607204733186,134217728,autoscale-python-pi,autoscale-python-pi-cpu,server_0,1683514322544
2026-07-07 18:18:40.608717,0.0,0.20000000000000284,47.862785753759134,134217728,autoscale-python-pi,autoscale-python-pi-cpu,server_0,1683514916944
2026-07-07 18:18:40.608906,0.0,0.20000000000000284,47.96366954761358,134217728,autoscale-python-pi,autoscale-python-pi-cpu,server_0,1683514918848
2026-07-07 18:18:40.608923,0.0,0.20000000000000284,47.978818061113195,134217728,autoscale-python-pi,autoscale-python-pi-cpu,server_0,1683514605056
2026-07-07 18:18:40.608938,0.0,0.20000000000000284,47.9823282435029,134217728,autoscale-python-pi,autoscale-python-pi-cpu,server_0,1683514712912
2026-07-07 18:18:40.609109,0.0,0.20000000000000284,48.076936067911944,134217728,autoscale-python-pi,autoscale-python-pi-cpu,server_0,1683514715792
2026-07-07 18:18:40.609125,0.0,0.20000000000000284,48.08710173818853,134217728,autoscale-python-pi,autoscale-python-pi-cpu,server_0,1683514558624
2026-07-07 18:18:40.609143,0.0,0.20000000000000284,48.09044763739102,134217728,autoscale-python-pi,autoscale-python-pi-cpu,server_0,1683514562272
2026-07-07 18:18:40.609236,0.0,0.20000000000000284,48.13797230626381,134217728,autoscale-python-pi,autoscale-python-pi-cpu,server_0,1683514322544
2026-07-07 18:18:40.609252,0.0,0.20000000000000284,48.184518569615,134217728,autoscale-python-pi,autoscale-python-pi-cpu,server_0,1683514916944
2026-07-07 18:18:40.609342,0.0,0.20000000000000284,48.221595629622165,134217728,autoscale-python-pi,autoscale-python-pi-cpu,server_0,1683514918848
2026-07-07 18:18:40.609356,0.0,0.20000000000000284,48.22617227332455,134217728,autoscale-python-pi,autoscale-python-pi-cpu,server_0,1683514605056
2026-07-07 18:18:40.609408,0.0,0.20000000000000284,48.249078799624186,134217728,autoscale-python-pi,autoscale-python-pi-cpu,server_0,1683514712912
2026-07-07 18:18:40.609424,0.0,0.20000000000000284,48.29247876672023,134217728,autoscale-python-pi,autoscale-python-pi-cpu,server_0,1683514715792
2026-07-07 18:18:40.609483,0.0,0.20000000000000284,48.32176570496256,134217728,autoscale-python-pi,autoscale-python-pi-cpu,server_0,1683514558624
2026-07-07 18:18:40.609620,0.0,0.20000000000000284,48.387331075970664,134217728,autoscale-python-pi,autoscale-python-pi-cpu,server_0,1683514562272
2026-07-07 18:18:40.609677,0.0,0.20000000000000284,48.4079388876539,134217728,autoscale-python-pi,autoscale-python-pi-cpu,server_0,1683514322544
2026-07-07 18:18:40.609771,0.0,0.20000000000000284,48.443940230267586,134217728,autoscale-python-pi,autoscale-python-pi-cpu,server_0,1683514916944
2026-07-07 18:18:40.609904,0.0,0.20000000000000284,48.51327264732306,134217728,autoscale-python-pi,autoscale-python-pi-cpu,server_0,1683514918848
2026-07-07 18:18:40.610027,0.0,0.20000000000000284,48.547376424144545,134217728,autoscale-python-pi,autoscale-python-pi-cpu,server_0,1683514605056
2026-07-07 18:18:40.610084,0.0,0.20000000000000284,48.568445330844234,134217728,autoscale-python-pi,autoscale-python-pi-cpu,server_0,1683514712912
2026-07-07 18:18:40.610093,0.0,0.20000000000000284,48.57543330971574,134217728,autoscale-python-pi,autoscale-python-pi-cpu,server_0,1683514715792
2026-07-07 18:18:40.610102,0.0,0.20000000000000284,48.59775495643592,134217728,autoscale-python-pi,autoscale-python-pi-cpu,server_0,1683514558624
2026-07-07 18:18:40.610137,0.0,0.20000000000000284,48.62395241644541,134217728,autoscale-python-pi,autoscale-python-pi-cpu,server_0,1683514562272
2026-07-07 18:18:40.610145,0.0,0.20000000000000284,48.62409059570714,134217728,autoscale-python-pi,autoscale-python-pi-cpu,server_0,1683514322544
2026-07-07 18:18:40.610224,0.0,0.20000000000000284,48.67248000671567,134217728,autoscale-python-pi,autoscale-python-pi-cpu,server_0,1683514916944
2026-07-07 18:18:40.610344,0.0,0.20000000000000284,48.70119371719642,134217728,autoscale-python-pi,autoscale-python-pi-cpu,server_0,1683514918848
2026-07-07 18:18:40.610418,0.0,0.20000000000000284,48.711678388338186,134217728,autoscale-python-pi,autoscale-python-pi-cpu,server_0,1683514605056
2026-07-07 18:18:40.610448,0.0,0.20000000000000284,48.727441749486125,134217728,autoscale-python-pi,autoscale-python-pi-cpu,server_0,1683514712912
2026-07-07 18:18:40.610457,0.0,0.20000000000000284,48.74236109438068,134217728,autoscale-python-pi,autoscale-python-pi-cpu,server_0,1683514715792
2026-07-07 18:18:40.610467,0.0,0.20000000000000284,48.745132309734295,134217728,autoscale-python-pi,autoscale-python-pi-cpu,server_0,1683514558624
2026-07-07 18:18:40.610475,0.0,0.20000000000000284,48.760675915730864,134217728,autoscale-python-pi,autoscale-python-pi-cpu,server_0,1683514562272
2026-07-07 18:18:40.610505,0.0,0.20000000000000284,48.76430747433426,134217728,autoscale-python-pi,autoscale-python-pi-cpu,server_0,1683514322544
2026-07-07 18:18:40.610732,0.0,0.20000000000000284,48.80867355831161,134217728,autoscale-python-pi,autoscale-python-pi-cpu,server_0,1683514916944
2026-07-07 18:18:40.610766,0.0,0.20000000000000284,48.83358224552098,134217728,autoscale-python-pi,autoscale-python-pi-cpu,server_0,1683514918848
2026-07-07 18:18:40.610776,0.0,0.20000000000000284,48.849034070887335,134217728,autoscale-python-pi,autoscale-python-pi-cpu,server_0,1683514605056
2026-07-07 18:18:40.610806,0.0,0.20000000000000284,48.8633332651481,134217728,autoscale-python-pi,autoscale-python-pi-cpu,server_0,1683514712912
2026-07-07 18:18:40.610835,0.0,0.20000000000000284,48.882250520639,134217728,autoscale-python-pi,autoscale-python-pi-cpu,server_0,1683514715792
2026-07-07 18:18:40.610844,0.0,0.20000000000000284,48.885664252666075,134217728,autoscale-python-pi,autoscale-python-pi-cpu,server_0,1683514558624
2026-07-07 18:18:40.610852,0.0,0.20000000000000284,48.88819410121965,134217728,autoscale-python-pi,autoscale-python-pi-cpu,server_0,1683514562272
2026-07-07 18:18:40.610881,0.0,0.20000000000000284,48.90367984125253,134217728,autoscale-python-pi,autoscale-python-pi-cpu,server_0,1683514322544
2026-07-07 18:18:40.610891,0.0,0.20000000000000284,48.90702283376396,134217728,autoscale-python-pi,autoscale-python-pi-cpu,server_0,1683514916944
2026-07-07 18:18:40.610900,0.0,0.20000000000000284,48.90825047281579,134217728,autoscale-python-pi,autoscale-python-pi-cpu,server_0,1683514918848
2026-07-07 18:18:40.610907,0.0,0.20000000000000284,48.91310590557945,134217728,autoscale-python-pi,autoscale-python-pi-cpu,server_0,1683514605056
2026-07-07 18:18:40.611045,0.0,0.20000000000000284,48.962818724135346,134217728,autoscale-python-pi,autoscale-python-pi-cpu,server_0,1683514712912
2026-07-07 18:18:40.611085,0.0,0.20000000000000284,48.984593228283835,134217728,autoscale-python-pi,autoscale-python-pi-cpu,server_0,1683514715792
2026-07-07 18:18:40.611094,0.0,0.20000000000000284,48.995003986638785,134217728,autoscale-python-pi,autoscale-python-pi-cpu,server_0,1683514558624
2026-07-07 18:18:40.611102,0.0,0.20000000000000284,48.99659830964977,134217728,autoscale-python-pi,autoscale-python-pi-cpu,server_0,1683514562272
2026-07-07 18:18:40.611110,0.0,0.20000000000000284,49.00089217619341,134217728,autoscale-python-pi,autoscale-python-pi-cpu,server_0,1683514322544
2026-07-07 18:18:40.611142,0.0,0.20000000000000284,49.01962984793178,134217728,autoscale-python-pi,autoscale-python-pi-cpu,server_0,1683514916944
2026-07-07 18:18:40.611153,0.0,0.20000000000000284,49.05309217519526,134217728,autoscale-python-pi,autoscale-python-pi-cpu,server_0,1683514918848
2026-07-07 18:18:40.611182,0.0,0.20000000000000284,49.078360834025204,134217728,autoscale-python-pi,autoscale-python-pi-cpu,server_0,1683514605056
2026-07-07 18:18:40.611246,0.0,0.20000000000000284,49.09458243370683,134217728,autoscale-python-pi,autoscale-python-pi-cpu,server_0,1683514712912
2026-07-07 18:18:40.611282,0.0,0.20000000000000284,49.11684825542736,134217728,autoscale-python-pi,autoscale-python-pi-cpu,server_0,1683514715792
2026-07-07 18:18:40.611291,0.0,0.20000000000000284,49.1178377076267,134217728,autoscale-python-pi,autoscale-python-pi-cpu,server_0,1683514558624
2026-07-07 18:18:40.611302,0.0,0.20000000000000284,49.11940385709466,134217728,autoscale-python-pi,autoscale-python-pi-cpu,server_0,1683514562272
2026-07-07 18:18:40.611335,0.0,0.20000000000000284,49.13967254329095,134217728,autoscale-python-pi,autoscale-python-pi-cpu,server_0,1683514322544
2026-07-07 18:18:40.611343,0.0,0.20000000000000284,49.167014179135144,134217728,autoscale-python-pi,autoscale-python-pi-cpu,server_0,1683514916944
2026-07-07 18:18:40.611393,0.0,0.20000000000000284,49.20807546875525,134217728,autoscale-python-pi,autoscale-python-pi-cpu,server_0,1683514918848
2026-07-07 18:18:40.611422,0.0,0.20000000000000284,49.26876517820019,134217728,autoscale-python-pi,autoscale-python-pi-cpu,server_0,1683514605056
2026-07-07 18:18:40.611468,0.0,0.20000000000000284,49.28191516425872,134217728,autoscale-python-pi,autoscale-python-pi-cpu,server_0,1683514712912
2026-07-07 18:18:40.611482,0.0,0.20000000000000284,49.28255070838319,134217728,autoscale-python-pi,autoscale-python-pi-cpu,server_0,1683514715792
2026-07-07 18:18:40.611638,0.0,0.20000000000000284,49.303542774810516,134217728,autoscale-python-pi,autoscale-python-pi-cpu,server_0,1683514558624
2026-07-07 18:18:40.611647,0.0,0.20000000000000284,49.33027525465706,134217728,autoscale-python-pi,autoscale-python-pi-cpu,server_0,1683514562272
2026-07-07 18:18:40.611696,0.0,0.20000000000000284,49.369707779851545,134217728,autoscale-python-pi,autoscale-python-pi-cpu,server_0,1683514322544
2026-07-07 18:18:40.611725,0.0,0.20000000000000284,49.39020530120701,134217728,autoscale-python-pi,autoscale-python-pi-cpu,server_0,1683514916944
2026-07-07 18:18:40.611801,0.0,0.20000000000000284,49.45358014992642,134217728,autoscale-python-pi,autoscale-python-pi-cpu,server_0,1683514918848
2026-07-07 18:18:40.611831,0.0,0.20000000000000284,49.477848019359456,134217728,autoscale-python-pi,autoscale-python-pi-cpu,server_0,1683514605056
2026-07-07 18:18:40.611843,0.0,0.20000000000000284,49.490746926962714,134217728,autoscale-python-pi,autoscale-python-pi-cpu,server_0,1683514712912
2026-07-07 18:18:40.611852,0.0,0.20000000000000284,49.49153402593055,134217728,autoscale-python-pi,autoscale-python-pi-cpu,server_0,1683514715792
2026-07-07 18:18:40.611882,0.0,0.20000000000000284,49.49370017490159,134217728,autoscale-python-pi,autoscale-python-pi-cpu,server_0,1683514558624
2026-07-07 18:18:40.611890,0.0,0.20000000000000284,49.49384658406944,134217728,autoscale-python-pi,autoscale-python-pi-cpu,server_0,1683514562272
2026-07-07 18:18:40.611919,0.0,0.20000000000000284,49.50190064095007,134217728,autoscale-python-pi,autoscale-python-pi-cpu,server_0,1683514322544
2026-07-07 18:18:40.611928,0.0,0.20000000000000284,49.560524572452785,134217728,autoscale-python-pi,autoscale-python-pi-cpu,server_0,1683514916944
2026-07-07 18:18:40.611936,0.0,0.20000000000000284,49.56170453685074,134217728,autoscale-python-pi,autoscale-python-pi-cpu,server_0,1683514918848
2026-07-07 18:18:40.611944,0.0,0.20000000000000284,49.577790702143474,134217728,autoscale-python-pi,autoscale-python-pi-cpu,server_0,1683514605056
2026-07-07 18:18:40.611973,0.0,0.20000000000000284,49.59748170067232,134217728,autoscale-python-pi,autoscale-python-pi-cpu,server_0,1683514712912
2026-07-07 18:18:40.612005,0.0,0.20000000000000284,49.61955267839857,134217728,autoscale-python-pi,autoscale-python-pi-cpu,server_0,1683514715792
2026-07-07 18:18:40.612013,0.0,0.20000000000000284,49.64756158252497,134217728,autoscale-python-pi,autoscale-python-pi-cpu,server_0,1683514558624
2026-07-07 18:18:40.612070,0.0,0.20000000000000284,49.668367301906606,134217728,autoscale-python-pi,autoscale-python-pi-cpu,server_0,1683514562272
2026-07-07 18:18:40.612079,0.0,0.20000000000000284,49.69201438478389,134217728,autoscale-python-pi,autoscale-python-pi-cpu,server_0,1683514322544
2026-07-07 18:18:40.612087,0.0,0.20000000000000284,49.700970427436076,134217728,autoscale-python-pi,autoscale-python-pi-cpu,server_0,1683514916944
2026-07-07 18:18:40.612096,0.0,0.20000000000000284,49.79326630687043,134217728,autoscale-python-pi,autoscale-python-pi-cpu,server_0,1683514918848
2026-07-07 18:18:40.612258,0.0,0.20000000000000284,49.818013546672816,134217728,autoscale-python-pi,autoscale-python-pi-cpu,server_0,1683514605056
2026-07-07 18:18:40.612299,0.0,0.20000000000000284,49.8507872680439,134217728,autoscale-python-pi,autoscale-python-pi-cpu,server_0,1683514712912
2026-07-07 18:18:40.612308,0.0,0.20000000000000284,49.852702193931485,134217728,autoscale-python-pi,autoscale-python-pi-cpu,server_0,1683514715792
2026-07-07 18:18:40.612509,0.0,0.20000000000000284,50.02780809393067,134217728,autoscale-python-pi,autoscale-python-pi-cpu,server_0,1683514558624
2026-07-07 18:18:40.612519,0.0,0.20000000000000284,50.05299160786616,134217728,autoscale-python-pi,autoscale-python-pi-cpu,server_0,1683514562272
2026-07-07 18:18:40.612528,0.0,0.20000000000000284,50.06234513244474,134217728,autoscale-python-pi,autoscale-python-pi-cpu,server_0,1683514322544
2026-07-07 18:18:40.612536,0.0,0.20000000000000284,50.09438840959488,134217728,autoscale-python-pi,autoscale-python-pi-cpu,server_0,1683514916944
2026-07-07 18:18:40.612665,0.0,0.20000000000000284,50.16561600174041,134217728,autoscale-python-pi,autoscale-python-pi-cpu,server_0,1683514918848
2026-07-07 18:18:40.612726,0.0,0.20000000000000284,50.18376469832766,134217728,autoscale-python-pi,autoscale-python-pi-cpu,server_0,1683514605056
2026-07-07 18:18:40.612743,0.0,0.20000000000000284,50.19267125726744,134217728,autoscale-python-pi,autoscale-python-pi-cpu,server_0,1683514712912
2026-07-07 18:18:40.612837,0.0,0.20000000000000284,50.21880396420345,134217728,autoscale-python-pi,autoscale-python-pi-cpu,server_0,1683514715792
2026-07-07 18:18:40.613021,0.0,0.20000000000000284,50.29621673691214,134217728,autoscale-python-pi,autoscale-python-pi-cpu,server_0,1683514558624
2026-07-07 18:18:40.613200,0.0,0.20000000000000284,50.33508992445981,134217728,autoscale-python-pi,autoscale-python-pi-cpu,server_0,1683514562272
2026-07-07 18:18:40.613330,0.0,0.20000000000000284,50.35812599634925,134217728,autoscale-python-pi,autoscale-python-pi-cpu,server_0,1683514322544
2026-07-07 18:18:40.613364,0.0,0.20000000000000284,50.36443934544426,134217728,autoscale-python-pi,autoscale-python-pi-cpu,server_0,1683514916944
2026-07-07 18:18:40.613395,0.0,0.20000000000000284,50.37278204994072,134217728,autoscale-python-pi,autoscale-python-pi-cpu,server_0,1683514918848
2026-07-07 18:18:40.613450,0.0,0.20000000000000284,50.410255412074584,134217728,autoscale-python-pi,autoscale-python-pi-cpu,server_0,1683514605056
2026-07-07 18:18:40.613459,0.0,0.20000000000000284,50.41769352866198,134217728,autoscale-python-pi,autoscale-python-pi-cpu,server_0,1683514712912
2026-07-07 18:18:40.613467,0.0,0.20000000000000284,50.42224833495944,134217728,autoscale-python-pi,autoscale-python-pi-cpu,server_0,1683514715792
2026-07-07 18:18:40.613497,0.0,0.20000000000000284,50.45185032514893,134217728,autoscale-python-pi,autoscale-python-pi-cpu,server_0,1683514558624
2026-07-07 18:18:40.613506,0.0,0.20000000000000284,50.45631613402514,134217728,autoscale-python-pi,autoscale-python-pi-cpu,server_0,1683514562272
2026-07-07 18:18:40.613535,0.0,0.20000000000000284,50.47654036331526,134217728,autoscale-python-pi,autoscale-python-pi-cpu,server_0,1683514322544
2026-07-07 18:18:40.613544,0.0,0.20000000000000284,50.49904140768504,134217728,autoscale-python-pi,autoscale-python-pi-cpu,server_0,1683514916944
2026-07-07 18:18:40.613574,0.0,0.20000000000000284,50.5125071342289,134217728,autoscale-python-pi,autoscale-python-pi-cpu,server_0,1683514918848
2026-07-07 18:18:40.613582,0.0,0.20000000000000284,50.512767371073096,134217728,autoscale-python-pi,autoscale-python-pi-cpu,server_0,1683514605056
2026-07-07 18:18:40.613589,0.0,0.20000000000000284,50.51427800671876,134217728,autoscale-python-pi,autoscale-python-pi-cpu,server_0,1683514712912
2026-07-07 18:18:40.613642,0.0,0.20000000000000284,50.540091552931976,134217728,autoscale-python-pi,autoscale-python-pi-cpu,server_0,1683514715792
2026-07-07 18:18:40.613650,0.0,0.20000000000000284,50.54330033300632,134217728,autoscale-python-pi,autoscale-python-pi-cpu,server_0,1683514558624
2026-07-07 18:18:40.613727,0.0,0.20000000000000284,50.55306161250826,134217728,autoscale-python-pi,autoscale-python-pi-cpu,server_0,1683514562272
2026-07-07 18:18:40.613736,0.0,0.20000000000000284,50.56264811188057,134217728,autoscale-python-pi,autoscale-python-pi-cpu,server_0,1683514322544
2026-07-07 18:18:40.613744,0.0,0.20000000000000284,50.56596563417559,134217728,autoscale-python-pi,autoscale-python-pi-cpu,server_0,1683514916944
2026-07-07 18:18:40.613752,0.0,0.20000000000000284,50.593248534968566,134217728,autoscale-python-pi,autoscale-python-pi-cpu,server_0,1683514918848
2026-07-07 18:18:40.613788,0.0,0.20000000000000284,50.60383328487464,134217728,autoscale-python-pi,autoscale-python-pi-cpu,server_0,1683514605056
2026-07-07 18:18:40.613857,0.0,0.20000000000000284,50.63273123459793,134217728,autoscale-python-pi,autoscale-python-pi-cpu,server_0,1683514712912
2026-07-07 18:18:40.613886,0.0,0.20000000000000284,50.67170600526992,134217728,autoscale-python-pi,autoscale-python-pi-cpu,server_0,1683514715792
2026-07-07 18:18:40.613943,0.0,0.20000000000000284,50.70848425077647,134217728,autoscale-python-pi,autoscale-python-pi-cpu,server_0,1683514558624
2026-07-07 18:18:40.613972,0.0,0.20000000000000284,50.71661586699563,134217728,autoscale-python-pi,autoscale-python-pi-cpu,server_0,1683514562272
2026-07-07 18:18:40.613981,0.0,0.20000000000000284,50.72789522301471,134217728,autoscale-python-pi,autoscale-python-pi-cpu,server_0,1683514322544
2026-07-07 18:18:40.613989,0.0,0.20000000000000284,50.744582975967596,134217728,autoscale-python-pi,autoscale-python-pi-cpu,server_0,1683514916944
2026-07-07 18:18:40.614019,0.0,0.20000000000000284,50.7460718058015,134217728,autoscale-python-pi,autoscale-python-pi-cpu,server_0,1683514918848
2026-07-07 18:18:40.614027,0.0,0.20000000000000284,50.75086061966818,134217728,autoscale-python-pi,autoscale-python-pi-cpu,server_0,1683514605056
2026-07-07 18:18:40.614208,0.0,0.20000000000000284,50.802766314840575,134217728,autoscale-python-pi,autoscale-python-pi-cpu,server_0,1683514712912
2026-07-07 18:18:40.614237,0.0,0.20000000000000284,50.80406982071162,134217728,autoscale-python-pi,autoscale-python-pi-cpu,server_0,1683514715792
2026-07-07 18:18:40.614293,0.0,0.20000000000000284,50.82112154534223,134217728,autoscale-python-pi,autoscale-python-pi-cpu,server_0,1683514558624
2026-07-07 18:18:40.614310,0.0,0.20000000000000284,50.82712763221547,134217728,autoscale-python-pi,autoscale-python-pi-cpu,server_0,1683514562272
2026-07-07 18:18:40.614428,0.0,0.20000000000000284,50.86814306732562,134217728,autoscale-python-pi,autoscale-python-pi-cpu,server_0,1683514322544
2026-07-07 18:18:40.614527,0.0,0.20000000000000284,50.886974262892245,134217728,autoscale-python-pi,autoscale-python-pi-cpu,server_0,1683514916944
2026-07-07 18:18:40.614565,0.0,0.20000000000000284,50.90416613706203,134217728,autoscale-python-pi,autoscale-python-pi-cpu,server_0,1683514918848
2026-07-07 18:18:40.614576,0.0,0.20000000000000284,50.90849779615816,134217728,autoscale-python-pi,autoscale-python-pi-cpu,server_0,1683514605056
2026-07-07 18:18:40.614630,0.0,0.20000000000000284,50.94588107311273,134217728,autoscale-python-pi,autoscale-python-pi-cpu,server_0,1683514712912
2026-07-07 18:18:40.614639,0.0,0.20000000000000284,50.971053885704016,134217728,autoscale-python-pi,autoscale-python-pi-cpu,server_0,1683514715792
2026-07-07 18:18:40.614690,0.0,0.20000000000000284,50.99938043286464,134217728,autoscale-python-pi,autoscale-python-pi-cpu,server_0,1683514558624
2026-07-07 18:18:40.614747,0.0,0.20000000000000284,51.01739843025478,134217728,autoscale-python-pi,autoscale-python-pi-cpu,server_0,1683514562272
2026-07-07 18:18:40.614892,0.0,0.20000000000000284,51.038093388033985,134217728,autoscale-python-pi,autoscale-python-pi-cpu,server_0,1683514322544
2026-07-07 18:18:40.614902,0.0,0.20000000000000284,51.05967028668566,134217728,autoscale-python-pi,autoscale-python-pi-cpu,server_0,1683514916944
2026-07-07 18:18:40.614933,0.0,0.20000000000000284,51.07786037215815,134217728,autoscale-python-pi,autoscale-python-pi-cpu,server_0,1683514918848
2026-07-07 18:18:40.614943,0.0,0.20000000000000284,51.079695475664366,134217728,autoscale-python-pi,autoscale-python-pi-cpu,server_0,1683514605056
2026-07-07 18:18:40.614951,0.0,0.20000000000000284,51.087831317926565,134217728,autoscale-python-pi,autoscale-python-pi-cpu,server_0,1683514712912
2026-07-07 18:18:40.614981,0.0,0.20000000000000284,51.10914363046886,134217728,autoscale-python-pi,autoscale-python-pi-cpu,server_0,1683514715792
2026-07-07 18:18:40.615010,0.0,0.20000000000000284,51.140665097427,134217728,autoscale-python-pi,autoscale-python-pi-cpu,server_0,1683514558624
2026-07-07 18:18:40.615082,0.0,0.20000000000000284,51.171900150701084,134217728,autoscale-python-pi,autoscale-python-pi-cpu,server_0,1683514562272
2026-07-07 18:18:40.615111,0.0,0.20000000000000284,51.186595297680185,134217728,autoscale-python-pi,autoscale-python-pi-cpu,server_0,1683514322544
2026-07-07 18:18:40.615141,0.0,0.20000000000000284,51.20690039782571,134217728,autoscale-python-pi,autoscale-python-pi-cpu,server_0,1683514916944
2026-07-07 18:18:40.615150,0.0,0.20000000000000284,51.21688748516448,134217728,autoscale-python-pi,autoscale-python-pi-cpu,server_0,1683514918848
2026-07-07 18:18:40.615158,0.0,0.20000000000000284,51.22333025109002,134217728,autoscale-python-pi,autoscale-python-pi-cpu,server_0,1683514605056
2026-07-07 18:18:40.615191,0.0,0.20000000000000284,51.224951743364855,134217728,autoscale-python-pi,autoscale-python-pi-cpu,server_0,1683514712912
2026-07-07 18:18:40.615275,0.0,0.20000000000000284,51.231064459669504,134217728,autoscale-python-pi,autoscale-python-pi-cpu,server_0,1683514715792
2026-07-07 18:18:40.615406,0.0,0.20000000000000284,51.27746314479307,134217728,autoscale-python-pi,autoscale-python-pi-cpu,server_0,1683514558624
2026-07-07 18:18:40.615445,0.0,0.20000000000000284,51.30348790811687,134217728,autoscale-python-pi,autoscale-python-pi-cpu,server_0,1683514562272
2026-07-07 18:18:40.615457,0.0,0.20000000000000284,51.33294693672476,134217728,autoscale-python-pi,autoscale-python-pi-cpu,server_0,1683514322544
2026-07-07 18:18:40.615489,0.0,0.20000000000000284,51.35484553679128,134217728,autoscale-python-pi,autoscale-python-pi-cpu,server_0,1683514916944
2026-07-07 18:18:40.615502,0.0,0.20000000000000284,51.358999882453034,134217728,autoscale-python-pi,autoscale-python-pi-cpu,server_0,1683514918848
2026-07-07 18:18:40.615510,0.0,0.20000000000000284,51.36139138706285,134217728,autoscale-python-pi,autoscale-python-pi-cpu,server_0,1683514605056
2026-07-07 18:18:40.615518,0.0,0.20000000000000284,51.37713054946774,134217728,autoscale-python-pi,autoscale-python-pi-cpu,server_0,1683514712912
2026-07-07 18:18:40.615530,0.0,0.20000000000000284,51.38687601915046,134217728,autoscale-python-pi,autoscale-python-pi-cpu,server_0,1683514715792
2026-07-07 18:18:40.615538,0.0,0.20000000000000284,51.4262542352059,134217728,autoscale-python-pi,autoscale-python-pi-cpu,server_0,1683514558624
2026-07-07 18:18:40.615590,0.0,0.20000000000000284,51.43646737155657,134217728,autoscale-python-pi,autoscale-python-pi-cpu,server_0,1683514562272
2026-07-07 18:18:40.615601,0.0,0.20000000000000284,51.44279249295399,134217728,autoscale-python-pi,autoscale-python-pi-cpu,server_0,1683514322544
2026-07-07 18:18:40.615612,0.0,0.20000000000000284,51.44935860549387,134217728,autoscale-python-pi,autoscale-python-pi-cpu,server_0,1683514916944
2026-07-07 18:18:40.615651,0.0,0.20000000000000284,51.49559321183765,134217728,autoscale-python-pi,autoscale-python-pi-cpu,server_0,1683514918848
2026-07-07 18:18:40.615684,0.0,0.20000000000000284,51.54403653184395,134217728,autoscale-python-pi,autoscale-python-pi-cpu,server_0,1683514605056
2026-07-07 18:18:40.615908,0.0,0.20000000000000284,51.63270608032178,134217728,autoscale-python-pi,autoscale-python-pi-cpu,server_0,1683514712912
2026-07-07 18:18:40.615918,0.0,0.20000000000000284,51.65106541745091,134217728,autoscale-python-pi,autoscale-python-pi-cpu,server_0,1683514715792
2026-07-07 18:18:40.616017,0.0,0.20000000000000284,51.739855957511956,134217728,autoscale-python-pi,autoscale-python-pi-cpu,server_0,1683514558624
2026-07-07 18:18:40.616071,0.0,0.20000000000000284,51.76139024733839,134217728,autoscale-python-pi,autoscale-python-pi-cpu,server_0,1683514562272
2026-07-07 18:18:40.616081,0.0,0.20000000000000284,51.7615488324822,134217728,autoscale-python-pi,autoscale-python-pi-cpu,server_0,1683514322544
2026-07-07 18:18:40.616089,0.0,0.20000000000000284,51.761978783388805,134217728,autoscale-python-pi,autoscale-python-pi-cpu,server_0,1683514916944
2026-07-07 18:18:40.616098,0.0,0.20000000000000284,51.76905896282111,134217728,autoscale-python-pi,autoscale-python-pi-cpu,server_0,1683514918848
2026-07-07 18:18:40.616107,0.0,0.20000000000000284,51.775898516451925,134217728,autoscale-python-pi,autoscale-python-pi-cpu,server_0,1683514605056
2026-07-07 18:18:40.616287,0.0,0.20000000000000284,51.80461425533675,134217728,autoscale-python-pi,autoscale-python-pi-cpu,server_0,1683514712912
2026-07-07 18:18:40.616297,0.0,0.20000000000000284,51.806813380178816,134217728,autoscale-python-pi,autoscale-python-pi-cpu,server_0,1683514715792
2026-07-07 18:18:40.616332,0.0,0.20000000000000284,51.81284640120379,134217728,autoscale-python-pi,autoscale-python-pi-cpu,server_0,1683514558624
2026-07-07 18:18:40.616341,0.0,0.20000000000000284,51.82647758847631,134217728,autoscale-python-pi,autoscale-python-pi-cpu,server_0,1683514562272
2026-07-07 18:18:40.616350,0.0,0.20000000000000284,51.82693284965452,134217728,autoscale-python-pi,autoscale-python-pi-cpu,server_0,1683514322544
2026-07-07 18:18:40.616426,0.0,0.20000000000000284,51.86294858931716,134217728,autoscale-python-pi,autoscale-python-pi-cpu,server_0,1683514916944
2026-07-07 18:18:40.616459,0.0,0.20000000000000284,51.90474866179895,134217728,autoscale-python-pi,autoscale-python-pi-cpu,server_0,1683514918848
2026-07-07 18:18:40.616468,0.0,0.20000000000000284,51.91140891049939,134217728,autoscale-python-pi,autoscale-python-pi-cpu,server_0,1683514605056
2026-07-07 18:18:40.616520,0.0,0.20000000000000284,51.926241843782925,134217728,autoscale-python-pi,autoscale-python-pi-cpu,server_0,1683514712912
2026-07-07 18:18:40.616590,0.0,0.20000000000000284,51.95155691399031,134217728,autoscale-python-pi,autoscale-python-pi-cpu,server_0,1683514715792
2026-07-07 18:18:40.616599,0.0,0.20000000000000284,51.95768593453878,134217728,autoscale-python-pi,autoscale-python-pi-cpu,server_0,1683514558624
2026-07-07 18:18:40.616609,0.0,0.20000000000000284,51.98412977835222,134217728,autoscale-python-pi,autoscale-python-pi-cpu,server_0,1683514562272
2026-07-07 18:18:40.616684,0.0,0.20000000000000284,52.00827506039703,134217728,autoscale-python-pi,autoscale-python-pi-cpu,server_0,1683514322544
2026-07-07 18:18:40.616693,0.0,0.20000000000000284,52.03853302848024,134217728,autoscale-python-pi,autoscale-python-pi-cpu,server_0,1683514916944
2026-07-07 18:18:40.616723,0.0,0.20000000000000284,52.04830230663651,134217728,autoscale-python-pi,autoscale-python-pi-cpu,server_0,1683514918848
2026-07-07 18:18:40.616775,0.0,0.20000000000000284,52.06229347092925,134217728,autoscale-python-pi,autoscale-python-pi-cpu,server_0,1683514605056
2026-07-07 18:18:40.616784,0.0,0.20000000000000284,52.080405105685685,134217728,autoscale-python-pi,autoscale-python-pi-cpu,server_0,1683514712912
2026-07-07 18:18:40.616792,0.0,0.20000000000000284,52.12164178144661,134217728,autoscale-python-pi,autoscale-python-pi-cpu,server_0,1683514715792
2026-07-07 18:18:40.616800,0.0,0.20000000000000284,52.124799504757306,134217728,autoscale-python-pi,autoscale-python-pi-cpu,server_0,1683514558624
2026-07-07 18:18:40.616808,0.0,0.20000000000000284,52.13237225014279,134217728,autoscale-python-pi,autoscale-python-pi-cpu,server_0,1683514562272
2026-07-07 18:18:40.616816,0.0,0.20000000000000284,52.13380624732828,134217728,autoscale-python-pi,autoscale-python-pi-cpu,server_0,1683514322544
2026-07-07 18:18:40.616824,0.0,0.20000000000000284,52.14960644118717,134217728,autoscale-python-pi,autoscale-python-pi-cpu,server_0,1683514916944
2026-07-07 18:18:40.616907,0.0,0.20000000000000284,52.19235684826882,134217728,autoscale-python-pi,autoscale-python-pi-cpu,server_0,1683514918848
2026-07-07 18:18:40.616921,0.0,0.20000000000000284,52.19308939709681,134217728,autoscale-python-pi,autoscale-python-pi-cpu,server_0,1683514605056
2026-07-07 18:18:40.616962,0.0,0.20000000000000284,52.202861869357314,134217728,autoscale-python-pi,autoscale-python-pi-cpu,server_0,1683514712912
2026-07-07 18:18:40.617017,0.0,0.20000000000000284,52.245550697856444,134217728,autoscale-python-pi,autoscale-python-pi-cpu,server_0,1683514715792
2026-07-07 18:18:40.617027,0.0,0.20000000000000284,52.250672686634275,134217728,autoscale-python-pi,autoscale-python-pi-cpu,server_0,1683514558624
2026-07-07 18:18:40.617035,0.0,0.20000000000000284,52.255569578289055,134217728,autoscale-python-pi,autoscale-python-pi-cpu,server_0,1683514562272
2026-07-07 18:18:40.617064,0.0,0.20000000000000284,52.372398138983336,134217728,autoscale-python-pi,autoscale-python-pi-cpu,server_0,1683514322544
2026-07-07 18:18:40.617073,0.0,0.20000000000000284,52.38873993263881,134217728,autoscale-python-pi,autoscale-python-pi-cpu,server_0,1683514916944
2026-07-07 18:18:40.617081,0.0,0.20000000000000284,52.39317715672305,134217728,autoscale-python-pi,autoscale-python-pi-cpu,server_0,1683514918848
2026-07-07 18:18:40.617089,0.0,0.20000000000000284,52.428559234203156,134217728,autoscale-python-pi,autoscale-python-pi-cpu,server_0,1683514605056
2026-07-07 18:18:40.617097,0.0,0.20000000000000284,52.44072396605217,134217728,autoscale-python-pi,autoscale-python-pi-cpu,server_0,1683514712912
2026-07-07 18:18:40.617228,0.0,0.20000000000000284,52.494950327525245,134217728,autoscale-python-pi,autoscale-python-pi-cpu,server_0,1683514715792
2026-07-07 18:18:40.617374,0.0,0.20000000000000284,52.64717166945742,134217728,autoscale-python-pi,autoscale-python-pi-cpu,server_0,1683514558624
2026-07-07 18:18:40.617418,0.0,0.20000000000000284,52.65846839574902,134217728,autoscale-python-pi,autoscale-python-pi-cpu,server_0,1683514562272
2026-07-07 18:18:40.617429,0.0,0.20000000000000284,52.68258677345087,134217728,autoscale-python-pi,autoscale-python-pi-cpu,server_0,1683514322544
2026-07-07 18:18:40.617445,0.0,0.20000000000000284,52.68939853239488,134217728,autoscale-python-pi,autoscale-python-pi-cpu,server_0,1683514916944
2026-07-07 18:18:40.617461,0.0,0.20000000000000284,52.69492649184186,134217728,autoscale-python-pi,autoscale-python-pi-cpu,server_0,1683514918848
2026-07-07 18:18:40.617475,0.0,0.20000000000000284,52.703003558468694,134217728,autoscale-python-pi,autoscale-python-pi-cpu,server_0,1683514605056
2026-07-07 18:18:40.617588,0.0,0.20000000000000284,52.74076413811152,134217728,autoscale-python-pi,autoscale-python-pi-cpu,server_0,1683514712912
2026-07-07 18:18:40.617609,0.0,0.20000000000000284,52.76668635963126,134217728,autoscale-python-pi,autoscale-python-pi-cpu,server_0,1683514715792
2026-07-07 18:18:40.617629,0.0,0.20000000000000284,52.79866517786303,134217728,autoscale-python-pi,autoscale-python-pi-cpu,server_0,1683514558624
2026-07-07 18:18:40.617898,0.0,0.20000000000000284,52.80716476768231,134217728,autoscale-python-pi,autoscale-python-pi-cpu,server_0,1683514562272
2026-07-07 18:18:40.617950,0.0,0.20000000000000284,52.828693755435026,134217728,autoscale-python-pi,autoscale-python-pi-cpu,server_0,1683514322544
2026-07-07 18:18:40.618024,0.0,0.20000000000000284,52.85676476031981,134217728,autoscale-python-pi,autoscale-python-pi-cpu,server_0,1683514916944
2026-07-07 18:18:40.618104,0.0,0.20000000000000284,52.90625194636931,134217728,autoscale-python-pi,autoscale-python-pi-cpu,server_0,1683514918848
2026-07-07 18:18:40.618167,0.0,0.20000000000000284,52.93297420315548,134217728,autoscale-python-pi,autoscale-python-pi-cpu,server_0,1683514605056
2026-07-07 18:18:40.618413,0.0,0.20000000000000284,53.02537537467186,134217728,autoscale-python-pi,autoscale-python-pi-cpu,server_0,1683514712912
2026-07-07 18:18:40.618444,0.0,0.20000000000000284,53.053754599797365,134217728,autoscale-python-pi,autoscale-python-pi-cpu,server_0,1683514715792
2026-07-07 18:18:40.618467,0.0,0.20000000000000284,53.0559955515496,134217728,autoscale-python-pi,autoscale-python-pi-cpu,server_0,1683514558624
2026-07-07 18:18:40.618487,0.0,0.20000000000000284,53.07284453273171,134217728,autoscale-python-pi,autoscale-python-pi-cpu,server_0,1683514562272
2026-07-07 18:18:40.618505,0.0,0.20000000000000284,53.09990795479517,134217728,autoscale-python-pi,autoscale-python-pi-cpu,server_0,1683514322544
2026-07-07 18:18:40.618597,0.0,0.20000000000000284,53.120809800103714,134217728,autoscale-python-pi,autoscale-python-pi-cpu,server_0,1683514916944
2026-07-07 18:18:40.618714,0.0,0.20000000000000284,53.18559567302345,134217728,autoscale-python-pi,autoscale-python-pi-cpu,server_0,1683514918848
2026-07-07 18:18:40.619175,0.0,0.20000000000000284,53.19848624567777,134217728,autoscale-python-pi,autoscale-python-pi-cpu,server_0,1683514605056
2026-07-07 18:18:40.619218,0.0,0.20000000000000284,53.20659938156235,134217728,autoscale-python-pi,autoscale-python-pi-cpu,server_0,1683514712912
2026-07-07 18:18:40.619662,0.0,0.20000000000000284,53.307175049077706,134217728,autoscale-python-pi,autoscale-python-pi-cpu,server_0,1683514715792
2026-07-07 18:18:40.619732,0.0,0.20000000000000284,53.36721264000135,134217728,autoscale-python-pi,autoscale-python-pi-cpu,server_0,1683514558624
2026-07-07 18:18:40.619743,0.0,0.20000000000000284,53.36726721525085,134217728,autoscale-python-pi,autoscale-python-pi-cpu,server_0,1683514562272
2026-07-07 18:18:40.619774,0.0,0.20000000000000284,53.394856902314935,134217728,autoscale-python-pi,autoscale-python-pi-cpu,server_0,1683514322544
2026-07-07 18:18:40.619784,0.0,0.20000000000000284,53.39516808639895,134217728,autoscale-python-pi,autoscale-python-pi-cpu,server_0,1683514916944
2026-07-07 18:18:40.619794,0.0,0.20000000000000284,53.43895341730243,134217728,autoscale-python-pi,autoscale-python-pi-cpu,server_0,1683514918848
2026-07-07 18:18:40.619804,0.0,0.20000000000000284,53.475285510177464,134217728,autoscale-python-pi,autoscale-python-pi-cpu,server_0,1683514605056
2026-07-07 18:18:40.619812,0.0,0.20000000000000284,53.476304720634744,134217728,autoscale-python-pi,autoscale-python-pi-cpu,server_0,1683514712912
2026-07-07 18:18:40.619821,0.0,0.20000000000000284,53.49348003015599,134217728,autoscale-python-pi,autoscale-python-pi-cpu,server_0,1683514715792
2026-07-07 18:18:40.619831,0.0,0.20000000000000284,53.50239038130602,134217728,autoscale-python-pi,autoscale-python-pi-cpu,server_0,1683514558624
2026-07-07 18:18:40.619838,0.0,0.20000000000000284,53.526716154609396,134217728,autoscale-python-pi,autoscale-python-pi-cpu,server_0,1683514562272
2026-07-07 18:18:40.619848,0.0,0.20000000000000284,53.538473160698715,134217728,autoscale-python-pi,autoscale-python-pi-cpu,server_0,1683514322544
2026-07-07 18:18:40.619860,0.0,0.20000000000000284,53.5918171212351,134217728,autoscale-python-pi,autoscale-python-pi-cpu,server_0,1683514916944
